展示名称,院校名称,院校 ID,院校曾用名,ID,创建人,创建时间,更新人,更新时间
南京航空航天大学,南京航空航天大学,1,,1785687483234362,纪嘉澍,2023-12-19 14:40,纪嘉澍,2023-12-19 14:40
合肥工业大学,合肥工业大学,2,,1785687483243546,纪嘉澍,2023-12-19 14:40,纪嘉澍,2023-12-19 14:40
西北农林科技大学,西北农林科技大学,3,,1785687483238506,纪嘉澍,2023-12-19 14:40,纪嘉澍,2023-12-19 14:40
湖南师范大学,湖南师范大学,4,,1785687483236442,纪嘉澍,2023-12-19 14:40,纪嘉澍,2023-12-19 14:40
苏州大学,苏州大学,5,,1785687483248666,纪嘉澍,2023-12-19 14:40,纪嘉澍,2023-12-19 14:40
西安电子科技大学,西安电子科技大学,6,,1785687483238490,纪嘉澍,2023-12-19 14:40,纪嘉澍,2023-12-19 14:40
河海大学,河海大学,7,,1785687483234330,纪嘉澍,2023-12-19 14:40,纪嘉澍,2023-12-19 14:40
中南财经政法大学,中南财经政法大学,8,,1785687483247642,纪嘉澍,2023-12-19 14:40,纪嘉澍,2023-12-19 14:40
郑州大学,郑州大学,9,,1785687483247658,纪嘉澍,2023-12-19 14:40,纪嘉澍,2023-12-19 14:40
华南师范大学,华南师范大学,10,,1785687483245610,纪嘉澍,2023-12-19 14:40,纪嘉澍,2023-12-19 14:40
西南财经大学,西南财经大学,11,,1785687483232282,纪嘉澍,2023-12-19 14:40,纪嘉澍,2023-12-19 14:40
南昌大学,南昌大学,12,,1785687483243562,纪嘉澍,2023-12-19 14:40,纪嘉澍,2023-12-19 14:40
东华大学,东华大学,13,,1785687483230218,纪嘉澍,2023-12-19 14:40,纪嘉澍,2023-12-19 14:40
上海大学,上海大学,14,,1785687483455504,纪嘉澍,2023-12-19 14:40,纪嘉澍,2023-12-19 14:40
北京化工大学,北京化工大学,15,,1785687483247626,纪嘉澍,2023-12-19 14:40,纪嘉澍,2023-12-19 14:40
贵州建设职业技术学院,贵州建设职业技术学院,16,,1785687483232314,纪嘉澍,2023-12-19 14:40,纪嘉澍,2023-12-19 14:40
毕节医学高等专科学校,毕节医学高等专科学校,17,,1785687483245578,纪嘉澍,2023-12-19 14:40,纪嘉澍,2023-12-19 14:40
黔南民族幼儿师范高等专科学校,黔南民族幼儿师范高等专科学校,18,,1785687483230250,纪嘉澍,2023-12-19 14:40,纪嘉澍,2023-12-19 14:40
铜仁幼儿师范高等专科学校,铜仁幼儿师范高等专科学校,19,,1785687483233322,纪嘉澍,2023-12-19 14:40,纪嘉澍,2023-12-19 14:40
贵阳幼儿师范高等专科学校,贵阳幼儿师范高等专科学校,20,,1785687483235418,纪嘉澍,2023-12-19 14:40,纪嘉澍,2023-12-19 14:40
四川应用技术职业学院,四川应用技术职业学院,21,,1785687483241562,纪嘉澍,2023-12-19 14:40,纪嘉澍,2023-12-19 14:40
成都工贸职业技术学院,成都工贸职业技术学院,22,,1785687483236474,纪嘉澍,2023-12-19 14:40,纪嘉澍,2023-12-19 14:40
四川西南航空职业学院,四川西南航空职业学院,23,,1785687483245594,纪嘉澍,2023-12-19 14:40,纪嘉澍,2023-12-19 14:40
成都工业职业技术学院,成都工业职业技术学院,24,,1785687483246634,纪嘉澍,2023-12-19 14:40,纪嘉澍,2023-12-19 14:40
四川护理职业学院,四川护理职业学院,25,,1785687483235434,纪嘉澍,2023-12-19 14:40,纪嘉澍,2023-12-19 14:40
川南幼儿师范高等专科学校,川南幼儿师范高等专科学校,26,,1785687483234314,纪嘉澍,2023-12-19 14:40,纪嘉澍,2023-12-19 14:40
成都信息工程大学银杏酒店管理学院,成都信息工程大学银杏酒店管理学院,27,,1785687483244570,纪嘉澍,2023-12-19 14:40,纪嘉澍,2023-12-19 14:40
成都信息工程大学,成都信息工程大学,28,,1785687483230234,纪嘉澍,2023-12-19 14:40,纪嘉澍,2023-12-19 14:40
重庆护理职业学院,重庆护理职业学院,29,,1785687483233338,纪嘉澍,2023-12-19 14:40,纪嘉澍,2023-12-19 14:40
重庆资源与环境保护职业学院,重庆资源与环境保护职业学院,30,,1785687483235402,纪嘉澍,2023-12-19 14:40,纪嘉澍,2023-12-19 14:40
洛阳理工学院,洛阳理工学院,31,,1785687483231258,纪嘉澍,2023-12-19 14:40,纪嘉澍,2023-12-19 14:40
北京电子科技学院,北京电子科技学院,32,,1785687483231290,纪嘉澍,2023-12-19 14:40,纪嘉澍,2023-12-19 14:40
德州学院,德州学院,33,,1785687483237498,纪嘉澍,2023-12-19 14:40,纪嘉澍,2023-12-19 14:40
湖南工学院,湖南工学院,34,,1785687483248650,纪嘉澍,2023-12-19 14:40,纪嘉澍,2023-12-19 14:40
湖北医药学院,湖北医药学院,35,,1785687483239530,纪嘉澍,2023-12-19 14:40,纪嘉澍,2023-12-19 14:40
沈阳医学院,沈阳医学院,36,,1785687483233306,纪嘉澍,2023-12-19 14:40,纪嘉澍,2023-12-19 14:40
黄山学院,黄山学院,37,,1785687483241578,纪嘉澍,2023-12-19 14:40,纪嘉澍,2023-12-19 14:40
平顶山学院,平顶山学院,38,,1785687483244602,纪嘉澍,2023-12-19 14:40,纪嘉澍,2023-12-19 14:40
常州工学院,常州工学院,39,,1785687483229210,纪嘉澍,2023-12-19 14:40,纪嘉澍,2023-12-19 14:40
吉林工程技术师范学院,吉林工程技术师范学院,40,,1785687483243530,纪嘉澍,2023-12-19 14:40,纪嘉澍,2023-12-19 14:40
集宁师范学院,集宁师范学院,41,,1785687483246618,纪嘉澍,2023-12-19 14:40,纪嘉澍,2023-12-19 14:40
长沙学院,长沙学院,42,,1785687483239498,纪嘉澍,2023-12-19 14:40,纪嘉澍,2023-12-19 14:40
山东政法学院,山东政法学院,43,,1785687483240538,纪嘉澍,2023-12-19 14:40,纪嘉澍,2023-12-19 14:40
河北北方学院,河北北方学院,44,,1785687483237482,纪嘉澍,2023-12-19 14:40,纪嘉澍,2023-12-19 14:40
湖北第二师范学院,湖北第二师范学院,45,,1785687483240570,纪嘉澍,2023-12-19 14:40,纪嘉澍,2023-12-19 14:40
贵州水利水电职业技术学院,贵州水利水电职业技术学院,46,,1785687483241594,纪嘉澍,2023-12-19 14:40,纪嘉澍,2023-12-19 14:40
贵州工贸职业学院,贵州工贸职业学院,47,,1785687483455520,纪嘉澍,2023-12-19 14:40,纪嘉澍,2023-12-19 14:40
贵州工程职业学院,贵州工程职业学院,48,,1785687483231242,纪嘉澍,2023-12-19 14:40,纪嘉澍,2023-12-19 14:40
贵州农业职业学院,贵州农业职业学院,49,,1785687483238474,纪嘉澍,2023-12-19 14:40,纪嘉澍,2023-12-19 14:40
毕节幼儿师范高等专科学校,毕节幼儿师范高等专科学校,50,,1785687483240522,纪嘉澍,2023-12-19 14:40,纪嘉澍,2023-12-19 14:40
河南师范大学新联学院,河南师范大学新联学院,51,,1785687386784891,纪嘉澍,2023-12-19 14:40,纪嘉澍,2023-12-19 14:40
上海外国语大学贤达经济人文学院,上海外国语大学贤达经济人文学院,52,,1785687386776747,纪嘉澍,2023-12-19 14:40,纪嘉澍,2023-12-19 14:40
中山大学新华学院,中山大学新华学院,53,,1785687386781723,纪嘉澍,2023-12-19 14:40,纪嘉澍,2023-12-19 14:40
云南师范大学商学院,云南师范大学商学院,54,,1785687386785915,纪嘉澍,2023-12-19 14:40,纪嘉澍,2023-12-19 14:40
中国矿业大学(北京),中国矿业大学(北京),55,,1785687386779675,纪嘉澍,2023-12-19 14:40,纪嘉澍,2023-12-19 14:40
武汉华夏理工学院,武汉华夏理工学院,56,,1785687387014217,纪嘉澍,2023-12-19 14:40,纪嘉澍,2023-12-19 14:40
中国矿业大学徐海学院,中国矿业大学徐海学院,57,,1785687386783787,纪嘉澍,2023-12-19 14:40,纪嘉澍,2023-12-19 14:40
湖北经济学院法商学院,湖北经济学院法商学院,58,,1785687386780699,纪嘉澍,2023-12-19 14:40,纪嘉澍,2023-12-19 14:40
云南警官学院,云南警官学院,59,,1785687386775707,纪嘉澍,2023-12-19 14:40,纪嘉澍,2023-12-19 14:40
广州大学松田学院,广州大学松田学院,60,,1785687386786923,纪嘉澍,2023-12-19 14:40,纪嘉澍,2023-12-19 14:40
上海师范大学天华学院,上海师范大学天华学院,61,,1785687386786907,纪嘉澍,2023-12-19 14:40,纪嘉澍,2023-12-19 14:40
三峡大学科技学院,三峡大学科技学院,62,,1785687386781755,纪嘉澍,2023-12-19 14:40,纪嘉澍,2023-12-19 14:40
南京铁道职业技术学院,南京铁道职业技术学院,63,,1785687386785867,纪嘉澍,2023-12-19 14:40,纪嘉澍,2023-12-19 14:40
郑州科技学院,郑州科技学院,64,,1785687386776763,纪嘉澍,2023-12-19 14:40,纪嘉澍,2023-12-19 14:40
济南大学泉城学院,济南大学泉城学院,65,,1785687386782731,纪嘉澍,2023-12-19 14:40,纪嘉澍,2023-12-19 14:40
北京电影学院,北京电影学院,66,,1785687386780683,纪嘉澍,2023-12-19 14:40,纪嘉澍,2023-12-19 14:40
武汉工程大学邮电与信息工程学院,武汉工程大学邮电与信息工程学院,67,,1785687386775739,纪嘉澍,2023-12-19 14:40,纪嘉澍,2023-12-19 14:40
成都航空职业技术学院,成都航空职业技术学院,68,,1785687386786891,纪嘉澍,2023-12-19 14:40,纪嘉澍,2023-12-19 14:40
宁波大学科学技术学院,宁波大学科学技术学院,69,,1785687386780731,纪嘉澍,2023-12-19 14:40,纪嘉澍,2023-12-19 14:40
西安体育学院,西安体育学院,70,,1785687386779707,纪嘉澍,2023-12-19 14:40,纪嘉澍,2023-12-19 14:40
安徽水利水电职业技术学院,安徽水利水电职业技术学院,71,,1785687386784859,纪嘉澍,2023-12-19 14:40,纪嘉澍,2023-12-19 14:40
黑龙江职业学院,黑龙江职业学院,72,,1785687386777739,纪嘉澍,2023-12-19 14:40,纪嘉澍,2023-12-19 14:40
山东医学高等专科学校,山东医学高等专科学校,73,,1785687386776715,纪嘉澍,2023-12-19 14:40,纪嘉澍,2023-12-19 14:40
中国人民解放军装甲兵技术学院,中国人民解放军装甲兵技术学院,74,,1785687386786939,纪嘉澍,2023-12-19 14:40,纪嘉澍,2023-12-19 14:40
贵阳职业技术学院,贵阳职业技术学院,75,,1785687386784875,纪嘉澍,2023-12-19 14:40,纪嘉澍,2023-12-19 14:40
沈阳体育学院,沈阳体育学院,76,,1785687386775723,纪嘉澍,2023-12-19 14:40,纪嘉澍,2023-12-19 14:40
郑州升达经贸管理学院,郑州升达经贸管理学院,77,,1785687386782779,纪嘉澍,2023-12-19 14:40,纪嘉澍,2023-12-19 14:40
齐鲁理工学院,齐鲁理工学院,78,,1785687387013209,纪嘉澍,2023-12-19 14:40,纪嘉澍,2023-12-19 14:40
广东职业技术学院,广东职业技术学院,79,,1785687386781707,纪嘉澍,2023-12-19 14:40,纪嘉澍,2023-12-19 14:40
北京工业职业技术学院,北京工业职业技术学院,80,,1785687386782747,纪嘉澍,2023-12-19 14:40,纪嘉澍,2023-12-19 14:40
重庆三峡医药高等专科学校,重庆三峡医药高等专科学校,81,,1785687386783803,纪嘉澍,2023-12-19 14:40,纪嘉澍,2023-12-19 14:40
天津理工大学中环信息学院,天津理工大学中环信息学院,82,,1785687387013193,纪嘉澍,2023-12-19 14:40,纪嘉澍,2023-12-19 14:40
邢台职业技术学院,邢台职业技术学院,83,,1785687386785883,纪嘉澍,2023-12-19 14:40,纪嘉澍,2023-12-19 14:40
辽宁财贸学院,辽宁财贸学院,84,,1785687386779659,纪嘉澍,2023-12-19 14:40,纪嘉澍,2023-12-19 14:40
南京工业职业技术学院,南京工业职业技术学院,85,,1785687386777787,纪嘉澍,2023-12-19 14:40,纪嘉澍,2023-12-19 14:40
北京电子科技职业学院,北京电子科技职业学院,86,,1785687387013241,纪嘉澍,2023-12-19 14:40,纪嘉澍,2023-12-19 14:40
中南林业科技大学涉外学院,中南林业科技大学涉外学院,87,,1785687386777755,纪嘉澍,2023-12-19 14:40,纪嘉澍,2023-12-19 14:40
北京财贸职业学院,北京财贸职业学院,88,,1785687386774651,纪嘉澍,2023-12-19 14:40,纪嘉澍,2023-12-19 14:40
南京信息工程大学滨江学院,南京信息工程大学滨江学院,89,,1785687386783771,纪嘉澍,2023-12-19 14:40,纪嘉澍,2023-12-19 14:40
贵州大学科技学院,贵州大学科技学院,90,,1785687386779691,纪嘉澍,2023-12-19 14:40,纪嘉澍,2023-12-19 14:40
顺德职业技术学院,顺德职业技术学院,91,,1785687386785899,纪嘉澍,2023-12-19 14:40,纪嘉澍,2023-12-19 14:40
浙江师范大学行知学院,浙江师范大学行知学院,92,,1785687386775691,纪嘉澍,2023-12-19 14:40,纪嘉澍,2023-12-19 14:40
大连工业大学艺术与信息工程学院,大连工业大学艺术与信息工程学院,93,,1785687386782763,纪嘉澍,2023-12-19 14:40,纪嘉澍,2023-12-19 14:40
南京工业大学浦江学院,南京工业大学浦江学院,94,,1785687386776731,纪嘉澍,2023-12-19 14:40,纪嘉澍,2023-12-19 14:40
天津电子信息职业技术学院,天津电子信息职业技术学院,95,,1785687386780715,纪嘉澍,2023-12-19 14:40,纪嘉澍,2023-12-19 14:40
江门职业技术学院,江门职业技术学院,96,,1785687386783755,纪嘉澍,2023-12-19 14:40,纪嘉澍,2023-12-19 14:40
山东英才学院,山东英才学院,97,,1785687387013225,纪嘉澍,2023-12-19 14:40,纪嘉澍,2023-12-19 14:40
西安理工大学高科学院,西安理工大学高科学院,98,,1785687386781739,纪嘉澍,2023-12-19 14:40,纪嘉澍,2023-12-19 14:40
广东科技学院,广东科技学院,99,,1785687386777771,纪嘉澍,2023-12-19 14:40,纪嘉澍,2023-12-19 14:40
江汉大学文理学院,江汉大学文理学院,100,,1785687386784843,纪嘉澍,2023-12-19 14:40,纪嘉澍,2023-12-19 14:40
黑龙江工商学院,黑龙江工商学院,101,,1785687440627772,纪嘉澍,2023-12-19 14:40,纪嘉澍,2023-12-19 14:40
广东工贸职业技术学院,广东工贸职业技术学院,102,,1785687440612412,纪嘉澍,2023-12-19 14:40,纪嘉澍,2023-12-19 14:40
长春汽车工业高等专科学校,长春汽车工业高等专科学校,103,,1785687440613420,纪嘉澍,2023-12-19 14:40,纪嘉澍,2023-12-19 14:40
广东工程职业技术学院,广东工程职业技术学院,104,,1785687440612380,纪嘉澍,2023-12-19 14:40,纪嘉澍,2023-12-19 14:40
湖南工商大学北津学院,湖南工商大学北津学院,105,,1785687440625692,纪嘉澍,2023-12-19 14:40,纪嘉澍,2023-12-19 14:40
江苏师范大学科文学院,江苏师范大学科文学院,106,,1785687440619596,纪嘉澍,2023-12-19 14:40,纪嘉澍,2023-12-19 14:40
中国人民解放军海军工程大学,中国人民解放军海军工程大学,107,,1785687440629804,纪嘉澍,2023-12-19 14:40,纪嘉澍,2023-12-19 14:40
北京劳动保障职业学院,北京劳动保障职业学院,108,,1785687440612396,纪嘉澍,2023-12-19 14:40,纪嘉澍,2023-12-19 14:40
南京体育学院,南京体育学院,109,,1785687440627740,纪嘉澍,2023-12-19 14:40,纪嘉澍,2023-12-19 14:40
河北美术学院,河北美术学院,110,,1785687440616476,纪嘉澍,2023-12-19 14:40,纪嘉澍,2023-12-19 14:40
遵义医药高等专科学校,遵义医药高等专科学校,111,,1785687440807980,纪嘉澍,2023-12-19 14:40,纪嘉澍,2023-12-19 14:40
成都农业科技职业学院,成都农业科技职业学院,112,,1785687440614428,纪嘉澍,2023-12-19 14:40,纪嘉澍,2023-12-19 14:40
中国美术学院,中国美术学院,113,,1785687440806924,纪嘉澍,2023-12-19 14:40,纪嘉澍,2023-12-19 14:40
广西大学行健文理学院,广西大学行健文理学院,114,,1785687440624668,纪嘉澍,2023-12-19 14:40,纪嘉澍,2023-12-19 14:40
天津商务职业学院,天津商务职业学院,115,,1785687440614460,纪嘉澍,2023-12-19 14:40,纪嘉澍,2023-12-19 14:40
湖北师范大学文理学院,湖北师范大学文理学院,116,,1785687440809020,纪嘉澍,2023-12-19 14:40,纪嘉澍,2023-12-19 14:40
陕西财经职业技术学院,陕西财经职业技术学院,117,,1785687440626748,纪嘉澍,2023-12-19 14:40,纪嘉澍,2023-12-19 14:40
扬州环境资源职业技术学院,扬州环境资源职业技术学院,118,,1785687440615436,纪嘉澍,2023-12-19 14:40,纪嘉澍,2023-12-19 14:40
广东岭南职业技术学院,广东岭南职业技术学院,119,,1785687440629772,纪嘉澍,2023-12-19 14:40,纪嘉澍,2023-12-19 14:40
中央美术学院,中央美术学院,120,,1785687440620620,纪嘉澍,2023-12-19 14:40,纪嘉澍,2023-12-19 14:40
焦作大学,焦作大学,121,,1785687440616492,纪嘉澍,2023-12-19 14:40,纪嘉澍,2023-12-19 14:40
福州工商学院(原福建农林大学东方学院),福州工商学院(原福建农林大学东方学院),122,,1785687440614412,纪嘉澍,2023-12-19 14:40,纪嘉澍,2023-12-19 14:40
四川交通职业技术学院,四川交通职业技术学院,123,,1785687440627756,纪嘉澍,2023-12-19 14:40,纪嘉澍,2023-12-19 14:40
山东科技大学泰山科技学院,山东科技大学泰山科技学院,124,,1785687440617564,纪嘉澍,2023-12-19 14:40,纪嘉澍,2023-12-19 14:40
盐城师范学院,盐城师范学院,125,,1785687440621644,纪嘉澍,2023-12-19 14:40,纪嘉澍,2023-12-19 14:40
甘肃政法学院,甘肃政法学院,126,,1785687440615468,纪嘉澍,2023-12-19 14:40,纪嘉澍,2023-12-19 14:40
河西学院,河西学院,127,,1785687440618572,纪嘉澍,2023-12-19 14:40,纪嘉澍,2023-12-19 14:40
闽江学院,闽江学院,128,,1785687440615484,纪嘉澍,2023-12-19 14:40,纪嘉澍,2023-12-19 14:40
嘉兴学院,嘉兴学院,129,,1785687440808972,纪嘉澍,2023-12-19 14:40,纪嘉澍,2023-12-19 14:40
潍坊医学院,潍坊医学院,130,,1785687440617548,纪嘉澍,2023-12-19 14:40,纪嘉澍,2023-12-19 14:40
大理大学,大理大学,131,,1785687440615452,纪嘉澍,2023-12-19 14:40,纪嘉澍,2023-12-19 14:40
安徽科技学院,安徽科技学院,132,,1785687440621692,纪嘉澍,2023-12-19 14:40,纪嘉澍,2023-12-19 14:40
韩山师范学院,韩山师范学院,133,,1785687440617580,纪嘉澍,2023-12-19 14:40,纪嘉澍,2023-12-19 14:40
湖州师范学院,湖州师范学院,134,,1785687440622684,纪嘉澍,2023-12-19 14:40,纪嘉澍,2023-12-19 14:40
成都工业学院,成都工业学院,135,,1785687440616460,纪嘉澍,2023-12-19 14:40,纪嘉澍,2023-12-19 14:40
湖南科技学院,湖南科技学院,136,,1785687440613436,纪嘉澍,2023-12-19 14:40,纪嘉澍,2023-12-19 14:40
金陵科技学院,金陵科技学院,137,,1785687440619628,纪嘉澍,2023-12-19 14:40,纪嘉澍,2023-12-19 14:40
忻州师范学院,忻州师范学院,138,,1785687440610428,纪嘉澍,2023-12-19 14:40,纪嘉澍,2023-12-19 14:40
上海商学院,上海商学院,139,,1785687440810044,纪嘉澍,2023-12-19 14:40,纪嘉澍,2023-12-19 14:40
曲阜师范大学,曲阜师范大学,140,,1785687440812044,纪嘉澍,2023-12-19 14:40,纪嘉澍,2023-12-19 14:40
河北中医药大学,河北中医药大学,141,,1785687440628748,纪嘉澍,2023-12-19 14:40,纪嘉澍,2023-12-19 14:40
云南民族大学,云南民族大学,142,,1785687440613404,纪嘉澍,2023-12-19 14:40,纪嘉澍,2023-12-19 14:40
新疆医科大学,新疆医科大学,143,,1785687440626716,纪嘉澍,2023-12-19 14:40,纪嘉澍,2023-12-19 14:40
湖南科技大学,湖南科技大学,144,,1785687440625724,纪嘉澍,2023-12-19 14:40,纪嘉澍,2023-12-19 14:40
内蒙古工业大学,内蒙古工业大学,145,,1785687440612364,纪嘉澍,2023-12-19 14:40,纪嘉澍,2023-12-19 14:40
江苏师范大学,江苏师范大学,146,,1785687440624700,纪嘉澍,2023-12-19 14:40,纪嘉澍,2023-12-19 14:40
江西农业大学,江西农业大学,147,,1785687440623628,纪嘉澍,2023-12-19 14:40,纪嘉澍,2023-12-19 14:40
广西医科大学,广西医科大学,148,,1785687440806972,纪嘉澍,2023-12-19 14:40,纪嘉澍,2023-12-19 14:40
黑龙江中医药大学,黑龙江中医药大学,149,,1785687440811036,纪嘉澍,2023-12-19 14:40,纪嘉澍,2023-12-19 14:40
重庆邮电大学,重庆邮电大学,150,,1785687440618604,纪嘉澍,2023-12-19 14:40,纪嘉澍,2023-12-19 14:40
湖北工业大学,湖北工业大学,151,,1785687489716379,纪嘉澍,2023-12-19 14:40,纪嘉澍,2023-12-19 14:40
南通大学,南通大学,152,,1785687489716395,纪嘉澍,2023-12-19 14:40,纪嘉澍,2023-12-19 14:40
新疆农业大学,新疆农业大学,153,,1785687489717339,纪嘉澍,2023-12-19 14:40,纪嘉澍,2023-12-19 14:40
青岛理工大学,青岛理工大学,154,,1785687489722411,纪嘉澍,2023-12-19 14:40,纪嘉澍,2023-12-19 14:40
南京中医药大学,南京中医药大学,155,,1785687489718379,纪嘉澍,2023-12-19 14:40,纪嘉澍,2023-12-19 14:40
长沙理工大学,长沙理工大学,156,,1785687489711163,纪嘉澍,2023-12-19 14:40,纪嘉澍,2023-12-19 14:40
北京语言大学,北京语言大学,157,,1785687489721371,纪嘉澍,2023-12-19 14:40,纪嘉澍,2023-12-19 14:40
华东政法大学,华东政法大学,158,,1785687489722395,纪嘉澍,2023-12-19 14:40,纪嘉澍,2023-12-19 14:40
青岛科技大学,青岛科技大学,159,,1785687489712187,纪嘉澍,2023-12-19 14:40,纪嘉澍,2023-12-19 14:40
广东工业大学,广东工业大学,160,,1785687489712139,纪嘉澍,2023-12-19 14:40,纪嘉澍,2023-12-19 14:40
武汉科技大学,武汉科技大学,161,,1785687489714299,纪嘉澍,2023-12-19 14:40,纪嘉澍,2023-12-19 14:40
兰州交通大学,兰州交通大学,162,,1785687489720395,纪嘉澍,2023-12-19 14:40,纪嘉澍,2023-12-19 14:40
辽宁工程技术大学,辽宁工程技术大学,163,,1785687489711131,纪嘉澍,2023-12-19 14:40,纪嘉澍,2023-12-19 14:40
天津工业大学,天津工业大学,164,,1785687489713211,纪嘉澍,2023-12-19 14:40,纪嘉澍,2023-12-19 14:40
宁波大学,宁波大学,165,,1785687489722427,纪嘉澍,2023-12-19 14:40,纪嘉澍,2023-12-19 14:40
沈阳农业大学,沈阳农业大学,166,,1785687489714251,纪嘉澍,2023-12-19 14:40,纪嘉澍,2023-12-19 14:40
南京邮电大学,南京邮电大学,167,,1785687489712171,纪嘉澍,2023-12-19 14:40,纪嘉澍,2023-12-19 14:40
哈尔滨师范大学,哈尔滨师范大学,168,,1785687489717371,纪嘉澍,2023-12-19 14:40,纪嘉澍,2023-12-19 14:40
济南大学,济南大学,169,,1785687489719451,纪嘉澍,2023-12-19 14:40,纪嘉澍,2023-12-19 14:40
天津商业大学,天津商业大学,170,,1785687489713179,纪嘉澍,2023-12-19 14:40,纪嘉澍,2023-12-19 14:40
西安工业大学,西安工业大学,171,,1785687489716411,纪嘉澍,2023-12-19 14:40,纪嘉澍,2023-12-19 14:40
浙江海洋大学,浙江海洋大学,172,,1785687489715307,纪嘉澍,2023-12-19 14:40,纪嘉澍,2023-12-19 14:40
吉林财经大学,吉林财经大学,173,,1785687489713195,纪嘉澍,2023-12-19 14:40,纪嘉澍,2023-12-19 14:40
长春大学,长春大学,174,,1785687489718347,纪嘉澍,2023-12-19 14:40,纪嘉澍,2023-12-19 14:40
北方工业大学,北方工业大学,175,,1785687489718395,纪嘉澍,2023-12-19 14:40,纪嘉澍,2023-12-19 14:40
青海民族大学,青海民族大学,176,,1785687489715291,纪嘉澍,2023-12-19 14:40,纪嘉澍,2023-12-19 14:40
河北工程大学,河北工程大学,177,,1785687489719483,纪嘉澍,2023-12-19 14:40,纪嘉澍,2023-12-19 14:40
齐齐哈尔大学,齐齐哈尔大学,178,,1785687489711147,纪嘉澍,2023-12-19 14:40,纪嘉澍,2023-12-19 14:40
鲁东大学,鲁东大学,179,,1785687489710139,纪嘉澍,2023-12-19 14:40,纪嘉澍,2023-12-19 14:40
西北民族大学,西北民族大学,180,,1785687489719499,纪嘉澍,2023-12-19 14:40,纪嘉澍,2023-12-19 14:40
浙江中医药大学,浙江中医药大学,181,,1785687489720427,纪嘉澍,2023-12-19 14:40,纪嘉澍,2023-12-19 14:40
外交学院,外交学院,182,,1785687489715339,纪嘉澍,2023-12-19 14:40,纪嘉澍,2023-12-19 14:40
河南财经政法大学,河南财经政法大学,183,,1785687489716363,纪嘉澍,2023-12-19 14:40,纪嘉澍,2023-12-19 14:40
贵州医科大学,贵州医科大学,184,,1785687489715323,纪嘉澍,2023-12-19 14:40,纪嘉澍,2023-12-19 14:40
广东科学技术职业学院,广东科学技术职业学院,185,,1785687489714267,纪嘉澍,2023-12-19 14:40,纪嘉澍,2023-12-19 14:40
郑州铁路职业技术学院,郑州铁路职业技术学院,186,,1785687489710123,纪嘉澍,2023-12-19 14:40,纪嘉澍,2023-12-19 14:40
常州纺织服装职业技术学院,常州纺织服装职业技术学院,187,,1785687489717323,纪嘉澍,2023-12-19 14:40,纪嘉澍,2023-12-19 14:40
郑州电子信息职业技术学院,郑州电子信息职业技术学院,188,,1785687489719467,纪嘉澍,2023-12-19 14:40,纪嘉澍,2023-12-19 14:40
广州体育学院,广州体育学院,189,,1785687489721403,纪嘉澍,2023-12-19 14:40,纪嘉澍,2023-12-19 14:40
平顶山工业职业技术学院,平顶山工业职业技术学院,190,,1785687489720411,纪嘉澍,2023-12-19 14:40,纪嘉澍,2023-12-19 14:40
湖北交通职业技术学院,湖北交通职业技术学院,191,,1785687489721355,纪嘉澍,2023-12-19 14:40,纪嘉澍,2023-12-19 14:40
九江职业技术学院,九江职业技术学院,192,,1785687489720443,纪嘉澍,2023-12-19 14:40,纪嘉澍,2023-12-19 14:40
兰州理工大学技术工程学院,兰州理工大学技术工程学院,193,,1785687489712155,纪嘉澍,2023-12-19 14:40,纪嘉澍,2023-12-19 14:40
长沙理工大学城南学院,长沙理工大学城南学院,194,,1785687489714283,纪嘉澍,2023-12-19 14:40,纪嘉澍,2023-12-19 14:40
大连职业技术学院,大连职业技术学院,195,,1785687489722379,纪嘉澍,2023-12-19 14:40,纪嘉澍,2023-12-19 14:40
汉口学院,汉口学院,196,,1785687489718363,纪嘉澍,2023-12-19 14:40,纪嘉澍,2023-12-19 14:40
长江大学工程技术学院,长江大学工程技术学院,197,,1785687489713163,纪嘉澍,2023-12-19 14:40,纪嘉澍,2023-12-19 14:40
中国人民解放军军事交通学院,中国人民解放军军事交通学院,198,,1785687489721387,纪嘉澍,2023-12-19 14:40,纪嘉澍,2023-12-19 14:40
陕西航空职业技术学院,陕西航空职业技术学院,199,,1785687489711115,纪嘉澍,2023-12-19 14:40,纪嘉澍,2023-12-19 14:40
山东工商学院,山东工商学院,200,,1785687489717355,纪嘉澍,2023-12-19 14:40,纪嘉澍,2023-12-19 14:40
上海立信会计金融学院,上海立信会计金融学院,201,,1785687429521411,纪嘉澍,2023-12-19 14:40,纪嘉澍,2023-12-19 14:40
井冈山大学,井冈山大学,202,,1785687429521443,纪嘉澍,2023-12-19 14:40,纪嘉澍,2023-12-19 14:40
五邑大学,五邑大学,203,,1785687429520419,纪嘉澍,2023-12-19 14:40,纪嘉澍,2023-12-19 14:40
上海电机学院,上海电机学院,204,,1785687429518371,纪嘉澍,2023-12-19 14:40,纪嘉澍,2023-12-19 14:40
湖南文理学院,湖南文理学院,205,,1785687429521427,纪嘉澍,2023-12-19 14:40,纪嘉澍,2023-12-19 14:40
闽南师范大学,闽南师范大学,206,,1785687429525603,纪嘉澍,2023-12-19 14:40,纪嘉澍,2023-12-19 14:40
惠州学院,惠州学院,207,,1785687429523523,纪嘉澍,2023-12-19 14:40,纪嘉澍,2023-12-19 14:40
黄冈师范学院,黄冈师范学院,208,,1785687429518387,纪嘉澍,2023-12-19 14:40,纪嘉澍,2023-12-19 14:40
江苏理工学院,江苏理工学院,209,,1785687429523571,纪嘉澍,2023-12-19 14:40,纪嘉澍,2023-12-19 14:40
上海海关学院,上海海关学院,210,,1785687429517331,纪嘉澍,2023-12-19 14:40,纪嘉澍,2023-12-19 14:40
洛阳师范学院,洛阳师范学院,211,,1785687429529683,纪嘉澍,2023-12-19 14:40,纪嘉澍,2023-12-19 14:40
重庆文理学院,重庆文理学院,212,,1785687429527619,纪嘉澍,2023-12-19 14:40,纪嘉澍,2023-12-19 14:40
湖北民族大学,湖北民族大学,213,,1785687429529699,纪嘉澍,2023-12-19 14:40,纪嘉澍,2023-12-19 14:40
北京印刷学院,北京印刷学院,214,,1785687429527667,纪嘉澍,2023-12-19 14:40,纪嘉澍,2023-12-19 14:40
吉林农业科技学院,吉林农业科技学院,215,,1785687429527635,纪嘉澍,2023-12-19 14:40,纪嘉澍,2023-12-19 14:40
太原学院,太原学院,216,,1785687429517347,纪嘉澍,2023-12-19 14:40,纪嘉澍,2023-12-19 14:40
贵州理工学院,贵州理工学院,217,,1785687429526595,纪嘉澍,2023-12-19 14:40,纪嘉澍,2023-12-19 14:40
广东石油化工学院,广东石油化工学院,218,,1785687429525619,纪嘉澍,2023-12-19 14:40,纪嘉澍,2023-12-19 14:40
湘南学院,湘南学院,219,,1785687429520403,纪嘉澍,2023-12-19 14:40,纪嘉澍,2023-12-19 14:40
成都医学院,成都医学院,220,,1785687429521459,纪嘉澍,2023-12-19 14:40,纪嘉澍,2023-12-19 14:40
铜陵学院,铜陵学院,221,,1785687429522467,纪嘉澍,2023-12-19 14:40,纪嘉澍,2023-12-19 14:40
上饶师范学院,上饶师范学院,222,,1785687429525587,纪嘉澍,2023-12-19 14:40,纪嘉澍,2023-12-19 14:40
长治学院,长治学院,223,,1785687429528659,纪嘉澍,2023-12-19 14:40,纪嘉澍,2023-12-19 14:40
呼伦贝尔学院,呼伦贝尔学院,224,,1785687429524547,纪嘉澍,2023-12-19 14:40,纪嘉澍,2023-12-19 14:40
大庆师范学院,大庆师范学院,225,,1785687429524595,纪嘉澍,2023-12-19 14:40,纪嘉澍,2023-12-19 14:40
甘肃民族师范学院,甘肃民族师范学院,226,,1785687429520387,纪嘉澍,2023-12-19 14:40,纪嘉澍,2023-12-19 14:40
西藏藏医药大学,西藏藏医药大学,227,,1785687429520435,纪嘉澍,2023-12-19 14:40,纪嘉澍,2023-12-19 14:40
河南城建学院,河南城建学院,228,,1785687429524563,纪嘉澍,2023-12-19 14:40,纪嘉澍,2023-12-19 14:40
泰山学院,泰山学院,229,,1785687429518339,纪嘉澍,2023-12-19 14:40,纪嘉澍,2023-12-19 14:40
贵州商学院,贵州商学院,230,,1785687429524579,纪嘉澍,2023-12-19 14:40,纪嘉澍,2023-12-19 14:40
天津美术学院,天津美术学院,231,,1785687429523555,纪嘉澍,2023-12-19 14:40,纪嘉澍,2023-12-19 14:40
太原理工大学现代科技学院,太原理工大学现代科技学院,232,,1785687429528675,纪嘉澍,2023-12-19 14:40,纪嘉澍,2023-12-19 14:40
沈阳航空航天大学北方科技学院,沈阳航空航天大学北方科技学院,233,,1785687429526611,纪嘉澍,2023-12-19 14:40,纪嘉澍,2023-12-19 14:40
南宁职业技术学院,南宁职业技术学院,234,,1785687429527651,纪嘉澍,2023-12-19 14:40,纪嘉澍,2023-12-19 14:40
长江职业学院,长江职业学院,235,,1785687429522435,纪嘉澍,2023-12-19 14:40,纪嘉澍,2023-12-19 14:40
四川美术学院,四川美术学院,236,,1785687429523539,纪嘉澍,2023-12-19 14:40,纪嘉澍,2023-12-19 14:40
山东商业职业技术学院,山东商业职业技术学院,237,,1785687429518355,纪嘉澍,2023-12-19 14:40,纪嘉澍,2023-12-19 14:40
沈阳科技学院,沈阳科技学院,238,,1785687429529715,纪嘉澍,2023-12-19 14:40,纪嘉澍,2023-12-19 14:40
中国人民解放军军械工程学院,中国人民解放军军械工程学院,239,,1785687429530787,纪嘉澍,2023-12-19 14:40,纪嘉澍,2023-12-19 14:40
北京经贸职业学院,北京经贸职业学院,240,,1785687429528691,纪嘉澍,2023-12-19 14:40,纪嘉澍,2023-12-19 14:40
长春理工大学光电信息学院,长春理工大学光电信息学院,241,,1785687429529667,纪嘉澍,2023-12-19 14:40,纪嘉澍,2023-12-19 14:40
陕西经济管理职业技术学院,陕西经济管理职业技术学院,242,,1785687429528707,纪嘉澍,2023-12-19 14:40,纪嘉澍,2023-12-19 14:40
潍坊科技学院,潍坊科技学院,243,,1785687429530755,纪嘉澍,2023-12-19 14:40,纪嘉澍,2023-12-19 14:40
解放军陆军航空兵学院,解放军陆军航空兵学院,244,,1785687429526643,纪嘉澍,2023-12-19 14:40,纪嘉澍,2023-12-19 14:40
贺州学院,贺州学院,245,,1785687429522451,纪嘉澍,2023-12-19 14:40,纪嘉澍,2023-12-19 14:40
文山学院,文山学院,246,,1785687429522483,纪嘉澍,2023-12-19 14:40,纪嘉澍,2023-12-19 14:40
兴义民族师范学院,兴义民族师范学院,247,,1785687429525571,纪嘉澍,2023-12-19 14:40,纪嘉澍,2023-12-19 14:40
广西民族师范学院,广西民族师范学院,248,,1785687429530771,纪嘉澍,2023-12-19 14:40,纪嘉澍,2023-12-19 14:40
萍乡学院,萍乡学院,249,,1785687429517363,纪嘉澍,2023-12-19 14:40,纪嘉澍,2023-12-19 14:40
泰州学院,泰州学院,250,,1785687429526627,纪嘉澍,2023-12-19 14:40,纪嘉澍,2023-12-19 14:40
江苏第二师范学院,江苏第二师范学院,251,,1785687440818188,纪嘉澍,2023-12-19 14:40,纪嘉澍,2023-12-19 14:40
邢台学院,邢台学院,252,,1785687440628796,纪嘉澍,2023-12-19 14:40,纪嘉澍,2023-12-19 14:40
西昌学院,西昌学院,253,,1785687440816172,纪嘉澍,2023-12-19 14:40,纪嘉澍,2023-12-19 14:40
商洛学院,商洛学院,254,,1785687440629788,纪嘉澍,2023-12-19 14:40,纪嘉澍,2023-12-19 14:40
南昌师范学院,南昌师范学院,255,,1785687440628764,纪嘉澍,2023-12-19 14:40,纪嘉澍,2023-12-19 14:40
四川文理学院,四川文理学院,256,,1785687440806956,纪嘉澍,2023-12-19 14:40,纪嘉澍,2023-12-19 14:40
衡水学院,衡水学院,257,,1785687440816140,纪嘉澍,2023-12-19 14:40,纪嘉澍,2023-12-19 14:40
四川旅游学院,四川旅游学院,258,,1785687440619612,纪嘉澍,2023-12-19 14:40,纪嘉澍,2023-12-19 14:40
景德镇学院,景德镇学院,259,,1785687440817196,纪嘉澍,2023-12-19 14:40,纪嘉澍,2023-12-19 14:40
北京建筑大学,北京建筑大学,260,,1785687440623644,纪嘉澍,2023-12-19 14:40,纪嘉澍,2023-12-19 14:40
西华师范大学,西华师范大学,261,,1785687440810012,纪嘉澍,2023-12-19 14:40,纪嘉澍,2023-12-19 14:40
湖南中医药大学,湖南中医药大学,262,,1785687440813068,纪嘉澍,2023-12-19 14:40,纪嘉澍,2023-12-19 14:40
广东技术师范大学,广东技术师范大学,263,,1785687440811020,纪嘉澍,2023-12-19 14:40,纪嘉澍,2023-12-19 14:40
山东建筑大学,山东建筑大学,264,,1785687440623676,纪嘉澍,2023-12-19 14:40,纪嘉澍,2023-12-19 14:40
辽宁科技大学,辽宁科技大学,265,,1785687440813084,纪嘉澍,2023-12-19 14:40,纪嘉澍,2023-12-19 14:40
吉首大学,吉首大学,266,,1785687440620636,纪嘉澍,2023-12-19 14:40,纪嘉澍,2023-12-19 14:40
华北理工大学,华北理工大学,267,,1785687440814140,纪嘉澍,2023-12-19 14:40,纪嘉澍,2023-12-19 14:40
太原科技大学,太原科技大学,268,,1785687440622668,纪嘉澍,2023-12-19 14:40,纪嘉澍,2023-12-19 14:40
宁夏医科大学,宁夏医科大学,269,,1785687440816156,纪嘉澍,2023-12-19 14:40,纪嘉澍,2023-12-19 14:40
西南民族大学,西南民族大学,270,,1785687440807964,纪嘉澍,2023-12-19 14:40,纪嘉澍,2023-12-19 14:40
辽宁中医药大学,辽宁中医药大学,271,,1785687440811068,纪嘉澍,2023-12-19 14:40,纪嘉澍,2023-12-19 14:40
西藏民族大学,西藏民族大学,272,,1785687440621676,纪嘉澍,2023-12-19 14:40,纪嘉澍,2023-12-19 14:40
沈阳师范大学,沈阳师范大学,273,,1785687440807948,纪嘉澍,2023-12-19 14:40,纪嘉澍,2023-12-19 14:40
吉林化工学院,吉林化工学院,274,,1785687440809004,纪嘉澍,2023-12-19 14:40,纪嘉澍,2023-12-19 14:40
苏州农业职业技术学院,苏州农业职业技术学院,275,,1785687440810028,纪嘉澍,2023-12-19 14:40,纪嘉澍,2023-12-19 14:40
闽南科技学院,闽南科技学院,276,,1785687440817164,纪嘉澍,2023-12-19 14:40,纪嘉澍,2023-12-19 14:40
北京经济技术职业学院,北京经济技术职业学院,277,,1785687440814108,纪嘉澍,2023-12-19 14:40,纪嘉澍,2023-12-19 14:40
威海职业学院,威海职业学院,278,,1785687440812060,纪嘉澍,2023-12-19 14:40,纪嘉澍,2023-12-19 14:40
上海戏剧学院,上海戏剧学院,279,,1785687440629820,纪嘉澍,2023-12-19 14:40,纪嘉澍,2023-12-19 14:40
安徽财贸职业学院,安徽财贸职业学院,280,,1785687440807996,纪嘉澍,2023-12-19 14:40,纪嘉澍,2023-12-19 14:40
廊坊职业技术学院,廊坊职业技术学院,281,,1785687440626700,纪嘉澍,2023-12-19 14:40,纪嘉澍,2023-12-19 14:40
安徽中医药高等专科学校,安徽中医药高等专科学校,282,,1785687440812092,纪嘉澍,2023-12-19 14:40,纪嘉澍,2023-12-19 14:40
河北体育学院,河北体育学院,283,,1785687440811052,纪嘉澍,2023-12-19 14:40,纪嘉澍,2023-12-19 14:40
北京政法职业学院,北京政法职业学院,284,,1785687440817212,纪嘉澍,2023-12-19 14:40,纪嘉澍,2023-12-19 14:40
深圳信息职业技术学院,深圳信息职业技术学院,285,,1785687440814124,纪嘉澍,2023-12-19 14:40,纪嘉澍,2023-12-19 14:40
南京医科大学康达学院,南京医科大学康达学院,286,,1785687440814092,纪嘉澍,2023-12-19 14:40,纪嘉澍,2023-12-19 14:40
哈尔滨职业技术学院,哈尔滨职业技术学院,287,,1785687440622716,纪嘉澍,2023-12-19 14:40,纪嘉澍,2023-12-19 14:40
西安美术学院,西安美术学院,288,,1785687440621660,纪嘉澍,2023-12-19 14:40,纪嘉澍,2023-12-19 14:40
烟台南山学院,烟台南山学院,289,,1785687440624684,纪嘉澍,2023-12-19 14:40,纪嘉澍,2023-12-19 14:40
绥化学院,绥化学院,290,,1785687440622700,纪嘉澍,2023-12-19 14:40,纪嘉澍,2023-12-19 14:40
赤峰学院,赤峰学院,291,,1785687440813116,纪嘉澍,2023-12-19 14:40,纪嘉澍,2023-12-19 14:40
陕西理工大学,陕西理工大学,292,,1785687440619644,纪嘉澍,2023-12-19 14:40,纪嘉澍,2023-12-19 14:40
邵阳学院,邵阳学院,293,,1785687440815164,纪嘉澍,2023-12-19 14:40,纪嘉澍,2023-12-19 14:40
湖北科技学院,湖北科技学院,294,,1785687440620652,纪嘉澍,2023-12-19 14:40,纪嘉澍,2023-12-19 14:40
哈尔滨金融学院,哈尔滨金融学院,295,,1785687440618620,纪嘉澍,2023-12-19 14:40,纪嘉澍,2023-12-19 14:40
唐山学院,唐山学院,296,,1785687440618588,纪嘉澍,2023-12-19 14:40,纪嘉澍,2023-12-19 14:40
承德医学院,承德医学院,297,,1785687440815132,纪嘉澍,2023-12-19 14:40,纪嘉澍,2023-12-19 14:40
南阳理工学院,南阳理工学院,298,,1785687440625676,纪嘉澍,2023-12-19 14:40,纪嘉澍,2023-12-19 14:40
山西大同大学,山西大同大学,299,,1785687440625708,纪嘉澍,2023-12-19 14:40,纪嘉澍,2023-12-19 14:40
江苏海洋大学,江苏海洋大学,300,,1785687440817180,纪嘉澍,2023-12-19 14:40,纪嘉澍,2023-12-19 14:40
佛山科学技术学院,佛山科学技术学院,301,,1785687387039785,纪嘉澍,2023-12-19 14:40,纪嘉澍,2023-12-19 14:40
山西中医药大学,山西中医药大学,302,,1785687387028617,纪嘉澍,2023-12-19 14:40,纪嘉澍,2023-12-19 14:40
淮阴师范学院,淮阴师范学院,303,,1785687387031705,纪嘉澍,2023-12-19 14:40,纪嘉澍,2023-12-19 14:40
内江师范学院,内江师范学院,304,,1785687387033673,纪嘉澍,2023-12-19 14:40,纪嘉澍,2023-12-19 14:40
北京大学,北京大学,305,,1785687387037737,纪嘉澍,2023-12-19 14:40,纪嘉澍,2023-12-19 14:40
清华大学,清华大学,306,,1785687387030665,纪嘉澍,2023-12-19 14:40,纪嘉澍,2023-12-19 14:40
复旦大学,复旦大学,307,,1785687387038729,纪嘉澍,2023-12-19 14:40,纪嘉澍,2023-12-19 14:40
武汉大学,武汉大学,308,,1785687387032665,纪嘉澍,2023-12-19 14:40,纪嘉澍,2023-12-19 14:40
中国人民大学,中国人民大学,309,,1785687387034793,纪嘉澍,2023-12-19 14:40,纪嘉澍,2023-12-19 14:40
浙江大学,浙江大学,310,,1785687387029737,纪嘉澍,2023-12-19 14:40,纪嘉澍,2023-12-19 14:40
上海交通大学,上海交通大学,311,,1785687387035817,纪嘉澍,2023-12-19 14:40,纪嘉澍,2023-12-19 14:40
南京大学,南京大学,312,,1785687387039753,纪嘉澍,2023-12-19 14:40,纪嘉澍,2023-12-19 14:40
中国科学技术大学,中国科学技术大学,313,,1785687387028665,纪嘉澍,2023-12-19 14:40,纪嘉澍,2023-12-19 14:40
吉林大学,吉林大学,314,,1785687387035833,纪嘉澍,2023-12-19 14:40,纪嘉澍,2023-12-19 14:40
北京师范大学,北京师范大学,315,,1785687387034761,纪嘉澍,2023-12-19 14:40,纪嘉澍,2023-12-19 14:40
南开大学,南开大学,316,,1785687387037705,纪嘉澍,2023-12-19 14:40,纪嘉澍,2023-12-19 14:40
中山大学,中山大学,317,,1785687429046281,纪嘉澍,2023-12-19 14:40,纪嘉澍,2023-12-19 14:40
四川大学,四川大学,318,,1785687387029721,纪嘉澍,2023-12-19 14:40,纪嘉澍,2023-12-19 14:40
华中科技大学,华中科技大学,319,,1785687387030713,纪嘉澍,2023-12-19 14:40,纪嘉澍,2023-12-19 14:40
西安科技大学高新学院,西安科技大学高新学院,320,,1785687387035801,纪嘉澍,2023-12-19 14:40,纪嘉澍,2023-12-19 14:40
广东警官学院,广东警官学院,321,,1785687387035785,纪嘉澍,2023-12-19 14:40,纪嘉澍,2023-12-19 14:40
武汉工商学院,武汉工商学院,322,,1785687429046329,纪嘉澍,2023-12-19 14:40,纪嘉澍,2023-12-19 14:40
新乡医学院三全学院,新乡医学院三全学院,323,,1785687387034777,纪嘉澍,2023-12-19 14:40,纪嘉澍,2023-12-19 14:40
西安财经大学行知学院,西安财经大学行知学院,324,,1785687387029705,纪嘉澍,2023-12-19 14:40,纪嘉澍,2023-12-19 14:40
天津财经大学珠江学院,天津财经大学珠江学院,325,,1785687387034809,纪嘉澍,2023-12-19 14:40,纪嘉澍,2023-12-19 14:40
仰恩大学,仰恩大学,326,,1785687387032681,纪嘉澍,2023-12-19 14:40,纪嘉澍,2023-12-19 14:40
北京科技大学天津学院,北京科技大学天津学院,327,,1785687387038745,纪嘉澍,2023-12-19 14:40,纪嘉澍,2023-12-19 14:40
江苏警官学院,江苏警官学院,328,,1785687387030697,纪嘉澍,2023-12-19 14:40,纪嘉澍,2023-12-19 14:40
河北经贸大学经济管理学院,河北经贸大学经济管理学院,329,,1785687387033689,纪嘉澍,2023-12-19 14:40,纪嘉澍,2023-12-19 14:40
西北工业大学明德学院,西北工业大学明德学院,330,,1785687387033705,纪嘉澍,2023-12-19 14:40,纪嘉澍,2023-12-19 14:40
浙江大学宁波理工学院,浙江大学宁波理工学院,331,,1785687387031689,纪嘉澍,2023-12-19 14:40,纪嘉澍,2023-12-19 14:40
广东交通职业技术学院,广东交通职业技术学院,332,,1785687387027641,纪嘉澍,2023-12-19 14:40,纪嘉澍,2023-12-19 14:40
广州大学华软软件学院,广州大学华软软件学院,333,,1785687387028633,纪嘉澍,2023-12-19 14:40,纪嘉澍,2023-12-19 14:40
大连财经学院,大连财经学院,334,,1785687387031737,纪嘉澍,2023-12-19 14:40,纪嘉澍,2023-12-19 14:40
新疆工业职业技术学院,新疆工业职业技术学院,335,,1785687387027593,纪嘉澍,2023-12-19 14:40,纪嘉澍,2023-12-19 14:40
新疆科技职业技术学院,新疆科技职业技术学院,336,,1785687387032697,纪嘉澍,2023-12-19 14:40,纪嘉澍,2023-12-19 14:40
哈密职业技术学院,哈密职业技术学院,337,,1785687387026537,纪嘉澍,2023-12-19 14:40,纪嘉澍,2023-12-19 14:40
新疆生产建设兵团兴新职业技术学院,新疆生产建设兵团兴新职业技术学院,338,,1785687387037721,纪嘉澍,2023-12-19 14:40,纪嘉澍,2023-12-19 14:40
宁夏艺术职业学院,宁夏艺术职业学院,339,,1785687387038777,纪嘉澍,2023-12-19 14:40,纪嘉澍,2023-12-19 14:40
宁夏幼儿师范高等专科学校,宁夏幼儿师范高等专科学校,340,,1785687387027625,纪嘉澍,2023-12-19 14:40,纪嘉澍,2023-12-19 14:40
青海柴达木职业技术学院,青海柴达木职业技术学院,341,,1785687429046313,纪嘉澍,2023-12-19 14:40,纪嘉澍,2023-12-19 14:40
青海高等职业技术学院,青海高等职业技术学院,342,,1785687387026553,纪嘉澍,2023-12-19 14:40,纪嘉澍,2023-12-19 14:40
西宁城市职业技术学院,西宁城市职业技术学院,343,,1785687387032649,纪嘉澍,2023-12-19 14:40,纪嘉澍,2023-12-19 14:40
甘肃财贸职业学院,甘肃财贸职业学院,344,,1785687387039801,纪嘉澍,2023-12-19 14:40,纪嘉澍,2023-12-19 14:40
平凉职业技术学院,平凉职业技术学院,345,,1785687429046297,纪嘉澍,2023-12-19 14:40,纪嘉澍,2023-12-19 14:40
兰州现代职业学院,兰州现代职业学院,346,,1785687387030681,纪嘉澍,2023-12-19 14:40,纪嘉澍,2023-12-19 14:40
甘肃能源化工职业学院,甘肃能源化工职业学院,347,,1785687387037753,纪嘉澍,2023-12-19 14:40,纪嘉澍,2023-12-19 14:40
江汉大学,江汉大学,348,,1785687387029753,纪嘉澍,2023-12-19 14:40,纪嘉澍,2023-12-19 14:40
河北金融学院,河北金融学院,349,,1785687387038761,纪嘉澍,2023-12-19 14:40,纪嘉澍,2023-12-19 14:40
浙江科技学院,浙江科技学院,350,,1785687387028649,纪嘉澍,2023-12-19 14:40,纪嘉澍,2023-12-19 14:40
沈阳工程学院,沈阳工程学院,351,,1785687462290505,纪嘉澍,2023-12-19 14:40,纪嘉澍,2023-12-19 14:40
南阳师范学院,南阳师范学院,352,,1785687462278185,纪嘉澍,2023-12-19 14:40,纪嘉澍,2023-12-19 14:40
湖南财政经济学院,湖南财政经济学院,353,,1785687462283289,纪嘉澍,2023-12-19 14:40,纪嘉澍,2023-12-19 14:40
肇庆学院,肇庆学院,354,,1785687462274153,纪嘉澍,2023-12-19 14:40,纪嘉澍,2023-12-19 14:40
盐城工学院,盐城工学院,355,,1785687462277129,纪嘉澍,2023-12-19 14:40,纪嘉澍,2023-12-19 14:40
玉林师范学院,玉林师范学院,356,,1785687462287481,纪嘉澍,2023-12-19 14:40,纪嘉澍,2023-12-19 14:40
绵阳师范学院,绵阳师范学院,357,,1785687462273113,纪嘉澍,2023-12-19 14:40,纪嘉澍,2023-12-19 14:40
浙江水利水电学院,浙江水利水电学院,358,,1785687462290521,纪嘉澍,2023-12-19 14:40,纪嘉澍,2023-12-19 14:40
华北科技学院,华北科技学院,359,,1785687462288505,纪嘉澍,2023-12-19 14:40,纪嘉澍,2023-12-19 14:40
西安医学院,西安医学院,360,,1785687462280233,纪嘉澍,2023-12-19 14:40,纪嘉澍,2023-12-19 14:40
陕西中医药大学,陕西中医药大学,361,,1785687462275161,纪嘉澍,2023-12-19 14:40,纪嘉澍,2023-12-19 14:40
牡丹江师范学院,牡丹江师范学院,362,,1785687462277177,纪嘉澍,2023-12-19 14:40,纪嘉澍,2023-12-19 14:40
上海东海职业技术学院,上海东海职业技术学院,363,,1785687462273129,纪嘉澍,2023-12-19 14:40,纪嘉澍,2023-12-19 14:40
天津海运职业学院,天津海运职业学院,364,,1785687462284377,纪嘉澍,2023-12-19 14:40,纪嘉澍,2023-12-19 14:40
江苏经贸职业技术学院,江苏经贸职业技术学院,365,,1785687462279225,纪嘉澍,2023-12-19 14:40,纪嘉澍,2023-12-19 14:40
中央戏剧学院,中央戏剧学院,366,,1785687462278201,纪嘉澍,2023-12-19 14:40,纪嘉澍,2023-12-19 14:40
汕头职业技术学院,汕头职业技术学院,367,,1785687462289481,纪嘉澍,2023-12-19 14:40,纪嘉澍,2023-12-19 14:40
新疆建设职业技术学院,新疆建设职业技术学院,368,,1785687462287449,纪嘉澍,2023-12-19 14:40,纪嘉澍,2023-12-19 14:40
兰州财经大学长青学院,兰州财经大学长青学院,369,,1785687462280217,纪嘉澍,2023-12-19 14:40,纪嘉澍,2023-12-19 14:40
广西师范大学漓江学院,广西师范大学漓江学院,370,,1785687462286409,纪嘉澍,2023-12-19 14:40,纪嘉澍,2023-12-19 14:40
贵州财经大学商务学院,贵州财经大学商务学院,371,,1785687462284409,纪嘉澍,2023-12-19 14:40,纪嘉澍,2023-12-19 14:40
无锡科技职业学院,无锡科技职业学院,372,,1785687462288489,纪嘉澍,2023-12-19 14:40,纪嘉澍,2023-12-19 14:40
湖北大学知行学院,湖北大学知行学院,373,,1785687462278169,纪嘉澍,2023-12-19 14:40,纪嘉澍,2023-12-19 14:40
湖北中医药高等专科学校,湖北中医药高等专科学校,374,,1785687462273145,纪嘉澍,2023-12-19 14:40,纪嘉澍,2023-12-19 14:40
皖江工学院,皖江工学院,375,,1785687462288457,纪嘉澍,2023-12-19 14:40,纪嘉澍,2023-12-19 14:40
四川商务职业学院,四川商务职业学院,376,,1785687462290537,纪嘉澍,2023-12-19 14:40,纪嘉澍,2023-12-19 14:40
湖北美术学院,湖北美术学院,377,,1785687462272073,纪嘉澍,2023-12-19 14:40,纪嘉澍,2023-12-19 14:40
滨州医学院,滨州医学院,378,,1785687462275193,纪嘉澍,2023-12-19 14:40,纪嘉澍,2023-12-19 14:40
韶关学院,韶关学院,379,,1785687462280201,纪嘉澍,2023-12-19 14:40,纪嘉澍,2023-12-19 14:40
安阳师范学院,安阳师范学院,380,,1785687462282281,纪嘉澍,2023-12-19 14:40,纪嘉澍,2023-12-19 14:40
泉州师范学院,泉州师范学院,381,,1785687462272105,纪嘉澍,2023-12-19 14:40,纪嘉澍,2023-12-19 14:40
济宁医学院,济宁医学院,382,,1785687462273097,纪嘉澍,2023-12-19 14:40,纪嘉澍,2023-12-19 14:40
安阳工学院,安阳工学院,383,,1785687462282265,纪嘉澍,2023-12-19 14:40,纪嘉澍,2023-12-19 14:40
黄淮学院,黄淮学院,384,,1785687462281273,纪嘉澍,2023-12-19 14:40,纪嘉澍,2023-12-19 14:40
攀枝花学院,攀枝花学院,385,,1785687462286457,纪嘉澍,2023-12-19 14:40,纪嘉澍,2023-12-19 14:40
蚌埠医学院,蚌埠医学院,386,,1785687462285433,纪嘉澍,2023-12-19 14:40,纪嘉澍,2023-12-19 14:40
仲恺农业工程学院,仲恺农业工程学院,387,,1785687462285417,纪嘉澍,2023-12-19 14:40,纪嘉澍,2023-12-19 14:40
牡丹江医学院,牡丹江医学院,388,,1785687462286441,纪嘉澍,2023-12-19 14:40,纪嘉澍,2023-12-19 14:40
玉溪师范学院,玉溪师范学院,389,,1785687462280249,纪嘉澍,2023-12-19 14:40,纪嘉澍,2023-12-19 14:40
右江民族医学院,右江民族医学院,390,,1785687462289529,纪嘉澍,2023-12-19 14:40,纪嘉澍,2023-12-19 14:40
宁波工程学院,宁波工程学院,391,,1785687462282297,纪嘉澍,2023-12-19 14:40,纪嘉澍,2023-12-19 14:40
廊坊师范学院,廊坊师范学院,392,,1785687462275145,纪嘉澍,2023-12-19 14:40,纪嘉澍,2023-12-19 14:40
东北石油大学,东北石油大学,393,,1785687462279193,纪嘉澍,2023-12-19 14:40,纪嘉澍,2023-12-19 14:40
天津中医药大学,天津中医药大学,394,,1785687462281225,纪嘉澍,2023-12-19 14:40,纪嘉澍,2023-12-19 14:40
西南石油大学,西南石油大学,395,,1785687462274169,纪嘉澍,2023-12-19 14:40,纪嘉澍,2023-12-19 14:40
安徽理工大学,安徽理工大学,396,,1785687462275177,纪嘉澍,2023-12-19 14:40,纪嘉澍,2023-12-19 14:40
沈阳工业大学,沈阳工业大学,397,,1785687462283305,纪嘉澍,2023-12-19 14:40,纪嘉澍,2023-12-19 14:40
浙江理工大学,浙江理工大学,398,,1785687462285385,纪嘉澍,2023-12-19 14:40,纪嘉澍,2023-12-19 14:40
兰州理工大学,兰州理工大学,399,,1785687462283321,纪嘉澍,2023-12-19 14:40,纪嘉澍,2023-12-19 14:40
河南师范大学,河南师范大学,400,,1785687462277145,纪嘉澍,2023-12-19 14:40,纪嘉澍,2023-12-19 14:40
温州医科大学,温州医科大学,401,,1785687429533875,纪嘉澍,2023-12-19 14:40,纪嘉澍,2023-12-19 14:40
杭州师范大学,杭州师范大学,402,,1785687429538931,纪嘉澍,2023-12-19 14:40,纪嘉澍,2023-12-19 14:40
内蒙古农业大学,内蒙古农业大学,403,,1785687429534883,纪嘉澍,2023-12-19 14:40,纪嘉澍,2023-12-19 14:40
中南民族大学,中南民族大学,404,,1785687429536963,纪嘉澍,2023-12-19 14:40,纪嘉澍,2023-12-19 14:40
云南师范大学,云南师范大学,405,,1785687429538899,纪嘉澍,2023-12-19 14:40,纪嘉澍,2023-12-19 14:40
河南工业大学,河南工业大学,406,,1785687429540131,纪嘉澍,2023-12-19 14:40,纪嘉澍,2023-12-19 14:40
天津理工大学,天津理工大学,407,,1785687429537955,纪嘉澍,2023-12-19 14:40,纪嘉澍,2023-12-19 14:40
西北工业大学,西北工业大学,408,,1785687429534899,纪嘉澍,2023-12-19 14:40,纪嘉澍,2023-12-19 14:40
华南理工大学,华南理工大学,409,,1785687440606220,纪嘉澍,2023-12-19 14:40,纪嘉澍,2023-12-19 14:40
湖南大学,湖南大学,410,,1785687429541091,纪嘉澍,2023-12-19 14:40,纪嘉澍,2023-12-19 14:40
中国农业大学,中国农业大学,411,,1785687429534867,纪嘉澍,2023-12-19 14:40,纪嘉澍,2023-12-19 14:40
中国矿业大学(徐州),中国矿业大学(徐州),412,,1785687429538883,纪嘉澍,2023-12-19 14:40,纪嘉澍,2023-12-19 14:40
兰州大学,兰州大学,413,,1785687429538915,纪嘉澍,2023-12-19 14:40,纪嘉澍,2023-12-19 14:40
电子科技大学,电子科技大学,414,,1785687429535971,纪嘉澍,2023-12-19 14:40,纪嘉澍,2023-12-19 14:40
北京协和医学院,北京协和医学院,415,,1785687440605244,纪嘉澍,2023-12-19 14:40,纪嘉澍,2023-12-19 14:40
东北师范大学,东北师范大学,416,,1785687440606252,纪嘉澍,2023-12-19 14:40,纪嘉澍,2023-12-19 14:40
北京科技大学,北京科技大学,417,,1785687440609388,纪嘉澍,2023-12-19 14:40,纪嘉澍,2023-12-19 14:40
西北大学,西北大学,418,,1785687429540099,纪嘉澍,2023-12-19 14:40,纪嘉澍,2023-12-19 14:40
武汉理工大学,武汉理工大学,419,,1785687440606236,纪嘉澍,2023-12-19 14:40,纪嘉澍,2023-12-19 14:40
长安大学,长安大学,420,,1785687440608348,纪嘉澍,2023-12-19 14:40,纪嘉澍,2023-12-19 14:40
北京交通大学,北京交通大学,421,,1785687429542115,纪嘉澍,2023-12-19 14:40,纪嘉澍,2023-12-19 14:40
中国地质大学(武汉),中国地质大学(武汉),422,,1785687429535987,纪嘉澍,2023-12-19 14:40,纪嘉澍,2023-12-19 14:40
厦门大学嘉庚学院,厦门大学嘉庚学院,423,,1785687440607356,纪嘉澍,2023-12-19 14:40,纪嘉澍,2023-12-19 14:40
四川大学锦城学院,四川大学锦城学院,424,,1785687429534851,纪嘉澍,2023-12-19 14:40,纪嘉澍,2023-12-19 14:40
北京师范大学珠海分校,北京师范大学珠海分校,425,,1785687440606268,纪嘉澍,2023-12-19 14:40,纪嘉澍,2023-12-19 14:40
电子科技大学成都学院,电子科技大学成都学院,426,,1785687440605196,纪嘉澍,2023-12-19 14:40,纪嘉澍,2023-12-19 14:40
长沙医学院,长沙医学院,427,,1785687440608332,纪嘉澍,2023-12-19 14:40,纪嘉澍,2023-12-19 14:40
南开大学滨海学院,南开大学滨海学院,428,,1785687429535939,纪嘉澍,2023-12-19 14:40,纪嘉澍,2023-12-19 14:40
文华学院,文华学院,429,,1785687429535955,纪嘉澍,2023-12-19 14:40,纪嘉澍,2023-12-19 14:40
中国石油大学(北京),中国石油大学(北京),430,,1785687440608380,纪嘉澍,2023-12-19 14:40,纪嘉澍,2023-12-19 14:40
吉林大学珠海学院,吉林大学珠海学院,431,,1785687440604220,纪嘉澍,2023-12-19 14:40,纪嘉澍,2023-12-19 14:40
中山大学南方学院,中山大学南方学院,432,,1785687429541107,纪嘉澍,2023-12-19 14:40,纪嘉澍,2023-12-19 14:40
保定理工学院,保定理工学院,433,,1785687429537939,纪嘉澍,2023-12-19 14:40,纪嘉澍,2023-12-19 14:40
重庆邮电大学移通学院,重庆邮电大学移通学院,434,,1785687429542131,纪嘉澍,2023-12-19 14:40,纪嘉澍,2023-12-19 14:40
河南大学民生学院,河南大学民生学院,435,,1785687440605212,纪嘉澍,2023-12-19 14:40,纪嘉澍,2023-12-19 14:40
西京学院,西京学院,436,,1785687440604172,纪嘉澍,2023-12-19 14:40,纪嘉澍,2023-12-19 14:40
南昌理工学院,南昌理工学院,437,,1785687429542083,纪嘉澍,2023-12-19 14:40,纪嘉澍,2023-12-19 14:40
东北财经大学,东北财经大学,438,,1785687440608364,纪嘉澍,2023-12-19 14:40,纪嘉澍,2023-12-19 14:40
天津师范大学,天津师范大学,439,,1785687440605228,纪嘉澍,2023-12-19 14:40,纪嘉澍,2023-12-19 14:40
河南大学,河南大学,440,,1785687429536995,纪嘉澍,2023-12-19 14:40,纪嘉澍,2023-12-19 14:40
安徽师范大学,安徽师范大学,441,,1785687429540147,纪嘉澍,2023-12-19 14:40,纪嘉澍,2023-12-19 14:40
西南政法大学,西南政法大学,442,,1785687440607324,纪嘉澍,2023-12-19 14:40,纪嘉澍,2023-12-19 14:40
石河子大学,石河子大学,443,,1785687429541059,纪嘉澍,2023-12-19 14:40,纪嘉澍,2023-12-19 14:40
北京中医药大学,北京中医药大学,444,,1785687429537011,纪嘉澍,2023-12-19 14:40,纪嘉澍,2023-12-19 14:40
昆明理工大学,昆明理工大学,445,,1785687440607340,纪嘉澍,2023-12-19 14:40,纪嘉澍,2023-12-19 14:40
贵州大学,贵州大学,446,,1785687429542099,纪嘉澍,2023-12-19 14:40,纪嘉澍,2023-12-19 14:40
上海理工大学,上海理工大学,447,,1785687429540115,纪嘉澍,2023-12-19 14:40,纪嘉澍,2023-12-19 14:40
杭州电子科技大学,杭州电子科技大学,448,,1785687440609372,纪嘉澍,2023-12-19 14:40,纪嘉澍,2023-12-19 14:40
成都理工大学,成都理工大学,449,,1785687440604188,纪嘉澍,2023-12-19 14:40,纪嘉澍,2023-12-19 14:40
天津医科大学,天津医科大学,450,,1785687429537971,纪嘉澍,2023-12-19 14:40,纪嘉澍,2023-12-19 14:40
湘潭大学,湘潭大学,451,,1785687429065769,纪嘉澍,2023-12-19 14:40,纪嘉澍,2023-12-19 14:40
扬州大学,扬州大学,452,,1785687429068825,纪嘉澍,2023-12-19 14:40,纪嘉澍,2023-12-19 14:40
安徽财经大学,安徽财经大学,453,,1785687429057625,纪嘉澍,2023-12-19 14:40,纪嘉澍,2023-12-19 14:40
上海海事大学,上海海事大学,454,,1785687429053481,纪嘉澍,2023-12-19 14:40,纪嘉澍,2023-12-19 14:40
桂林电子科技大学,桂林电子科技大学,455,,1785687429067833,纪嘉澍,2023-12-19 14:40,纪嘉澍,2023-12-19 14:40
安徽工业大学,安徽工业大学,456,,1785687429061705,纪嘉澍,2023-12-19 14:40,纪嘉澍,2023-12-19 14:40
沈阳药科大学,沈阳药科大学,457,,1785687429055529,纪嘉澍,2023-12-19 14:40,纪嘉澍,2023-12-19 14:40
山东财经大学,山东财经大学,458,,1785687429068809,纪嘉澍,2023-12-19 14:40,纪嘉澍,2023-12-19 14:40
南京信息工程大学,南京信息工程大学,459,,1785687429061737,纪嘉澍,2023-12-19 14:40,纪嘉澍,2023-12-19 14:40
武汉纺织大学,武汉纺织大学,460,,1785687429060713,纪嘉澍,2023-12-19 14:40,纪嘉澍,2023-12-19 14:40
重庆师范大学,重庆师范大学,461,,1785687429054489,纪嘉澍,2023-12-19 14:40,纪嘉澍,2023-12-19 14:40
西北政法大学,西北政法大学,462,,1785687429064729,纪嘉澍,2023-12-19 14:40,纪嘉澍,2023-12-19 14:40
广西民族大学,广西民族大学,463,,1785687429054521,纪嘉澍,2023-12-19 14:40,纪嘉澍,2023-12-19 14:40
甘肃农业大学,甘肃农业大学,464,,1785687429059689,纪嘉澍,2023-12-19 14:40,纪嘉澍,2023-12-19 14:40
中国民航大学,中国民航大学,465,,1785687429055561,纪嘉澍,2023-12-19 14:40,纪嘉澍,2023-12-19 14:40
云南农业大学,云南农业大学,466,,1785687429056521,纪嘉澍,2023-12-19 14:40,纪嘉澍,2023-12-19 14:40
河北科技大学,河北科技大学,467,,1785687429057609,纪嘉澍,2023-12-19 14:40,纪嘉澍,2023-12-19 14:40
西安交通大学,西安交通大学,468,,1785687429067801,纪嘉澍,2023-12-19 14:40,纪嘉澍,2023-12-19 14:40
同济大学,同济大学,469,,1785687429058681,纪嘉澍,2023-12-19 14:40,纪嘉澍,2023-12-19 14:40
中南大学,中南大学,470,,1785687429056553,纪嘉澍,2023-12-19 14:40,纪嘉澍,2023-12-19 14:40
哈尔滨工业大学,哈尔滨工业大学,471,,1785687429064713,纪嘉澍,2023-12-19 14:40,纪嘉澍,2023-12-19 14:40
山东大学,山东大学,472,,1785687429053497,纪嘉澍,2023-12-19 14:40,纪嘉澍,2023-12-19 14:40
厦门大学,厦门大学,473,,1785687429054473,纪嘉澍,2023-12-19 14:40,纪嘉澍,2023-12-19 14:40
东南大学,东南大学,474,,1785687429059673,纪嘉澍,2023-12-19 14:40,纪嘉澍,2023-12-19 14:40
天津大学,天津大学,475,,1785687429068841,纪嘉澍,2023-12-19 14:40,纪嘉澍,2023-12-19 14:40
重庆大学,重庆大学,476,,1785687429058633,纪嘉澍,2023-12-19 14:40,纪嘉澍,2023-12-19 14:40
北京航空航天大学,北京航空航天大学,477,,1785687429065785,纪嘉澍,2023-12-19 14:40,纪嘉澍,2023-12-19 14:40
华东师范大学,华东师范大学,478,,1785687429063721,纪嘉澍,2023-12-19 14:40,纪嘉澍,2023-12-19 14:40
东北大学,东北大学,479,,1785687429059657,纪嘉澍,2023-12-19 14:40,纪嘉澍,2023-12-19 14:40
北京理工大学,北京理工大学,480,,1785687429052457,纪嘉澍,2023-12-19 14:40,纪嘉澍,2023-12-19 14:40
华中师范大学,华中师范大学,481,,1785687429063737,纪嘉澍,2023-12-19 14:40,纪嘉澍,2023-12-19 14:40
大连理工大学,大连理工大学,482,,1785687429066761,纪嘉澍,2023-12-19 14:40,纪嘉澍,2023-12-19 14:40
贵州中医药大学,贵州中医药大学,483,,1785687429056537,纪嘉澍,2023-12-19 14:40,纪嘉澍,2023-12-19 14:40
塔里木大学,塔里木大学,484,,1785687429057641,纪嘉澍,2023-12-19 14:40,纪嘉澍,2023-12-19 14:40
西安财经大学,西安财经大学,485,,1785687429067817,纪嘉澍,2023-12-19 14:40,纪嘉澍,2023-12-19 14:40
郑州轻工业大学,郑州轻工业大学,486,,1785687429053465,纪嘉澍,2023-12-19 14:40,纪嘉澍,2023-12-19 14:40
西安外国语大学,西安外国语大学,487,,1785687429061753,纪嘉澍,2023-12-19 14:40,纪嘉澍,2023-12-19 14:40
大连海洋大学,大连海洋大学,488,,1785687429053513,纪嘉澍,2023-12-19 14:40,纪嘉澍,2023-12-19 14:40
贵州财经大学,贵州财经大学,489,,1785687429067785,纪嘉澍,2023-12-19 14:40,纪嘉澍,2023-12-19 14:40
新疆财经大学,新疆财经大学,490,,1785687429063705,纪嘉澍,2023-12-19 14:40,纪嘉澍,2023-12-19 14:40
湖北中医药大学,湖北中医药大学,491,,1785687429058649,纪嘉澍,2023-12-19 14:40,纪嘉澍,2023-12-19 14:40
沈阳化工大学,沈阳化工大学,492,,1785687429064745,纪嘉澍,2023-12-19 14:40,纪嘉澍,2023-12-19 14:40
大连大学,大连大学,493,,1785687429066777,纪嘉澍,2023-12-19 14:40,纪嘉澍,2023-12-19 14:40
北京联合大学,北京联合大学,494,,1785687429057657,纪嘉澍,2023-12-19 14:40,纪嘉澍,2023-12-19 14:40
北方民族大学,北方民族大学,495,,1785687429055513,纪嘉澍,2023-12-19 14:40,纪嘉澍,2023-12-19 14:40
信阳师范大学,信阳师范大学,496,,1785687429064761,纪嘉澍,2023-12-19 14:40,纪嘉澍,2023-12-19 14:40
黑龙江科技大学,黑龙江科技大学,497,,1785687429061721,纪嘉澍,2023-12-19 14:40,纪嘉澍,2023-12-19 14:40
黑龙江外国语学院,黑龙江外国语学院,498,,1785687429066793,纪嘉澍,2023-12-19 14:40,纪嘉澍,2023-12-19 14:40
中国计量大学现代科技学院,中国计量大学现代科技学院,499,,1785687429060697,纪嘉澍,2023-12-19 14:40,纪嘉澍,2023-12-19 14:40
长春建筑学院,长春建筑学院,500,,1785687429065737,纪嘉澍,2023-12-19 14:40,纪嘉澍,2023-12-19 14:40
陕西警官职业学院,陕西警官职业学院,501,,1785687490224137,纪嘉澍,2023-12-19 14:40,纪嘉澍,2023-12-19 14:40
湖北工业大学工程技术学院,湖北工业大学工程技术学院,502,,1785687490236425,纪嘉澍,2023-12-19 14:40,纪嘉澍,2023-12-19 14:40
辽宁理工学院,辽宁理工学院,503,,1785687490235433,纪嘉澍,2023-12-19 14:40,纪嘉澍,2023-12-19 14:40
北京第二外国语学院中瑞酒店管理学院,北京第二外国语学院中瑞酒店管理学院,504,,1785687490228265,纪嘉澍,2023-12-19 14:40,纪嘉澍,2023-12-19 14:40
河北传媒学院,河北传媒学院,505,,1785687490230297,纪嘉澍,2023-12-19 14:40,纪嘉澍,2023-12-19 14:40
武汉东湖学院,武汉东湖学院,506,,1785687490226233,纪嘉澍,2023-12-19 14:40,纪嘉澍,2023-12-19 14:40
天津体育学院,天津体育学院,507,,1785687490229257,纪嘉澍,2023-12-19 14:40,纪嘉澍,2023-12-19 14:40
武昌理工学院,武昌理工学院,508,,1785687490229289,纪嘉澍,2023-12-19 14:40,纪嘉澍,2023-12-19 14:40
北京工业大学耿丹学院,北京工业大学耿丹学院,509,,1785687490227241,纪嘉澍,2023-12-19 14:40,纪嘉澍,2023-12-19 14:40
河北工业职业技术学院,河北工业职业技术学院,510,,1785687490227257,纪嘉澍,2023-12-19 14:40,纪嘉澍,2023-12-19 14:40
东南大学成贤学院,东南大学成贤学院,511,,1785687490235449,纪嘉澍,2023-12-19 14:40,纪嘉澍,2023-12-19 14:40
天津师范大学津沽学院,天津师范大学津沽学院,512,,1785687490224185,纪嘉澍,2023-12-19 14:40,纪嘉澍,2023-12-19 14:40
天津商业大学宝德学院,天津商业大学宝德学院,513,,1785687490235401,纪嘉澍,2023-12-19 14:40,纪嘉澍,2023-12-19 14:40
中国人民武装警察部队工程大学,中国人民武装警察部队工程大学,514,,1785687490230281,纪嘉澍,2023-12-19 14:40,纪嘉澍,2023-12-19 14:40
南京特殊教育师范学院,南京特殊教育师范学院,515,,1785687490236441,纪嘉澍,2023-12-19 14:40,纪嘉澍,2023-12-19 14:40
河南医学高等专科学校,河南医学高等专科学校,516,,1785687490228233,纪嘉澍,2023-12-19 14:40,纪嘉澍,2023-12-19 14:40
南京警察学院,南京警察学院,517,,1785687490236473,纪嘉澍,2023-12-19 14:40,纪嘉澍,2023-12-19 14:40
常州大学怀德学院,常州大学怀德学院,518,,1785687490224169,纪嘉澍,2023-12-19 14:40,纪嘉澍,2023-12-19 14:40
成都文理学院,成都文理学院,519,,1785687490229273,纪嘉澍,2023-12-19 14:40,纪嘉澍,2023-12-19 14:40
武汉交通职业学院,武汉交通职业学院,520,,1785687490232377,纪嘉澍,2023-12-19 14:40,纪嘉澍,2023-12-19 14:40
南京理工大学泰州科技学院,南京理工大学泰州科技学院,521,,1785687490234377,纪嘉澍,2023-12-19 14:40,纪嘉澍,2023-12-19 14:40
广州民航职业技术学院,广州民航职业技术学院,522,,1785687490228281,纪嘉澍,2023-12-19 14:40,纪嘉澍,2023-12-19 14:40
南京理工大学紫金学院,南京理工大学紫金学院,523,,1785687490226201,纪嘉澍,2023-12-19 14:40,纪嘉澍,2023-12-19 14:40
大连东软信息学院,大连东软信息学院,524,,1785687490232345,纪嘉澍,2023-12-19 14:40,纪嘉澍,2023-12-19 14:40
青岛工学院,青岛工学院,525,,1785687490230329,纪嘉澍,2023-12-19 14:40,纪嘉澍,2023-12-19 14:40
华南农业大学珠江学院,华南农业大学珠江学院,526,,1785687490237449,纪嘉澍,2023-12-19 14:40,纪嘉澍,2023-12-19 14:40
重庆水利电力职业技术学院,重庆水利电力职业技术学院,527,,1785687490235417,纪嘉澍,2023-12-19 14:40,纪嘉澍,2023-12-19 14:40
新疆工程学院,新疆工程学院,528,,1785687490234393,纪嘉澍,2023-12-19 14:40,纪嘉澍,2023-12-19 14:40
海南热带海洋学院,海南热带海洋学院,529,,1785687490227225,纪嘉澍,2023-12-19 14:40,纪嘉澍,2023-12-19 14:40
宝鸡文理学院,宝鸡文理学院,530,,1785687490230313,纪嘉澍,2023-12-19 14:40,纪嘉澍,2023-12-19 14:40
鞍山师范学院,鞍山师范学院,531,,1785687490233353,纪嘉澍,2023-12-19 14:40,纪嘉澍,2023-12-19 14:40
百色学院,百色学院,532,,1785687490233369,纪嘉澍,2023-12-19 14:40,纪嘉澍,2023-12-19 14:40
黑河学院,黑河学院,533,,1785687490231305,纪嘉澍,2023-12-19 14:40,纪嘉澍,2023-12-19 14:40
通化师范学院,通化师范学院,534,,1785687490234409,纪嘉澍,2023-12-19 14:40,纪嘉澍,2023-12-19 14:40
广东第二师范学院,广东第二师范学院,535,,1785687490234425,纪嘉澍,2023-12-19 14:40,纪嘉澍,2023-12-19 14:40
吕梁学院,吕梁学院,536,,1785687490229305,纪嘉澍,2023-12-19 14:40,纪嘉澍,2023-12-19 14:40
宁夏师范学院,宁夏师范学院,537,,1785687490231353,纪嘉澍,2023-12-19 14:40,纪嘉澍,2023-12-19 14:40
咸阳师范学院,咸阳师范学院,538,,1785687490226217,纪嘉澍,2023-12-19 14:40,纪嘉澍,2023-12-19 14:40
哈尔滨学院,哈尔滨学院,539,,1785687490232329,纪嘉澍,2023-12-19 14:40,纪嘉澍,2023-12-19 14:40
怀化学院,怀化学院,540,,1785687490236457,纪嘉澍,2023-12-19 14:40,纪嘉澍,2023-12-19 14:40
吉林医药学院,吉林医药学院,541,,1785687490231321,纪嘉澍,2023-12-19 14:40,纪嘉澍,2023-12-19 14:40
安康学院,安康学院,542,,1785687490228249,纪嘉澍,2023-12-19 14:40,纪嘉澍,2023-12-19 14:40
延安大学西安创新学院,延安大学西安创新学院,543,,1785687490227209,纪嘉澍,2023-12-19 14:40,纪嘉澍,2023-12-19 14:40
中国人民解放军陆军军医大学,中国人民解放军陆军军医大学,544,,1785687490224153,纪嘉澍,2023-12-19 14:40,纪嘉澍,2023-12-19 14:40
香港中文大学(深圳),香港中文大学(深圳),545,,1785687490233401,纪嘉澍,2023-12-19 14:40,纪嘉澍,2023-12-19 14:40
石家庄铁道大学四方学院,石家庄铁道大学四方学院,546,,1785687490223161,纪嘉澍,2023-12-19 14:40,纪嘉澍,2023-12-19 14:40
漯河医学高等专科学校,漯河医学高等专科学校,547,,1785687490231337,纪嘉澍,2023-12-19 14:40,纪嘉澍,2023-12-19 14:40
燕山大学里仁学院,燕山大学里仁学院,548,,1785687490233385,纪嘉澍,2023-12-19 14:40,纪嘉澍,2023-12-19 14:40
云南大学滇池学院,云南大学滇池学院,549,,1785687490232361,纪嘉澍,2023-12-19 14:40,纪嘉澍,2023-12-19 14:40
开封大学,开封大学,550,,1785687490226185,纪嘉澍,2023-12-19 14:40,纪嘉澍,2023-12-19 14:40
西安交通大学城市学院,西安交通大学城市学院,551,,1785687490122794,纪嘉澍,2023-12-19 14:40,纪嘉澍,2023-12-19 14:40
武汉职业技术学院,武汉职业技术学院,552,,1785687490222137,纪嘉澍,2023-12-19 14:40,纪嘉澍,2023-12-19 14:40
中国人民解放军南京政治学院,中国人民解放军南京政治学院,553,,1785687490119802,纪嘉澍,2023-12-19 14:40,纪嘉澍,2023-12-19 14:40
中国人民解放军空军预警学院,中国人民解放军空军预警学院,554,,1785687490218105,纪嘉澍,2023-12-19 14:40,纪嘉澍,2023-12-19 14:40
重庆工贸职业技术学院,重庆工贸职业技术学院,555,,1785687490218073,纪嘉澍,2023-12-19 14:40,纪嘉澍,2023-12-19 14:40
商丘医学高等专科学校,商丘医学高等专科学校,556,,1785687490219081,纪嘉澍,2023-12-19 14:40,纪嘉澍,2023-12-19 14:40
湖北商贸学院,湖北商贸学院,557,,1785687490120826,纪嘉澍,2023-12-19 14:40,纪嘉澍,2023-12-19 14:40
天津医学高等专科学校,天津医学高等专科学校,558,,1785687490118762,纪嘉澍,2023-12-19 14:40,纪嘉澍,2023-12-19 14:40
北京信息职业技术学院,北京信息职业技术学院,559,,1785687490120778,纪嘉澍,2023-12-19 14:40,纪嘉澍,2023-12-19 14:40
中国人民解放军空军工程大学,中国人民解放军空军工程大学,560,,1785687490118746,纪嘉澍,2023-12-19 14:40,纪嘉澍,2023-12-19 14:40
河北外国语学院,河北外国语学院,561,,1785687490223129,纪嘉澍,2023-12-19 14:40,纪嘉澍,2023-12-19 14:40
武汉铁路职业技术学院,武汉铁路职业技术学院,562,,1785687490119754,纪嘉澍,2023-12-19 14:40,纪嘉澍,2023-12-19 14:40
苏州大学文正学院,苏州大学文正学院,563,,1785687490219129,纪嘉澍,2023-12-19 14:40,纪嘉澍,2023-12-19 14:40
长江大学文理学院,长江大学文理学院,564,,1785687490218089,纪嘉澍,2023-12-19 14:40,纪嘉澍,2023-12-19 14:40
安徽医学高等专科学校,安徽医学高等专科学校,565,,1785687490119770,纪嘉澍,2023-12-19 14:40,纪嘉澍,2023-12-19 14:40
郑州旅游职业学院,郑州旅游职业学院,566,,1785687490123786,纪嘉澍,2023-12-19 14:40,纪嘉澍,2023-12-19 14:40
成都纺织高等专科学校,成都纺织高等专科学校,567,,1785687490220121,纪嘉澍,2023-12-19 14:40,纪嘉澍,2023-12-19 14:40
天津医科大学临床医学院,天津医科大学临床医学院,568,,1785687490117658,纪嘉澍,2023-12-19 14:40,纪嘉澍,2023-12-19 14:40
广东培正学院,广东培正学院,569,,1785687490223145,纪嘉澍,2023-12-19 14:40,纪嘉澍,2023-12-19 14:40
陕西职业技术学院,陕西职业技术学院,570,,1785687490122810,纪嘉澍,2023-12-19 14:40,纪嘉澍,2023-12-19 14:40
广东农工商职业技术学院,广东农工商职业技术学院,571,,1785687490117674,纪嘉澍,2023-12-19 14:40,纪嘉澍,2023-12-19 14:40
成都理工大学工程技术学院,成都理工大学工程技术学院,572,,1785687490222089,纪嘉澍,2023-12-19 14:40,纪嘉澍,2023-12-19 14:40
临夏现代职业学院,临夏现代职业学院,573,,1785687490221113,纪嘉澍,2023-12-19 14:40,纪嘉澍,2023-12-19 14:40
庆阳职业技术学院,庆阳职业技术学院,574,,1785687490221097,纪嘉澍,2023-12-19 14:40,纪嘉澍,2023-12-19 14:40
兰州科技职业学院,兰州科技职业学院,575,,1785687490124858,纪嘉澍,2023-12-19 14:40,纪嘉澍,2023-12-19 14:40
甘肃卫生职业学院,甘肃卫生职业学院,576,,1785687490122762,纪嘉澍,2023-12-19 14:40,纪嘉澍,2023-12-19 14:40
陕西机电职业技术学院,陕西机电职业技术学院,577,,1785687490122778,纪嘉澍,2023-12-19 14:40,纪嘉澍,2023-12-19 14:40
云南水利水电职业学院,云南水利水电职业学院,578,,1785687490118730,纪嘉澍,2023-12-19 14:40,纪嘉澍,2023-12-19 14:40
昭通卫生职业学院,昭通卫生职业学院,579,,1785687490124842,纪嘉澍,2023-12-19 14:40,纪嘉澍,2023-12-19 14:40
云南财经职业学院,云南财经职业学院,580,,1785687490222105,纪嘉澍,2023-12-19 14:40,纪嘉澍,2023-12-19 14:40
贵州电子科技职业学院,贵州电子科技职业学院,581,,1785687490221065,纪嘉澍,2023-12-19 14:40,纪嘉澍,2023-12-19 14:40
贵州应用技术职业学院,贵州应用技术职业学院,582,,1785687490124810,纪嘉澍,2023-12-19 14:40,纪嘉澍,2023-12-19 14:40
贵州电子商务职业技术学院,贵州电子商务职业技术学院,583,,1785687490220137,纪嘉澍,2023-12-19 14:40,纪嘉澍,2023-12-19 14:40
皖西学院,皖西学院,584,,1785687490120810,纪嘉澍,2023-12-19 14:40,纪嘉澍,2023-12-19 14:40
滁州学院,滁州学院,585,,1785687490219097,纪嘉澍,2023-12-19 14:40,纪嘉澍,2023-12-19 14:40
贵州师范学院,贵州师范学院,586,,1785687490219113,纪嘉澍,2023-12-19 14:40,纪嘉澍,2023-12-19 14:40
伊犁师范大学,伊犁师范大学,587,,1785687490117690,纪嘉澍,2023-12-19 14:40,纪嘉澍,2023-12-19 14:40
浙江外国语学院,浙江外国语学院,588,,1785687490220105,纪嘉澍,2023-12-19 14:40,纪嘉澍,2023-12-19 14:40
河南工程学院,河南工程学院,589,,1785687490120794,纪嘉澍,2023-12-19 14:40,纪嘉澍,2023-12-19 14:40
西安文理学院,西安文理学院,590,,1785687490119786,纪嘉澍,2023-12-19 14:40,纪嘉澍,2023-12-19 14:40
赣南医学院,赣南医学院,591,,1785687490221081,纪嘉澍,2023-12-19 14:40,纪嘉澍,2023-12-19 14:40
宜宾学院,宜宾学院,592,,1785687490118778,纪嘉澍,2023-12-19 14:40,纪嘉澍,2023-12-19 14:40
运城学院,运城学院,593,,1785687490223113,纪嘉澍,2023-12-19 14:40,纪嘉澍,2023-12-19 14:40
巢湖学院,巢湖学院,594,,1785687490123818,纪嘉澍,2023-12-19 14:40,纪嘉澍,2023-12-19 14:40
常熟理工学院,常熟理工学院,595,,1785687490123834,纪嘉澍,2023-12-19 14:40,纪嘉澍,2023-12-19 14:40
曲靖师范学院,曲靖师范学院,596,,1785687490222121,纪嘉澍,2023-12-19 14:40,纪嘉澍,2023-12-19 14:40
西安航空学院,西安航空学院,597,,1785687490218057,纪嘉澍,2023-12-19 14:40,纪嘉澍,2023-12-19 14:40
福建江夏学院,福建江夏学院,598,,1785687490123802,纪嘉澍,2023-12-19 14:40,纪嘉澍,2023-12-19 14:40
青岛滨海学院,青岛滨海学院,599,,1785687490124826,纪嘉澍,2023-12-19 14:40,纪嘉澍,2023-12-19 14:40
大连艺术学院,大连艺术学院,600,,1785687490220153,纪嘉澍,2023-12-19 14:40,纪嘉澍,2023-12-19 14:40
广东外语外贸大学南国商学院,广东外语外贸大学南国商学院,601,,1785687553272922,纪嘉澍,2023-12-19 14:40,纪嘉澍,2023-12-19 14:40
吉林外国语大学,吉林外国语大学,602,,1785687553266698,纪嘉澍,2023-12-19 14:40,纪嘉澍,2023-12-19 14:40
南京艺术学院,南京艺术学院,603,,1785687553267738,纪嘉澍,2023-12-19 14:40,纪嘉澍,2023-12-19 14:40
闽南理工学院,闽南理工学院,604,,1785687553270826,纪嘉澍,2023-12-19 14:40,纪嘉澍,2023-12-19 14:40
福州大学至诚学院,福州大学至诚学院,605,,1785687553264650,纪嘉澍,2023-12-19 14:40,纪嘉澍,2023-12-19 14:40
河北农业大学现代科技学院,河北农业大学现代科技学院,606,,1785687553267754,纪嘉澍,2023-12-19 14:40,纪嘉澍,2023-12-19 14:40
重庆财经职业学院,重庆财经职业学院,607,,1785687553263674,纪嘉澍,2023-12-19 14:40,纪嘉澍,2023-12-19 14:40
解放军第二炮兵工程大学,解放军第二炮兵工程大学,608,,1785687553266714,纪嘉澍,2023-12-19 14:40,纪嘉澍,2023-12-19 14:40
天津天狮学院,天津天狮学院,609,,1785687553275978,纪嘉澍,2023-12-19 14:40,纪嘉澍,2023-12-19 14:40
广东机电职业技术学院,广东机电职业技术学院,610,,1785687553274986,纪嘉澍,2023-12-19 14:40,纪嘉澍,2023-12-19 14:40
海口经济学院,海口经济学院,611,,1785687553271834,纪嘉澍,2023-12-19 14:40,纪嘉澍,2023-12-19 14:40
北京科技职业学院,北京科技职业学院,612,,1785687553265706,纪嘉澍,2023-12-19 14:40,纪嘉澍,2023-12-19 14:40
郑州警察学院,郑州警察学院,613,,1785687553264682,纪嘉澍,2023-12-19 14:40,纪嘉澍,2023-12-19 14:40
楚雄师范学院,楚雄师范学院,614,,1785687553270810,纪嘉澍,2023-12-19 14:40,纪嘉澍,2023-12-19 14:40
河南牧业经济学院,河南牧业经济学院,615,,1785687553276010,纪嘉澍,2023-12-19 14:40,纪嘉澍,2023-12-19 14:40
防灾科技学院,防灾科技学院,616,,1785687553264698,纪嘉澍,2023-12-19 14:40,纪嘉澍,2023-12-19 14:40
湖北师范大学,湖北师范大学,617,,1785687553271866,纪嘉澍,2023-12-19 14:40,纪嘉澍,2023-12-19 14:40
长江师范学院,长江师范学院,618,,1785687553269818,纪嘉澍,2023-12-19 14:40,纪嘉澍,2023-12-19 14:40
昌吉学院,昌吉学院,619,,1785687553268778,纪嘉澍,2023-12-19 14:40,纪嘉澍,2023-12-19 14:40
郑州航空工业管理学院,郑州航空工业管理学院,620,,1785687553272938,纪嘉澍,2023-12-19 14:40,纪嘉澍,2023-12-19 14:40
中华女子学院,中华女子学院,621,,1785687553274954,纪嘉澍,2023-12-19 14:40,纪嘉澍,2023-12-19 14:40
中国劳动关系学院,中国劳动关系学院,622,,1785687553275002,纪嘉澍,2023-12-19 14:40,纪嘉澍,2023-12-19 14:40
滨州学院,滨州学院,623,,1785687553269802,纪嘉澍,2023-12-19 14:40,纪嘉澍,2023-12-19 14:40
皖南医学院,皖南医学院,624,,1785687553269786,纪嘉澍,2023-12-19 14:40,纪嘉澍,2023-12-19 14:40
徐州工程学院,徐州工程学院,625,,1785687553268794,纪嘉澍,2023-12-19 14:40,纪嘉澍,2023-12-19 14:40
合肥师范学院,合肥师范学院,626,,1785687553263658,纪嘉澍,2023-12-19 14:40,纪嘉澍,2023-12-19 14:40
潍坊学院,潍坊学院,627,,1785687553270842,纪嘉澍,2023-12-19 14:40,纪嘉澍,2023-12-19 14:40
九江学院,九江学院,628,,1785687553265674,纪嘉澍,2023-12-19 14:40,纪嘉澍,2023-12-19 14:40
红河学院,红河学院,629,,1785687553272906,纪嘉澍,2023-12-19 14:40,纪嘉澍,2023-12-19 14:40
白城师范学院,白城师范学院,630,,1785687553276026,纪嘉澍,2023-12-19 14:40,纪嘉澍,2023-12-19 14:40
陇东学院,陇东学院,631,,1785687553264666,纪嘉澍,2023-12-19 14:40,纪嘉澍,2023-12-19 14:40
湖南女子学院,湖南女子学院,632,,1785687553265722,纪嘉澍,2023-12-19 14:40,纪嘉澍,2023-12-19 14:40
重庆第二师范学院,重庆第二师范学院,633,,1785687553275994,纪嘉澍,2023-12-19 14:40,纪嘉澍,2023-12-19 14:40
岭南师范学院,岭南师范学院,634,,1785687553263642,纪嘉澍,2023-12-19 14:40,纪嘉澍,2023-12-19 14:40
莆田学院,莆田学院,635,,1785687553267770,纪嘉澍,2023-12-19 14:40,纪嘉澍,2023-12-19 14:40
武夷学院,武夷学院,636,,1785687553268746,纪嘉澍,2023-12-19 14:40,纪嘉澍,2023-12-19 14:40
辽宁科技学院,辽宁科技学院,637,,1785687553266746,纪嘉澍,2023-12-19 14:40,纪嘉澍,2023-12-19 14:40
济宁学院,济宁学院,638,,1785687553276938,纪嘉澍,2023-12-19 14:40,纪嘉澍,2023-12-19 14:40
桂林航天工业学院,桂林航天工业学院,639,,1785687553274970,纪嘉澍,2023-12-19 14:40,纪嘉澍,2023-12-19 14:40
太原工业学院,太原工业学院,640,,1785687553269770,纪嘉澍,2023-12-19 14:40,纪嘉澍,2023-12-19 14:40
山东青年政治学院,山东青年政治学院,641,,1785687553271818,纪嘉澍,2023-12-19 14:40,纪嘉澍,2023-12-19 14:40
宁德师范学院,宁德师范学院,642,,1785687553272954,纪嘉澍,2023-12-19 14:40,纪嘉澍,2023-12-19 14:40
信阳农林学院,信阳农林学院,643,,1785687553276954,纪嘉澍,2023-12-19 14:40,纪嘉澍,2023-12-19 14:40
无锡职业技术学院,无锡职业技术学院,644,,1785687553268762,纪嘉澍,2023-12-19 14:40,纪嘉澍,2023-12-19 14:40
石家庄邮电职业技术学院,石家庄邮电职业技术学院,645,,1785687553276970,纪嘉澍,2023-12-19 14:40,纪嘉澍,2023-12-19 14:40
陕西青年职业学院,陕西青年职业学院,646,,1785687553271850,纪嘉澍,2023-12-19 14:40,纪嘉澍,2023-12-19 14:40
芜湖职业技术学院,芜湖职业技术学院,647,,1785687553265690,纪嘉澍,2023-12-19 14:40,纪嘉澍,2023-12-19 14:40
常州工业职业技术学院,常州工业职业技术学院,648,,1785687553267722,纪嘉澍,2023-12-19 14:40,纪嘉澍,2023-12-19 14:40
重庆工程学院,重庆工程学院,649,,1785687553270794,纪嘉澍,2023-12-19 14:40,纪嘉澍,2023-12-19 14:40
河北石油职业技术学院,河北石油职业技术学院,650,,1785687553266730,纪嘉澍,2023-12-19 14:40,纪嘉澍,2023-12-19 14:40
郑州电力高等专科学校,郑州电力高等专科学校,651,,1785687510487072,纪嘉澍,2023-12-19 14:40,纪嘉澍,2023-12-19 14:40
西安海棠职业学院,西安海棠职业学院,652,,1785687510486048,纪嘉澍,2023-12-19 14:40,纪嘉澍,2023-12-19 14:40
徐州工业职业技术学院,徐州工业职业技术学院,653,,1785687510492176,纪嘉澍,2023-12-19 14:40,纪嘉澍,2023-12-19 14:40
安徽警官职业学院,安徽警官职业学院,654,,1785687510491248,纪嘉澍,2023-12-19 14:40,纪嘉澍,2023-12-19 14:40
南京大学金陵学院,南京大学金陵学院,655,,1785687510497376,纪嘉澍,2023-12-19 14:40,纪嘉澍,2023-12-19 14:40
广东理工职业学院,广东理工职业学院,656,,1785687510497392,纪嘉澍,2023-12-19 14:40,纪嘉澍,2023-12-19 14:40
内蒙古机电职业技术学院,内蒙古机电职业技术学院,657,,1785687510489200,纪嘉澍,2023-12-19 14:40,纪嘉澍,2023-12-19 14:40
四川文化产业职业学院,四川文化产业职业学院,658,,1785687510486016,纪嘉澍,2023-12-19 14:40,纪嘉澍,2023-12-19 14:40
淮北师范大学,淮北师范大学,659,,1785687510491232,纪嘉澍,2023-12-19 14:40,纪嘉澍,2023-12-19 14:40
辽宁工业大学,辽宁工业大学,660,,1785687510494256,纪嘉澍,2023-12-19 14:40,纪嘉澍,2023-12-19 14:40
青海师范大学,青海师范大学,661,,1785687510493184,纪嘉澍,2023-12-19 14:40,纪嘉澍,2023-12-19 14:40
湖南工业大学,湖南工业大学,662,,1785687510496320,纪嘉澍,2023-12-19 14:40,纪嘉澍,2023-12-19 14:40
上海应用技术大学,上海应用技术大学,663,,1785687510496368,纪嘉澍,2023-12-19 14:40,纪嘉澍,2023-12-19 14:40
武汉轻工大学,武汉轻工大学,664,,1785687510488096,纪嘉澍,2023-12-19 14:40,纪嘉澍,2023-12-19 14:40
北京信息科技大学,北京信息科技大学,665,,1785687510492192,纪嘉澍,2023-12-19 14:40,纪嘉澍,2023-12-19 14:40
福建中医药大学,福建中医药大学,666,,1785687510497360,纪嘉澍,2023-12-19 14:40,纪嘉澍,2023-12-19 14:40
广东海洋大学,广东海洋大学,667,,1785687510490176,纪嘉澍,2023-12-19 14:40,纪嘉澍,2023-12-19 14:40
河北地质大学,河北地质大学,668,,1785687510495344,纪嘉澍,2023-12-19 14:40,纪嘉澍,2023-12-19 14:40
长春中医药大学,长春中医药大学,669,,1785687510487040,纪嘉澍,2023-12-19 14:40,纪嘉澍,2023-12-19 14:40
西安工程大学,西安工程大学,670,,1785687510496352,纪嘉澍,2023-12-19 14:40,纪嘉澍,2023-12-19 14:40
沈阳理工大学,沈阳理工大学,671,,1785687510489168,纪嘉澍,2023-12-19 14:40,纪嘉澍,2023-12-19 14:40
国际关系学院,国际关系学院,672,,1785687510490192,纪嘉澍,2023-12-19 14:40,纪嘉澍,2023-12-19 14:40
贵州民族大学,贵州民族大学,673,,1785687510494224,纪嘉澍,2023-12-19 14:40,纪嘉澍,2023-12-19 14:40
肇庆医学高等专科学校,肇庆医学高等专科学校,674,,1785687510497344,纪嘉澍,2023-12-19 14:40,纪嘉澍,2023-12-19 14:40
安徽财经大学商学院,安徽财经大学商学院,675,,1785687510487056,纪嘉澍,2023-12-19 14:40,纪嘉澍,2023-12-19 14:40
山东警察学院,山东警察学院,676,,1785687510498368,纪嘉澍,2023-12-19 14:40,纪嘉澍,2023-12-19 14:40
青岛酒店管理职业技术学院,青岛酒店管理职业技术学院,677,,1785687510490224,纪嘉澍,2023-12-19 14:40,纪嘉澍,2023-12-19 14:40
同济大学浙江学院,同济大学浙江学院,678,,1785687510488112,纪嘉澍,2023-12-19 14:40,纪嘉澍,2023-12-19 14:40
贵州大学明德学院,贵州大学明德学院,679,,1785687510495296,纪嘉澍,2023-12-19 14:40,纪嘉澍,2023-12-19 14:40
公安海警学院,公安海警学院,680,,1785687510494240,纪嘉澍,2023-12-19 14:40,纪嘉澍,2023-12-19 14:40
北京科技经营管理学院,北京科技经营管理学院,681,,1785687510488064,纪嘉澍,2023-12-19 14:40,纪嘉澍,2023-12-19 14:40
长春科技学院,长春科技学院,682,,1785687510489184,纪嘉澍,2023-12-19 14:40,纪嘉澍,2023-12-19 14:40
兰州交通大学博文学院,兰州交通大学博文学院,683,,1785687510488080,纪嘉澍,2023-12-19 14:40,纪嘉澍,2023-12-19 14:40
中国人民解放军海军航空大学,中国人民解放军海军航空大学,684,,1785687510493216,纪嘉澍,2023-12-19 14:40,纪嘉澍,2023-12-19 14:40
云南师范大学文理学院,云南师范大学文理学院,685,,1785687510496336,纪嘉澍,2023-12-19 14:40,纪嘉澍,2023-12-19 14:40
广州铁路职业技术学院,广州铁路职业技术学院,686,,1785687510490208,纪嘉澍,2023-12-19 14:40,纪嘉澍,2023-12-19 14:40
吉林建筑科技学院,吉林建筑科技学院,687,,1785687510489152,纪嘉澍,2023-12-19 14:40,纪嘉澍,2023-12-19 14:40
南昌大学共青学院,南昌大学共青学院,688,,1785687510493232,纪嘉澍,2023-12-19 14:40,纪嘉澍,2023-12-19 14:40
山西建筑职业技术学院,山西建筑职业技术学院,689,,1785687510491200,纪嘉澍,2023-12-19 14:40,纪嘉澍,2023-12-19 14:40
中国矿业大学银川学院,中国矿业大学银川学院,690,,1785687510492208,纪嘉澍,2023-12-19 14:40,纪嘉澍,2023-12-19 14:40
中央音乐学院,中央音乐学院,691,,1785687510493200,纪嘉澍,2023-12-19 14:40,纪嘉澍,2023-12-19 14:40
浙江工商大学杭州商学院,浙江工商大学杭州商学院,692,,1785687510487088,纪嘉澍,2023-12-19 14:40,纪嘉澍,2023-12-19 14:40
广州城建职业学院,广州城建职业学院,693,,1785687510495312,纪嘉澍,2023-12-19 14:40,纪嘉澍,2023-12-19 14:40
天津滨海职业学院,天津滨海职业学院,694,,1785687510492160,纪嘉澍,2023-12-19 14:40,纪嘉澍,2023-12-19 14:40
宿迁学院,宿迁学院,695,,1785687510495328,纪嘉澍,2023-12-19 14:40,纪嘉澍,2023-12-19 14:40
陕西国防工业职业技术学院,陕西国防工业职业技术学院,696,,1785687510486032,纪嘉澍,2023-12-19 14:40,纪嘉澍,2023-12-19 14:40
海南软件职业技术学院,海南软件职业技术学院,697,,1785687510491216,纪嘉澍,2023-12-19 14:40,纪嘉澍,2023-12-19 14:40
广州南洋理工职业学院,广州南洋理工职业学院,698,,1785687510498384,纪嘉澍,2023-12-19 14:40,纪嘉澍,2023-12-19 14:40
南通大学杏林学院,南通大学杏林学院,699,,1785687510494208,纪嘉澍,2023-12-19 14:40,纪嘉澍,2023-12-19 14:40
四川工程职业技术学院,四川工程职业技术学院,700,,1785687510486064,纪嘉澍,2023-12-19 14:40,纪嘉澍,2023-12-19 14:40
北京青年政治学院,北京青年政治学院,701,,1785687510480944,纪嘉澍,2023-12-19 14:40,纪嘉澍,2023-12-19 14:40
四川音乐学院,四川音乐学院,702,,1785687510480928,纪嘉澍,2023-12-19 14:40,纪嘉澍,2023-12-19 14:40
广东轻工职业技术学院,广东轻工职业技术学院,703,,1785687510479920,纪嘉澍,2023-12-19 14:40,纪嘉澍,2023-12-19 14:40
中国人民大学(苏州校区),中国人民大学(苏州校区),704,,1785687504963620,纪嘉澍,2023-12-19 14:40,纪嘉澍,2023-12-19 14:40
上海交通大学医学院,上海交通大学医学院,705,,1785687504962580,纪嘉澍,2023-12-19 14:40,纪嘉澍,2023-12-19 14:40
华北电力大学(保定),华北电力大学(保定),707,,1785687504962564,纪嘉澍,2023-12-19 14:40,纪嘉澍,2023-12-19 14:40
合肥工业大学(宣城校区),合肥工业大学(宣城校区),708,,1785687510481952,纪嘉澍,2023-12-19 14:40,纪嘉澍,2023-12-19 14:40
广东以色列理工学院,广东以色列理工学院,709,,1785687510482976,纪嘉澍,2023-12-19 14:40,纪嘉澍,2023-12-19 14:40
复旦大学上海医学院,复旦大学上海医学院,710,,1785687504961556,纪嘉澍,2023-12-19 14:40,纪嘉澍,2023-12-19 14:40
东北大学秦皇岛分校,东北大学秦皇岛分校,711,,1785687510478896,纪嘉澍,2023-12-19 14:40,纪嘉澍,2023-12-19 14:40
电子科技大学(沙河校区),电子科技大学(沙河校区),712,,1785687510482944,纪嘉澍,2023-12-19 14:40,纪嘉澍,2023-12-19 14:40
大连理工大学(盘锦校区),大连理工大学(盘锦校区),713,,1785687510485008,纪嘉澍,2023-12-19 14:40,纪嘉澍,2023-12-19 14:40
成都学院,成都学院,714,,1785687510480896,纪嘉澍,2023-12-19 14:40,纪嘉澍,2023-12-19 14:40
北京邮电大学(宏福校区),北京邮电大学(宏福校区),715,,1785687504963604,纪嘉澍,2023-12-19 14:40,纪嘉澍,2023-12-19 14:40
北京交通大学(威海校区),北京交通大学(威海校区),716,,1785687504958500,纪嘉澍,2023-12-19 14:40,纪嘉澍,2023-12-19 14:40
北京大学医学部,北京大学医学部,717,,1785687504958516,纪嘉澍,2023-12-19 14:40,纪嘉澍,2023-12-19 14:40
天津职业大学,天津职业大学,718,,1785687510479872,纪嘉澍,2023-12-19 14:40,纪嘉澍,2023-12-19 14:40
山东科技大学,山东科技大学,719,,1785687510479888,纪嘉澍,2023-12-19 14:40,纪嘉澍,2023-12-19 14:40
延边大学,延边大学,720,,1785687510479904,纪嘉澍,2023-12-19 14:40,纪嘉澍,2023-12-19 14:40
河北师范大学,河北师范大学,721,,1785687504960564,纪嘉澍,2023-12-19 14:40,纪嘉澍,2023-12-19 14:40
上海中医药大学,上海中医药大学,722,,1785687510477824,纪嘉澍,2023-12-19 14:40,纪嘉澍,2023-12-19 14:40
河南农业大学,河南农业大学,723,,1785687510478848,纪嘉澍,2023-12-19 14:40,纪嘉澍,2023-12-19 14:40
江西财经大学,江西财经大学,724,,1785687504962596,纪嘉澍,2023-12-19 14:40,纪嘉澍,2023-12-19 14:40
华侨大学,华侨大学,725,,1785687510481920,纪嘉澍,2023-12-19 14:40,纪嘉澍,2023-12-19 14:40
南京林业大学,南京林业大学,726,,1785687510477872,纪嘉澍,2023-12-19 14:40,纪嘉澍,2023-12-19 14:40
重庆医科大学,重庆医科大学,727,,1785687510477856,纪嘉澍,2023-12-19 14:40,纪嘉澍,2023-12-19 14:40
青岛大学,青岛大学,728,,1785687510484016,纪嘉澍,2023-12-19 14:40,纪嘉澍,2023-12-19 14:40
南京医科大学,南京医科大学,729,,1785687510485040,纪嘉澍,2023-12-19 14:40,纪嘉澍,2023-12-19 14:40
广州大学,广州大学,730,,1785687510480912,纪嘉澍,2023-12-19 14:40,纪嘉澍,2023-12-19 14:40
河南理工大学,河南理工大学,731,,1785687504960532,纪嘉澍,2023-12-19 14:40,纪嘉澍,2023-12-19 14:40
哈尔滨理工大学,哈尔滨理工大学,732,,1785687510477840,纪嘉澍,2023-12-19 14:40,纪嘉澍,2023-12-19 14:40
河北农业大学,河北农业大学,733,,1785687510484992,纪嘉澍,2023-12-19 14:40,纪嘉澍,2023-12-19 14:40
中国药科大学,中国药科大学,734,,1785687504960548,纪嘉澍,2023-12-19 14:40,纪嘉澍,2023-12-19 14:40
西北师范大学,西北师范大学,735,,1785687510482992,纪嘉澍,2023-12-19 14:40,纪嘉澍,2023-12-19 14:40
北京外国语大学,北京外国语大学,736,,1785687510478880,纪嘉澍,2023-12-19 14:40,纪嘉澍,2023-12-19 14:40
黑龙江大学,黑龙江大学,737,,1785687504963588,纪嘉澍,2023-12-19 14:40,纪嘉澍,2023-12-19 14:40
宁夏大学,宁夏大学,738,,1785687504961540,纪嘉澍,2023-12-19 14:40,纪嘉澍,2023-12-19 14:40
河北工业大学,河北工业大学,739,,1785687510478864,纪嘉澍,2023-12-19 14:40,纪嘉澍,2023-12-19 14:40
山东师范大学,山东师范大学,740,,1785687504960516,纪嘉澍,2023-12-19 14:40,纪嘉澍,2023-12-19 14:40
福建农林大学,福建农林大学,741,,1785687510483968,纪嘉澍,2023-12-19 14:40,纪嘉澍,2023-12-19 14:40
江苏大学,江苏大学,742,,1785687510484000,纪嘉澍,2023-12-19 14:40,纪嘉澍,2023-12-19 14:40
四川农业大学,四川农业大学,743,,1785687504961572,纪嘉澍,2023-12-19 14:40,纪嘉澍,2023-12-19 14:40
湖北大学,湖北大学,744,,1785687510481936,纪嘉澍,2023-12-19 14:40,纪嘉澍,2023-12-19 14:40
上海师范大学,上海师范大学,745,,1785687504962612,纪嘉澍,2023-12-19 14:40,纪嘉澍,2023-12-19 14:40
西安理工大学,西安理工大学,746,,1785687510482960,纪嘉澍,2023-12-19 14:40,纪嘉澍,2023-12-19 14:40
首都经济贸易大学,首都经济贸易大学,747,,1785687510485024,纪嘉澍,2023-12-19 14:40,纪嘉澍,2023-12-19 14:40
哈尔滨医科大学,哈尔滨医科大学,748,,1785687504961588,纪嘉澍,2023-12-19 14:40,纪嘉澍,2023-12-19 14:40
商丘师范学院,商丘师范学院,749,,1785687510483984,纪嘉澍,2023-12-19 14:40,纪嘉澍,2023-12-19 14:40
黑龙江八一农垦大学,黑龙江八一农垦大学,750,,1785687504963636,纪嘉澍,2023-12-19 14:40,纪嘉澍,2023-12-19 14:40
徐州医科大学,徐州医科大学,751,,1785687510481968,纪嘉澍,2023-12-19 14:40,纪嘉澍,2023-12-19 14:40
北京第二外国语学院,北京第二外国语学院,752,,1785687510830219,纪嘉澍,2023-12-19 14:40,纪嘉澍,2023-12-19 14:40
聊城大学,聊城大学,753,,1785687510503504,纪嘉澍,2023-12-19 14:40,纪嘉澍,2023-12-19 14:40
绍兴文理学院,绍兴文理学院,754,,1785687510836347,纪嘉澍,2023-12-19 14:40,纪嘉澍,2023-12-19 14:40
内蒙古民族大学,内蒙古民族大学,755,,1785687510833275,纪嘉澍,2023-12-19 14:40,纪嘉澍,2023-12-19 14:40
渤海大学,渤海大学,756,,1785687510832251,纪嘉澍,2023-12-19 14:40,纪嘉澍,2023-12-19 14:40
大连民族大学,大连民族大学,757,,1785687510836315,纪嘉澍,2023-12-19 14:40,纪嘉澍,2023-12-19 14:40
安徽工程大学,安徽工程大学,758,,1785687510834347,纪嘉澍,2023-12-19 14:40,纪嘉澍,2023-12-19 14:40
青岛农业大学,青岛农业大学,759,,1785687510502416,纪嘉澍,2023-12-19 14:40,纪嘉澍,2023-12-19 14:40
中国青年政治学院,中国青年政治学院,760,,1785687510498400,纪嘉澍,2023-12-19 14:40,纪嘉澍,2023-12-19 14:40
江西中医药大学,江西中医药大学,761,,1785687510831211,纪嘉澍,2023-12-19 14:40,纪嘉澍,2023-12-19 14:40
广东金融学院,广东金融学院,762,,1785687510831179,纪嘉澍,2023-12-19 14:40,纪嘉澍,2023-12-19 14:40
中原工学院,中原工学院,763,,1785687510499360,纪嘉澍,2023-12-19 14:40,纪嘉澍,2023-12-19 14:40
琼台师范学院,琼台师范学院,764,,1785687510836331,纪嘉澍,2023-12-19 14:40,纪嘉澍,2023-12-19 14:40
辽宁警察学院,辽宁警察学院,765,,1785687510830267,纪嘉澍,2023-12-19 14:40,纪嘉澍,2023-12-19 14:40
江苏建筑职业技术学院,江苏建筑职业技术学院,766,,1785687510833243,纪嘉澍,2023-12-19 14:40,纪嘉澍,2023-12-19 14:40
阳光学院,阳光学院,767,,1785687510834315,纪嘉澍,2023-12-19 14:40,纪嘉澍,2023-12-19 14:40
广东水利电力职业技术学院,广东水利电力职业技术学院,768,,1785687510836299,纪嘉澍,2023-12-19 14:40,纪嘉澍,2023-12-19 14:40
苏州经贸职业技术学院,苏州经贸职业技术学院,769,,1785687510831227,纪嘉澍,2023-12-19 14:40,纪嘉澍,2023-12-19 14:40
浙江金融职业学院,浙江金融职业学院,770,,1785687510834331,纪嘉澍,2023-12-19 14:40,纪嘉澍,2023-12-19 14:40
河南工业职业技术学院,河南工业职业技术学院,771,,1785687510498416,纪嘉澍,2023-12-19 14:40,纪嘉澍,2023-12-19 14:40
青海大学昆仑学院,青海大学昆仑学院,772,,1785687510503488,纪嘉澍,2023-12-19 14:40,纪嘉澍,2023-12-19 14:40
甘肃建筑职业技术学院,甘肃建筑职业技术学院,773,,1785687510503520,纪嘉澍,2023-12-19 14:40,纪嘉澍,2023-12-19 14:40
辽宁中医药大学杏林学院,辽宁中医药大学杏林学院,774,,1785687510833259,纪嘉澍,2023-12-19 14:40,纪嘉澍,2023-12-19 14:40
山东艺术学院,山东艺术学院,775,,1785687510830235,纪嘉澍,2023-12-19 14:40,纪嘉澍,2023-12-19 14:40
苏州科技大学天平学院,苏州科技大学天平学院,776,,1785687510499328,纪嘉澍,2023-12-19 14:40,纪嘉澍,2023-12-19 14:40
吉林师范大学博达学院,吉林师范大学博达学院,777,,1785687510499376,纪嘉澍,2023-12-19 14:40,纪嘉澍,2023-12-19 14:40
燕山大学,燕山大学,778,,1785687510837339,纪嘉澍,2023-12-19 14:40,纪嘉澍,2023-12-19 14:40
首都医科大学,首都医科大学,779,,1785687510500448,纪嘉澍,2023-12-19 14:40,纪嘉澍,2023-12-19 14:40
新疆大学,新疆大学,780,,1785687510832203,纪嘉澍,2023-12-19 14:40,纪嘉澍,2023-12-19 14:40
浙江工业大学,浙江工业大学,781,,1785687510502400,纪嘉澍,2023-12-19 14:40,纪嘉澍,2023-12-19 14:40
南方医科大学,南方医科大学,782,,1785687510835307,纪嘉澍,2023-12-19 14:40,纪嘉澍,2023-12-19 14:40
江南大学,江南大学,783,,1785687510500432,纪嘉澍,2023-12-19 14:40,纪嘉澍,2023-12-19 14:40
安徽大学,安徽大学,784,,1785687510502432,纪嘉澍,2023-12-19 14:40,纪嘉澍,2023-12-19 14:40
南京工业大学,南京工业大学,785,,1785687510833227,纪嘉澍,2023-12-19 14:40,纪嘉澍,2023-12-19 14:40
海南大学,海南大学,786,,1785687510500464,纪嘉澍,2023-12-19 14:40,纪嘉澍,2023-12-19 14:40
深圳大学,深圳大学,787,,1785687510499344,纪嘉澍,2023-12-19 14:40,纪嘉澍,2023-12-19 14:40
太原理工大学,太原理工大学,788,,1785687510830251,纪嘉澍,2023-12-19 14:40,纪嘉澍,2023-12-19 14:40
浙江师范大学,浙江师范大学,789,,1785687510837355,纪嘉澍,2023-12-19 14:40,纪嘉澍,2023-12-19 14:40
内蒙古大学,内蒙古大学,790,,1785687510502448,纪嘉澍,2023-12-19 14:40,纪嘉澍,2023-12-19 14:40
河北大学,河北大学,791,,1785687510837371,纪嘉澍,2023-12-19 14:40,纪嘉澍,2023-12-19 14:40
辽宁大学,辽宁大学,792,,1785687510503536,纪嘉澍,2023-12-19 14:40,纪嘉澍,2023-12-19 14:40
昭通学院,昭通学院,793,,1785687510832219,纪嘉澍,2023-12-19 14:40,纪嘉澍,2023-12-19 14:40
中国传媒大学,中国传媒大学,794,,1785687510500416,纪嘉澍,2023-12-19 14:40,纪嘉澍,2023-12-19 14:40
国防科技大学,国防科技大学,795,,1785687510831195,纪嘉澍,2023-12-19 14:40,纪嘉澍,2023-12-19 14:40
山东大学(威海校区),山东大学(威海校区),796,,1785687510832235,纪嘉澍,2023-12-19 14:40,纪嘉澍,2023-12-19 14:40
中国人民公安大学,中国人民公安大学,797,,1785687510835323,纪嘉澍,2023-12-19 14:40,纪嘉澍,2023-12-19 14:40
浙江传媒学院,浙江传媒学院,798,,1785687510835291,纪嘉澍,2023-12-19 14:40,纪嘉澍,2023-12-19 14:40
四川外国语大学,四川外国语大学,799,,1785687510834363,纪嘉澍,2023-12-19 14:40,纪嘉澍,2023-12-19 14:40
日照职业技术学院,日照职业技术学院,800,,1785687510837323,纪嘉澍,2023-12-19 14:40,纪嘉澍,2023-12-19 14:40
北京城市学院,北京城市学院,801,,1785687510835275,纪嘉澍,2023-12-19 14:40,纪嘉澍,2023-12-19 14:40
西安外事学院,西安外事学院,802,,1785687519630441,纪嘉澍,2023-12-19 14:40,纪嘉澍,2023-12-19 14:40
重庆交通职业学院,重庆交通职业学院,803,,1785687519633417,纪嘉澍,2023-12-19 14:40,纪嘉澍,2023-12-19 14:40
江西科技学院,江西科技学院,804,,1785687519497242,纪嘉澍,2023-12-19 14:40,纪嘉澍,2023-12-19 14:40
重庆大学城市科技学院,重庆大学城市科技学院,805,,1785687519635513,纪嘉澍,2023-12-19 14:40,纪嘉澍,2023-12-19 14:40
燕京理工学院,燕京理工学院,806,,1785687519504506,纪嘉澍,2023-12-19 14:40,纪嘉澍,2023-12-19 14:40
青岛理工大学琴岛学院,青岛理工大学琴岛学院,807,,1785687519632409,纪嘉澍,2023-12-19 14:40,纪嘉澍,2023-12-19 14:40
秦皇岛职业技术学院,秦皇岛职业技术学院,808,,1785687519633465,纪嘉澍,2023-12-19 14:40,纪嘉澍,2023-12-19 14:40
漯河职业技术学院,漯河职业技术学院,809,,1785687519626345,纪嘉澍,2023-12-19 14:40,纪嘉澍,2023-12-19 14:40
广东海洋大学寸金学院,广东海洋大学寸金学院,810,,1785687519627353,纪嘉澍,2023-12-19 14:40,纪嘉澍,2023-12-19 14:40
解放军装备学院,解放军装备学院,811,,1785687519500298,纪嘉澍,2023-12-19 14:40,纪嘉澍,2023-12-19 14:40
山东电力高等专科学校,山东电力高等专科学校,812,,1785687519632425,纪嘉澍,2023-12-19 14:40,纪嘉澍,2023-12-19 14:40
广州工商学院,广州工商学院,813,,1785687519626361,纪嘉澍,2023-12-19 14:40,纪嘉澍,2023-12-19 14:40
鹤壁职业技术学院,鹤壁职业技术学院,814,,1785687519634457,纪嘉澍,2023-12-19 14:40,纪嘉澍,2023-12-19 14:40
四川中医药高等专科学校,四川中医药高等专科学校,815,,1785687519628409,纪嘉澍,2023-12-19 14:40,纪嘉澍,2023-12-19 14:40
渤海石油职业学院,渤海石油职业学院,816,,1785687519499370,纪嘉澍,2023-12-19 14:40,纪嘉澍,2023-12-19 14:40
吉林警察学院,吉林警察学院,817,,1785687519502410,纪嘉澍,2023-12-19 14:40,纪嘉澍,2023-12-19 14:40
江苏科技大学苏州理工学院,江苏科技大学苏州理工学院,818,,1785687519497274,纪嘉澍,2023-12-19 14:40,纪嘉澍,2023-12-19 14:40
连云港师范高等专科学校,连云港师范高等专科学校,819,,1785687519503370,纪嘉澍,2023-12-19 14:40,纪嘉澍,2023-12-19 14:40
长春医学高等专科学校,长春医学高等专科学校,820,,1785687519627401,纪嘉澍,2023-12-19 14:40,纪嘉澍,2023-12-19 14:40
四川邮电职业技术学院,四川邮电职业技术学院,821,,1785687519503402,纪嘉澍,2023-12-19 14:40,纪嘉澍,2023-12-19 14:40
江西中医药高等专科学校,江西中医药高等专科学校,822,,1785687519506586,纪嘉澍,2023-12-19 14:40,纪嘉澍,2023-12-19 14:40
华东交通大学,华东交通大学,823,,1785687519628377,纪嘉澍,2023-12-19 14:40,纪嘉澍,2023-12-19 14:40
山西财经大学,山西财经大学,824,,1785687519498282,纪嘉澍,2023-12-19 14:40,纪嘉澍,2023-12-19 14:40
山东理工大学,山东理工大学,825,,1785687519502426,纪嘉澍,2023-12-19 14:40,纪嘉澍,2023-12-19 14:40
重庆理工大学,重庆理工大学,826,,1785687519630425,纪嘉澍,2023-12-19 14:40,纪嘉澍,2023-12-19 14:40
大连交通大学,大连交通大学,827,,1785687519505546,纪嘉澍,2023-12-19 14:40,纪嘉澍,2023-12-19 14:40
哈尔滨商业大学,哈尔滨商业大学,828,,1785687519506618,纪嘉澍,2023-12-19 14:40,纪嘉澍,2023-12-19 14:40
内蒙古科技大学,内蒙古科技大学,829,,1785687519501322,纪嘉澍,2023-12-19 14:40,纪嘉澍,2023-12-19 14:40
山西师范大学,山西师范大学,830,,1785687519501338,纪嘉澍,2023-12-19 14:40,纪嘉澍,2023-12-19 14:40
南京财经大学,南京财经大学,831,,1785687519506570,纪嘉澍,2023-12-19 14:40,纪嘉澍,2023-12-19 14:40
集美大学,集美大学,832,,1785687519629433,纪嘉澍,2023-12-19 14:40,纪嘉澍,2023-12-19 14:40
云南财经大学,云南财经大学,833,,1785687519634441,纪嘉澍,2023-12-19 14:40,纪嘉澍,2023-12-19 14:40
海南师范大学,海南师范大学,834,,1785687519499338,纪嘉澍,2023-12-19 14:40,纪嘉澍,2023-12-19 14:40
广东财经大学,广东财经大学,835,,1785687519634489,纪嘉澍,2023-12-19 14:40,纪嘉澍,2023-12-19 14:40
成都信息工程学院,成都信息工程学院,836,,1785687519504458,纪嘉澍,2023-12-19 14:40,纪嘉澍,2023-12-19 14:40
福建医科大学,福建医科大学,837,,1785687519628393,纪嘉澍,2023-12-19 14:40,纪嘉澍,2023-12-19 14:40
南昌工程学院,南昌工程学院,838,,1785687519498298,纪嘉澍,2023-12-19 14:40,纪嘉澍,2023-12-19 14:40
甘肃中医药大学,甘肃中医药大学,839,,1785687519502458,纪嘉澍,2023-12-19 14:40,纪嘉澍,2023-12-19 14:40
天津外国语大学,天津外国语大学,840,,1785687519505578,纪嘉澍,2023-12-19 14:40,纪嘉澍,2023-12-19 14:40
河北科技师范学院,河北科技师范学院,841,,1785687519630457,纪嘉澍,2023-12-19 14:40,纪嘉澍,2023-12-19 14:40
东莞理工学院,东莞理工学院,842,,1785687519629417,纪嘉澍,2023-12-19 14:40,纪嘉澍,2023-12-19 14:40
遵义医科大学,遵义医科大学,843,,1785687519633433,纪嘉澍,2023-12-19 14:40,纪嘉澍,2023-12-19 14:40
中国民用航空飞行学院,中国民用航空飞行学院,844,,1785687519500330,纪嘉澍,2023-12-19 14:40,纪嘉澍,2023-12-19 14:40
江西科技师范大学,江西科技师范大学,845,,1785687519635481,纪嘉澍,2023-12-19 14:40,纪嘉澍,2023-12-19 14:40
喀什大学,喀什大学,846,,1785687519504490,纪嘉澍,2023-12-19 14:40,纪嘉澍,2023-12-19 14:40
厦门理工学院,厦门理工学院,847,,1785687519634473,纪嘉澍,2023-12-19 14:40,纪嘉澍,2023-12-19 14:40
辽宁石油化工大学,辽宁石油化工大学,848,,1785687519632393,纪嘉澍,2023-12-19 14:40,纪嘉澍,2023-12-19 14:40
兰州财经大学,兰州财经大学,849,,1785687519627369,纪嘉澍,2023-12-19 14:40,纪嘉澍,2023-12-19 14:40
沈阳大学,沈阳大学,850,,1785687519626313,纪嘉澍,2023-12-19 14:40,纪嘉澍,2023-12-19 14:40
新乡医学院,新乡医学院,851,,1785687519500346,纪嘉澍,2023-12-19 14:40,纪嘉澍,2023-12-19 14:40
湖北汽车工业学院,湖北汽车工业学院,852,,1785687518838835,纪嘉澍,2023-12-19 14:40,纪嘉澍,2023-12-19 14:40
河南职业技术学院,河南职业技术学院,853,,1785687518844931,纪嘉澍,2023-12-19 14:40,纪嘉澍,2023-12-19 14:40
中国人民解放军海军军医大学,中国人民解放军海军军医大学,854,,1785687518840867,纪嘉澍,2023-12-19 14:40,纪嘉澍,2023-12-19 14:40
华北电力大学科技学院,华北电力大学科技学院,855,,1785687510855771,纪嘉澍,2023-12-19 14:40,纪嘉澍,2023-12-19 14:40
郑州工业应用技术学院,郑州工业应用技术学院,856,,1785687518844947,纪嘉澍,2023-12-19 14:40,纪嘉澍,2023-12-19 14:40
首都师范大学科德学院,首都师范大学科德学院,857,,1785687510852667,纪嘉澍,2023-12-19 14:40,纪嘉澍,2023-12-19 14:40
黑龙江东方学院,黑龙江东方学院,858,,1785687518844979,纪嘉澍,2023-12-19 14:40,纪嘉澍,2023-12-19 14:40
四川大学锦江学院,四川大学锦江学院,859,,1785687510855803,纪嘉澍,2023-12-19 14:40,纪嘉澍,2023-12-19 14:40
湖南涉外经济学院,湖南涉外经济学院,860,,1785687518840883,纪嘉澍,2023-12-19 14:40,纪嘉澍,2023-12-19 14:40
河北大学工商学院,河北大学工商学院,861,,1785687518839843,纪嘉澍,2023-12-19 14:40,纪嘉澍,2023-12-19 14:40
厦门医学院,厦门医学院,862,,1785687518842883,纪嘉澍,2023-12-19 14:40,纪嘉澍,2023-12-19 14:40
河北科技大学理工学院,河北科技大学理工学院,863,,1785687518839811,纪嘉澍,2023-12-19 14:40,纪嘉澍,2023-12-19 14:40
河北医科大学临床学院,河北医科大学临床学院,864,,1785687518840835,纪嘉澍,2023-12-19 14:40,纪嘉澍,2023-12-19 14:40
北京工商大学嘉华学院,北京工商大学嘉华学院,865,,1785687518842915,纪嘉澍,2023-12-19 14:40,纪嘉澍,2023-12-19 14:40
广东白云学院,广东白云学院,866,,1785687510854667,纪嘉澍,2023-12-19 14:40,纪嘉澍,2023-12-19 14:40
中国人民解放军信息工程大学,中国人民解放军信息工程大学,867,,1785687518838803,纪嘉澍,2023-12-19 14:40,纪嘉澍,2023-12-19 14:40
河南工学院,河南工学院,868,,1785687518840851,纪嘉澍,2023-12-19 14:40,纪嘉澍,2023-12-19 14:40
大连理工大学城市学院,大连理工大学城市学院,869,,1785687510854683,纪嘉澍,2023-12-19 14:40,纪嘉澍,2023-12-19 14:40
北京体育大学,北京体育大学,870,,1785687518843939,纪嘉澍,2023-12-19 14:40,纪嘉澍,2023-12-19 14:40
黄河科技学院,黄河科技学院,871,,1785687518846003,纪嘉澍,2023-12-19 14:40,纪嘉澍,2023-12-19 14:40
郑州工商学院,郑州工商学院,872,,1785687518838819,纪嘉澍,2023-12-19 14:40,纪嘉澍,2023-12-19 14:40
中央司法警官学院,中央司法警官学院,873,,1785687510853691,纪嘉澍,2023-12-19 14:40,纪嘉澍,2023-12-19 14:40
三亚学院,三亚学院,874,,1785687510848555,纪嘉澍,2023-12-19 14:40,纪嘉澍,2023-12-19 14:40
西安培华学院,西安培华学院,875,,1785687510853675,纪嘉澍,2023-12-19 14:40,纪嘉澍,2023-12-19 14:40
北京理工大学珠海学院,北京理工大学珠海学院,876,,1785687510851643,纪嘉澍,2023-12-19 14:40,纪嘉澍,2023-12-19 14:40
西南财经大学天府学院,西南财经大学天府学院,877,,1785687510854715,纪嘉澍,2023-12-19 14:40,纪嘉澍,2023-12-19 14:40
浙江大学城市学院,浙江大学城市学院,878,,1785687510849579,纪嘉澍,2023-12-19 14:40,纪嘉澍,2023-12-19 14:40
中国地质大学(北京),中国地质大学(北京),879,,1785687510853643,纪嘉澍,2023-12-19 14:40,纪嘉澍,2023-12-19 14:40
西安欧亚学院,西安欧亚学院,880,,1785687518841875,纪嘉澍,2023-12-19 14:40,纪嘉澍,2023-12-19 14:40
西安翻译学院,西安翻译学院,881,,1785687518838787,纪嘉澍,2023-12-19 14:40,纪嘉澍,2023-12-19 14:40
烟台大学文经学院,烟台大学文经学院,882,,1785687510850587,纪嘉澍,2023-12-19 14:40,纪嘉澍,2023-12-19 14:40
贵州师范大学,贵州师范大学,883,,1785687518845971,纪嘉澍,2023-12-19 14:40,纪嘉澍,2023-12-19 14:40
东华理工大学,东华理工大学,884,,1785687518839827,纪嘉澍,2023-12-19 14:40,纪嘉澍,2023-12-19 14:40
石家庄铁道大学,石家庄铁道大学,885,,1785687510852635,纪嘉澍,2023-12-19 14:40,纪嘉澍,2023-12-19 14:40
重庆工商大学,重庆工商大学,886,,1785687518843955,纪嘉澍,2023-12-19 14:40,纪嘉澍,2023-12-19 14:40
河南科技大学,河南科技大学,887,,1785687510851595,纪嘉澍,2023-12-19 14:40,纪嘉澍,2023-12-19 14:40
沈阳航空航天大学,沈阳航空航天大学,888,,1785687518843923,纪嘉澍,2023-12-19 14:40,纪嘉澍,2023-12-19 14:40
上海对外经贸大学,上海对外经贸大学,889,,1785687518845987,纪嘉澍,2023-12-19 14:40,纪嘉澍,2023-12-19 14:40
景德镇陶瓷大学,景德镇陶瓷大学,890,,1785687510850603,纪嘉澍,2023-12-19 14:40,纪嘉澍,2023-12-19 14:40
江苏科技大学,江苏科技大学,891,,1785687518841907,纪嘉澍,2023-12-19 14:40,纪嘉澍,2023-12-19 14:40
山东中医药大学,山东中医药大学,892,,1785687518842931,纪嘉澍,2023-12-19 14:40,纪嘉澍,2023-12-19 14:40
浙江农林大学,浙江农林大学,893,,1785687510850619,纪嘉澍,2023-12-19 14:40,纪嘉澍,2023-12-19 14:40
浙江财经大学,浙江财经大学,894,,1785687510849547,纪嘉澍,2023-12-19 14:40,纪嘉澍,2023-12-19 14:40
温州大学,温州大学,895,,1785687510852619,纪嘉澍,2023-12-19 14:40,纪嘉澍,2023-12-19 14:40
烟台大学,烟台大学,896,,1785687510849595,纪嘉澍,2023-12-19 14:40,纪嘉澍,2023-12-19 14:40
武汉工程大学,武汉工程大学,897,,1785687518843907,纪嘉澍,2023-12-19 14:40,纪嘉澍,2023-12-19 14:40
长沙师范学院,长沙师范学院,898,,1785687510849563,纪嘉澍,2023-12-19 14:40,纪嘉澍,2023-12-19 14:40
普洱学院,普洱学院,899,,1785687510851627,纪嘉澍,2023-12-19 14:40,纪嘉澍,2023-12-19 14:40
蚌埠学院,蚌埠学院,900,,1785687518841859,纪嘉澍,2023-12-19 14:40,纪嘉澍,2023-12-19 14:40
铜仁学院,铜仁学院,901,,1785687510854699,纪嘉澍,2023-12-19 14:40,纪嘉澍,2023-12-19 14:40
武汉商学院,武汉商学院,902,,1785687553520683,纪嘉澍,2023-12-19 14:40,纪嘉澍,2023-12-19 14:40
山东农业工程学院,山东农业工程学院,903,,1785687553278010,纪嘉澍,2023-12-19 14:40,纪嘉澍,2023-12-19 14:40
成都师范学院,成都师范学院,904,,1785687553522747,纪嘉澍,2023-12-19 14:40,纪嘉澍,2023-12-19 14:40
陕西学前师范学院,陕西学前师范学院,905,,1785687553523739,纪嘉澍,2023-12-19 14:40,纪嘉澍,2023-12-19 14:40
四川民族学院,四川民族学院,906,,1785687553518603,纪嘉澍,2023-12-19 14:40,纪嘉澍,2023-12-19 14:40
保山学院,保山学院,907,,1785687553520699,纪嘉澍,2023-12-19 14:40,纪嘉澍,2023-12-19 14:40
昆明学院,昆明学院,908,,1785687553280074,纪嘉澍,2023-12-19 14:40,纪嘉澍,2023-12-19 14:40
兰州工业学院,兰州工业学院,909,,1785687553524795,纪嘉澍,2023-12-19 14:40,纪嘉澍,2023-12-19 14:40
六盘水师范学院,六盘水师范学院,910,,1785687553517627,纪嘉澍,2023-12-19 14:40,纪嘉澍,2023-12-19 14:40
呼和浩特民族学院,呼和浩特民族学院,911,,1785687553522699,纪嘉澍,2023-12-19 14:40,纪嘉澍,2023-12-19 14:40
贵州工程应用技术学院,贵州工程应用技术学院,912,,1785687553518635,纪嘉澍,2023-12-19 14:40,纪嘉澍,2023-12-19 14:40
南阳医学高等专科学校,南阳医学高等专科学校,913,,1785687553519659,纪嘉澍,2023-12-19 14:40,纪嘉澍,2023-12-19 14:40
南京邮电大学通达学院,南京邮电大学通达学院,914,,1785687553279098,纪嘉澍,2023-12-19 14:40,纪嘉澍,2023-12-19 14:40
保定职业技术学院,保定职业技术学院,915,,1785687553521723,纪嘉澍,2023-12-19 14:40,纪嘉澍,2023-12-19 14:40
四川建筑职业技术学院,四川建筑职业技术学院,916,,1785687553281130,纪嘉澍,2023-12-19 14:40,纪嘉澍,2023-12-19 14:40
南京师范大学中北学院,南京师范大学中北学院,917,,1785687553517579,纪嘉澍,2023-12-19 14:40,纪嘉澍,2023-12-19 14:40
哈尔滨铁道职业技术学院,哈尔滨铁道职业技术学院,918,,1785687553521691,纪嘉澍,2023-12-19 14:40,纪嘉澍,2023-12-19 14:40
黑龙江财经学院,黑龙江财经学院,919,,1785687553523755,纪嘉澍,2023-12-19 14:40,纪嘉澍,2023-12-19 14:40
菏泽医学专科学校,菏泽医学专科学校,920,,1785687553523771,纪嘉澍,2023-12-19 14:40,纪嘉澍,2023-12-19 14:40
苏州卫生职业技术学院,苏州卫生职业技术学院,921,,1785687553276986,纪嘉澍,2023-12-19 14:40,纪嘉澍,2023-12-19 14:40
武汉设计工程学院,武汉设计工程学院,922,,1785687553525803,纪嘉澍,2023-12-19 14:40,纪嘉澍,2023-12-19 14:40
江西警察学院,江西警察学院,923,,1785687553279050,纪嘉澍,2023-12-19 14:40,纪嘉澍,2023-12-19 14:40
江苏海事职业技术学院,江苏海事职业技术学院,924,,1785687553281146,纪嘉澍,2023-12-19 14:40,纪嘉澍,2023-12-19 14:40
西安工业大学北方信息工程学院,西安工业大学北方信息工程学院,925,,1785687553521675,纪嘉澍,2023-12-19 14:40,纪嘉澍,2023-12-19 14:40
西安医学高等专科学校,西安医学高等专科学校,926,,1785687553281098,纪嘉澍,2023-12-19 14:40,纪嘉澍,2023-12-19 14:40
上海旅游高等专科学校,上海旅游高等专科学校,927,,1785687553519675,纪嘉澍,2023-12-19 14:40,纪嘉澍,2023-12-19 14:40
重庆人文科技学院,重庆人文科技学院,928,,1785687553524747,纪嘉澍,2023-12-19 14:40,纪嘉澍,2023-12-19 14:40
武昌首义学院,武昌首义学院,929,,1785687553519643,纪嘉澍,2023-12-19 14:40,纪嘉澍,2023-12-19 14:40
上海杉达学院,上海杉达学院,930,,1785687553517611,纪嘉澍,2023-12-19 14:40,纪嘉澍,2023-12-19 14:40
重庆医药高等专科学校,重庆医药高等专科学校,931,,1785687553280090,纪嘉澍,2023-12-19 14:40,纪嘉澍,2023-12-19 14:40
西安建筑科技大学华清学院,西安建筑科技大学华清学院,932,,1785687553518619,纪嘉澍,2023-12-19 14:40,纪嘉澍,2023-12-19 14:40
三江学院,三江学院,933,,1785687553280106,纪嘉澍,2023-12-19 14:40,纪嘉澍,2023-12-19 14:40
集美大学诚毅学院,集美大学诚毅学院,934,,1785687553518651,纪嘉澍,2023-12-19 14:40,纪嘉澍,2023-12-19 14:40
西安思源学院,西安思源学院,935,,1785687553520651,纪嘉澍,2023-12-19 14:40,纪嘉澍,2023-12-19 14:40
天津大学仁爱学院,天津大学仁爱学院,936,,1785687553522731,纪嘉澍,2023-12-19 14:40,纪嘉澍,2023-12-19 14:40
上海建桥学院,上海建桥学院,937,,1785687553281114,纪嘉澍,2023-12-19 14:40,纪嘉澍,2023-12-19 14:40
厦门工学院,厦门工学院,938,,1785687553524763,纪嘉澍,2023-12-19 14:40,纪嘉澍,2023-12-19 14:40
北京邮电大学世纪学院,北京邮电大学世纪学院,939,,1785687553522715,纪嘉澍,2023-12-19 14:40,纪嘉澍,2023-12-19 14:40
重庆工商大学融智学院,重庆工商大学融智学院,940,,1785687553525787,纪嘉澍,2023-12-19 14:40,纪嘉澍,2023-12-19 14:40
北京中医药大学东方学院,北京中医药大学东方学院,941,,1785687553279066,纪嘉澍,2023-12-19 14:40,纪嘉澍,2023-12-19 14:40
中原工学院信息商务学院,中原工学院信息商务学院,942,,1785687553524779,纪嘉澍,2023-12-19 14:40,纪嘉澍,2023-12-19 14:40
宜春学院,宜春学院,943,,1785687553523723,纪嘉澍,2023-12-19 14:40,纪嘉澍,2023-12-19 14:40
太原师范学院,太原师范学院,944,,1785687553277962,纪嘉澍,2023-12-19 14:40,纪嘉澍,2023-12-19 14:40
湖北文理学院,湖北文理学院,945,,1785687553277978,纪嘉澍,2023-12-19 14:40,纪嘉澍,2023-12-19 14:40
长治医学院,长治医学院,946,,1785687553277994,纪嘉澍,2023-12-19 14:40,纪嘉澍,2023-12-19 14:40
淮阴工学院,淮阴工学院,947,,1785687553520667,纪嘉澍,2023-12-19 14:40,纪嘉澍,2023-12-19 14:40
天水师范学院,天水师范学院,948,,1785687553279082,纪嘉澍,2023-12-19 14:40,纪嘉澍,2023-12-19 14:40
衢州学院,衢州学院,949,,1785687553521707,纪嘉澍,2023-12-19 14:40,纪嘉澍,2023-12-19 14:40
湖南理工学院,湖南理工学院,950,,1785687553519627,纪嘉澍,2023-12-19 14:40,纪嘉澍,2023-12-19 14:40
北华航天工业学院,北华航天工业学院,951,,1785687553280122,纪嘉澍,2023-12-19 14:40,纪嘉澍,2023-12-19 14:40
成都大学,成都大学,952,,1785687562646537,纪嘉澍,2023-12-19 14:40,纪嘉澍,2023-12-19 14:40
湖南城市学院,湖南城市学院,953,,1785687562647609,纪嘉澍,2023-12-19 14:40,纪嘉澍,2023-12-19 14:40
石家庄学院,石家庄学院,954,,1785687562647577,纪嘉澍,2023-12-19 14:40,纪嘉澍,2023-12-19 14:40
南京晓庄学院,南京晓庄学院,955,,1785687562653785,纪嘉澍,2023-12-19 14:40,纪嘉澍,2023-12-19 14:40
三明学院,三明学院,956,,1785687562648585,纪嘉澍,2023-12-19 14:40,纪嘉澍,2023-12-19 14:40
湖南人文科技学院,湖南人文科技学院,957,,1785687562651673,纪嘉澍,2023-12-19 14:40,纪嘉澍,2023-12-19 14:40
南京工程学院,南京工程学院,958,,1785687562651689,纪嘉澍,2023-12-19 14:40,纪嘉澍,2023-12-19 14:40
佳木斯大学,佳木斯大学,959,,1785687562652697,纪嘉澍,2023-12-19 14:40,纪嘉澍,2023-12-19 14:40
北京服装学院,北京服装学院,960,,1785687562646553,纪嘉澍,2023-12-19 14:40,纪嘉澍,2023-12-19 14:40
福建工程学院,福建工程学院,961,,1785687562652729,纪嘉澍,2023-12-19 14:40,纪嘉澍,2023-12-19 14:40
临沂大学,临沂大学,962,,1785687562654809,纪嘉澍,2023-12-19 14:40,纪嘉澍,2023-12-19 14:40
内蒙古医科大学,内蒙古医科大学,963,,1785687562651705,纪嘉澍,2023-12-19 14:40,纪嘉澍,2023-12-19 14:40
广西中医药大学,广西中医药大学,964,,1785687562656777,纪嘉澍,2023-12-19 14:40,纪嘉澍,2023-12-19 14:40
黑龙江工程学院,黑龙江工程学院,965,,1785687562645561,纪嘉澍,2023-12-19 14:40,纪嘉澍,2023-12-19 14:40
安徽中医药大学,安徽中医药大学,966,,1785687562658841,纪嘉澍,2023-12-19 14:40,纪嘉澍,2023-12-19 14:40
西安邮电大学,西安邮电大学,967,,1785687562648601,纪嘉澍,2023-12-19 14:40,纪嘉澍,2023-12-19 14:40
西南林业大学,西南林业大学,968,,1785687562650633,纪嘉澍,2023-12-19 14:40,纪嘉澍,2023-12-19 14:40
桂林医学院,桂林医学院,969,,1785687562647593,纪嘉澍,2023-12-19 14:40,纪嘉澍,2023-12-19 14:40
乐山师范学院,乐山师范学院,970,,1785687562656793,纪嘉澍,2023-12-19 14:40,纪嘉澍,2023-12-19 14:40
大连外国语大学,大连外国语大学,971,,1785687562656825,纪嘉澍,2023-12-19 14:40,纪嘉澍,2023-12-19 14:40
广西财经学院,广西财经学院,972,,1785687562652681,纪嘉澍,2023-12-19 14:40,纪嘉澍,2023-12-19 14:40
浙江警察学院,浙江警察学院,973,,1785687562658857,纪嘉澍,2023-12-19 14:40,纪嘉澍,2023-12-19 14:40
上海财经大学浙江学院,上海财经大学浙江学院,974,,1785687562648633,纪嘉澍,2023-12-19 14:40,纪嘉澍,2023-12-19 14:40
山西职业技术学院,山西职业技术学院,975,,1785687562653769,纪嘉澍,2023-12-19 14:40,纪嘉澍,2023-12-19 14:40
吉林体育学院,吉林体育学院,976,,1785687562646585,纪嘉澍,2023-12-19 14:40,纪嘉澍,2023-12-19 14:40
珠海城市职业技术学院,珠海城市职业技术学院,977,,1785687562648617,纪嘉澍,2023-12-19 14:40,纪嘉澍,2023-12-19 14:40
广东女子职业技术学院,广东女子职业技术学院,978,,1785687562645577,纪嘉澍,2023-12-19 14:40,纪嘉澍,2023-12-19 14:40
西安电力高等专科学校,西安电力高等专科学校,979,,1785687562650665,纪嘉澍,2023-12-19 14:40,纪嘉澍,2023-12-19 14:40
山东管理学院,山东管理学院,980,,1785687562654825,纪嘉澍,2023-12-19 14:40,纪嘉澍,2023-12-19 14:40
黄河交通学院,黄河交通学院,981,,1785687562654793,纪嘉澍,2023-12-19 14:40,纪嘉澍,2023-12-19 14:40
河北工程技术学院,河北工程技术学院,982,,1785687562658825,纪嘉澍,2023-12-19 14:40,纪嘉澍,2023-12-19 14:40
黑龙江建筑职业技术学院,黑龙江建筑职业技术学院,983,,1785687562650681,纪嘉澍,2023-12-19 14:40,纪嘉澍,2023-12-19 14:40
南昌大学科学技术学院,南昌大学科学技术学院,984,,1785687562653801,纪嘉澍,2023-12-19 14:40,纪嘉澍,2023-12-19 14:40
天津中德应用技术大学,天津中德应用技术大学,985,,1785687562645545,纪嘉澍,2023-12-19 14:40,纪嘉澍,2023-12-19 14:40
天津外国语大学滨海外事学院,天津外国语大学滨海外事学院,986,,1785687562647561,纪嘉澍,2023-12-19 14:40,纪嘉澍,2023-12-19 14:40
西南交通大学希望学院,西南交通大学希望学院,987,,1785687562653817,纪嘉澍,2023-12-19 14:40,纪嘉澍,2023-12-19 14:40
黔南民族师范学院,黔南民族师范学院,988,,1785687562649625,纪嘉澍,2023-12-19 14:40,纪嘉澍,2023-12-19 14:40
兰州文理学院,兰州文理学院,989,,1785687562654841,纪嘉澍,2023-12-19 14:40,纪嘉澍,2023-12-19 14:40
黑龙江工业学院,黑龙江工业学院,990,,1785687562646569,纪嘉澍,2023-12-19 14:40,纪嘉澍,2023-12-19 14:40
河北民族师范学院,河北民族师范学院,991,,1785687562655801,纪嘉澍,2023-12-19 14:40,纪嘉澍,2023-12-19 14:40
河北建筑工程学院,河北建筑工程学院,992,,1785687562655785,纪嘉澍,2023-12-19 14:40,纪嘉澍,2023-12-19 14:40
湖北理工学院,湖北理工学院,993,,1785687562655753,纪嘉澍,2023-12-19 14:40,纪嘉澍,2023-12-19 14:40
台州学院,台州学院,994,,1785687562649657,纪嘉澍,2023-12-19 14:40,纪嘉澍,2023-12-19 14:40
许昌学院,许昌学院,995,,1785687562652713,纪嘉澍,2023-12-19 14:40,纪嘉澍,2023-12-19 14:40
湖南第一师范学院,湖南第一师范学院,996,,1785687562649641,纪嘉澍,2023-12-19 14:40,纪嘉澍,2023-12-19 14:40
辽东学院,辽东学院,997,,1785687562651657,纪嘉澍,2023-12-19 14:40,纪嘉澍,2023-12-19 14:40
齐齐哈尔医学院,齐齐哈尔医学院,998,,1785687562656809,纪嘉澍,2023-12-19 14:40,纪嘉澍,2023-12-19 14:40
淮南师范学院,淮南师范学院,999,,1785687562655769,纪嘉澍,2023-12-19 14:40,纪嘉澍,2023-12-19 14:40
晋中学院,晋中学院,1000,,1785687562649609,纪嘉澍,2023-12-19 14:40,纪嘉澍,2023-12-19 14:40
北部湾大学,北部湾大学,1001,,1785687562650649,纪嘉澍,2023-12-19 14:40,纪嘉澍,2023-12-19 14:40
吉林工商学院,吉林工商学院,1002,,1785687563841620,纪嘉澍,2023-12-19 14:40,纪嘉澍,2023-12-19 14:40
河套学院,河套学院,1003,,1785687563844692,纪嘉澍,2023-12-19 14:40,纪嘉澍,2023-12-19 14:40
保定学院,保定学院,1004,,1785687563836436,纪嘉澍,2023-12-19 14:40,纪嘉澍,2023-12-19 14:40
遵义师范学院,遵义师范学院,1005,,1785687563838500,纪嘉澍,2023-12-19 14:40,纪嘉澍,2023-12-19 14:40
宿州学院,宿州学院,1006,,1785687563844724,纪嘉澍,2023-12-19 14:40,纪嘉澍,2023-12-19 14:40
新余学院,新余学院,1007,,1785687563717673,纪嘉澍,2023-12-19 14:40,纪嘉澍,2023-12-19 14:40
山东女子学院,山东女子学院,1008,,1785687563841636,纪嘉澍,2023-12-19 14:40,纪嘉澍,2023-12-19 14:40
河池学院,河池学院,1009,,1785687563843684,纪嘉澍,2023-12-19 14:40,纪嘉澍,2023-12-19 14:40
池州学院,池州学院,1010,,1785687563838484,纪嘉澍,2023-12-19 14:40,纪嘉澍,2023-12-19 14:40
张家口学院,张家口学院,1011,,1785687563838516,纪嘉澍,2023-12-19 14:40,纪嘉澍,2023-12-19 14:40
郑州师范学院,郑州师范学院,1012,,1785687563841652,纪嘉澍,2023-12-19 14:40,纪嘉澍,2023-12-19 14:40
菏泽学院,菏泽学院,1013,,1785687563843668,纪嘉澍,2023-12-19 14:40,纪嘉澍,2023-12-19 14:40
兰州城市学院,兰州城市学院,1014,,1785687563840596,纪嘉澍,2023-12-19 14:40,纪嘉澍,2023-12-19 14:40
荆楚理工学院,荆楚理工学院,1015,,1785687563717641,纪嘉澍,2023-12-19 14:40,纪嘉澍,2023-12-19 14:40
凯里学院,凯里学院,1016,,1785687563839588,纪嘉澍,2023-12-19 14:40,纪嘉澍,2023-12-19 14:40
齐鲁师范学院,齐鲁师范学院,1017,,1785687563836452,纪嘉澍,2023-12-19 14:40,纪嘉澍,2023-12-19 14:40
成都体育学院,成都体育学院,1018,,1785687563835444,纪嘉澍,2023-12-19 14:40,纪嘉澍,2023-12-19 14:40
昆明冶金高等专科学校,昆明冶金高等专科学校,1019,,1785687563837444,纪嘉澍,2023-12-19 14:40,纪嘉澍,2023-12-19 14:40
东北师范大学人文学院,东北师范大学人文学院,1020,,1785687563834420,纪嘉澍,2023-12-19 14:40,纪嘉澍,2023-12-19 14:40
南京师范大学泰州学院,南京师范大学泰州学院,1021,,1785687563843716,纪嘉澍,2023-12-19 14:40,纪嘉澍,2023-12-19 14:40
西安电子科技大学长安学院,西安电子科技大学长安学院,1022,,1785687563842676,纪嘉澍,2023-12-19 14:40,纪嘉澍,2023-12-19 14:40
商丘工学院,商丘工学院,1023,,1785687563834388,纪嘉澍,2023-12-19 14:40,纪嘉澍,2023-12-19 14:40
沈阳城市建设学院,沈阳城市建设学院,1024,,1785687563843700,纪嘉澍,2023-12-19 14:40,纪嘉澍,2023-12-19 14:40
武汉纺织大学外经贸学院,武汉纺织大学外经贸学院,1025,,1785687563836468,纪嘉澍,2023-12-19 14:40,纪嘉澍,2023-12-19 14:40
黎明职业大学,黎明职业大学,1026,,1785687563835396,纪嘉澍,2023-12-19 14:40,纪嘉澍,2023-12-19 14:40
长春光华学院,长春光华学院,1027,,1785687563717657,纪嘉澍,2023-12-19 14:40,纪嘉澍,2023-12-19 14:40
湖北警官学院,湖北警官学院,1028,,1785687563842644,纪嘉澍,2023-12-19 14:40,纪嘉澍,2023-12-19 14:40
南京航空航天大学金城学院,南京航空航天大学金城学院,1029,,1785687563717689,纪嘉澍,2023-12-19 14:40,纪嘉澍,2023-12-19 14:40
上海音乐学院,上海音乐学院,1030,,1785687563840580,纪嘉澍,2023-12-19 14:40,纪嘉澍,2023-12-19 14:40
中国人民解放军陆军军官学院,中国人民解放军陆军军官学院,1031,,1785687563845700,纪嘉澍,2023-12-19 14:40,纪嘉澍,2023-12-19 14:40
深圳职业技术学院,深圳职业技术学院,1032,,1785687563842660,纪嘉澍,2023-12-19 14:40,纪嘉澍,2023-12-19 14:40
武汉科技大学城市学院,武汉科技大学城市学院,1033,,1785687563839556,纪嘉澍,2023-12-19 14:40,纪嘉澍,2023-12-19 14:40
中国人民解放军空军军医大学,中国人民解放军空军军医大学,1034,,1785687563836420,纪嘉澍,2023-12-19 14:40,纪嘉澍,2023-12-19 14:40
辽宁对外经贸学院,辽宁对外经贸学院,1035,,1785687563837492,纪嘉澍,2023-12-19 14:40,纪嘉澍,2023-12-19 14:40
西北大学现代学院,西北大学现代学院,1036,,1785687563834372,纪嘉澍,2023-12-19 14:40,纪嘉澍,2023-12-19 14:40
重庆师范大学涉外商贸学院,重庆师范大学涉外商贸学院,1037,,1785687563835412,纪嘉澍,2023-12-19 14:40,纪嘉澍,2023-12-19 14:40
中国刑事警察学院,中国刑事警察学院,1038,,1785687563839572,纪嘉澍,2023-12-19 14:40,纪嘉澍,2023-12-19 14:40
北京交通大学海滨学院,北京交通大学海滨学院,1039,,1785687563839604,纪嘉澍,2023-12-19 14:40,纪嘉澍,2023-12-19 14:40
中国传媒大学南广学院,中国传媒大学南广学院,1040,,1785687563840612,纪嘉澍,2023-12-19 14:40,纪嘉澍,2023-12-19 14:40
宁波诺丁汉大学,宁波诺丁汉大学,1041,,1785687563835428,纪嘉澍,2023-12-19 14:40,纪嘉澍,2023-12-19 14:40
浙江工业大学之江学院,浙江工业大学之江学院,1042,,1785687563838468,纪嘉澍,2023-12-19 14:40,纪嘉澍,2023-12-19 14:40
武汉学院,武汉学院,1043,,1785687563841604,纪嘉澍,2023-12-19 14:40,纪嘉澍,2023-12-19 14:40
哈尔滨工业大学(威海校区),哈尔滨工业大学(威海校区),1044,,1785687563834404,纪嘉澍,2023-12-19 14:40,纪嘉澍,2023-12-19 14:40
河北工业大学城市学院,河北工业大学城市学院,1045,,1785687563842628,纪嘉澍,2023-12-19 14:40,纪嘉澍,2023-12-19 14:40
北京师范大学-香港浸会大学联合国际学院,北京师范大学-香港浸会大学联合国际学院,1046,,1785687563837476,纪嘉澍,2023-12-19 14:40,纪嘉澍,2023-12-19 14:40
四川工商学院,四川工商学院,1047,,1785687563840628,纪嘉澍,2023-12-19 14:40,纪嘉澍,2023-12-19 14:40
青海大学,青海大学,1048,,1785687563716665,纪嘉澍,2023-12-19 14:40,纪嘉澍,2023-12-19 14:40
中国医科大学,中国医科大学,1049,,1785687563844676,纪嘉澍,2023-12-19 14:40,纪嘉澍,2023-12-19 14:40
东北农业大学,东北农业大学,1050,,1785687563844708,纪嘉澍,2023-12-19 14:40,纪嘉澍,2023-12-19 14:40
西安建筑科技大学,西安建筑科技大学,1051,,1785687563837460,纪嘉澍,2023-12-19 14:40,纪嘉澍,2023-12-19 14:40
西藏大学,西藏大学,1052,,1785687577514025,纪嘉澍,2023-12-19 14:40,纪嘉澍,2023-12-19 14:40
广西师范大学,广西师范大学,1053,,1785687577513017,纪嘉澍,2023-12-19 14:40,纪嘉澍,2023-12-19 14:40
长春理工大学,长春理工大学,1054,,1785687577512985,纪嘉澍,2023-12-19 14:40,纪嘉澍,2023-12-19 14:40
山东农业大学,山东农业大学,1055,,1785687577505849,纪嘉澍,2023-12-19 14:40,纪嘉澍,2023-12-19 14:40
湖南农业大学,湖南农业大学,1056,,1785687577514041,纪嘉澍,2023-12-19 14:40,纪嘉澍,2023-12-19 14:40
大连海事大学,大连海事大学,1057,,1785687577510921,纪嘉澍,2023-12-19 14:40,纪嘉澍,2023-12-19 14:40
上海外国语大学,上海外国语大学,1058,,1785687577501705,纪嘉澍,2023-12-19 14:40,纪嘉澍,2023-12-19 14:40
汕头大学,汕头大学,1059,,1785687577513001,纪嘉澍,2023-12-19 14:40,纪嘉澍,2023-12-19 14:40
中北大学,中北大学,1060,,1785687577509897,纪嘉澍,2023-12-19 14:40,纪嘉澍,2023-12-19 14:40
江西师范大学,江西师范大学,1061,,1785687577508889,纪嘉澍,2023-12-19 14:40,纪嘉澍,2023-12-19 14:40
广州中医药大学,广州中医药大学,1062,,1785687577510937,纪嘉澍,2023-12-19 14:40,纪嘉澍,2023-12-19 14:40
雅安职业技术学院,雅安职业技术学院,1063,,1785687577512969,纪嘉澍,2023-12-19 14:40,纪嘉澍,2023-12-19 14:40
天津铁道职业技术学院,天津铁道职业技术学院,1064,,1785687577506825,纪嘉澍,2023-12-19 14:40,纪嘉澍,2023-12-19 14:40
重庆信息技术职业学院,重庆信息技术职业学院,1065,,1785687577502729,纪嘉澍,2023-12-19 14:40,纪嘉澍,2023-12-19 14:40
承德石油高等专科学校,承德石油高等专科学校,1066,,1785687577501721,纪嘉澍,2023-12-19 14:40,纪嘉澍,2023-12-19 14:40
广州番禺职业技术学院,广州番禺职业技术学院,1067,,1785687577507865,纪嘉澍,2023-12-19 14:40,纪嘉澍,2023-12-19 14:40
滨州职业学院,滨州职业学院,1068,,1785687577510969,纪嘉澍,2023-12-19 14:40,纪嘉澍,2023-12-19 14:40
温州大学瓯江学院,温州大学瓯江学院,1069,,1785687577514009,纪嘉澍,2023-12-19 14:40,纪嘉澍,2023-12-19 14:40
河南财政金融学院,河南财政金融学院,1070,,1785687577502745,纪嘉澍,2023-12-19 14:40,纪嘉澍,2023-12-19 14:40
重庆工业职业技术学院,重庆工业职业技术学院,1071,,1785687577506841,纪嘉澍,2023-12-19 14:40,纪嘉澍,2023-12-19 14:40
成都东软学院,成都东软学院,1072,,1785687577504825,纪嘉澍,2023-12-19 14:40,纪嘉澍,2023-12-19 14:40
安徽工业经济职业技术学院,安徽工业经济职业技术学院,1073,,1785687577504793,纪嘉澍,2023-12-19 14:40,纪嘉澍,2023-12-19 14:40
佛山职业技术学院,佛山职业技术学院,1074,,1785687577509929,纪嘉澍,2023-12-19 14:40,纪嘉澍,2023-12-19 14:40
西南科技大学城市学院,西南科技大学城市学院,1075,,1785687577504809,纪嘉澍,2023-12-19 14:40,纪嘉澍,2023-12-19 14:40
甘肃交通职业技术学院,甘肃交通职业技术学院,1076,,1785687577508905,纪嘉澍,2023-12-19 14:40,纪嘉澍,2023-12-19 14:40
安庆师范大学,安庆师范大学,1077,,1785687577509913,纪嘉澍,2023-12-19 14:40,纪嘉澍,2023-12-19 14:40
阜阳师范大学,阜阳师范大学,1078,,1785687577515017,纪嘉澍,2023-12-19 14:40,纪嘉澍,2023-12-19 14:40
唐山师范学院,唐山师范学院,1079,,1785687577511977,纪嘉澍,2023-12-19 14:40,纪嘉澍,2023-12-19 14:40
天津城建大学,天津城建大学,1080,,1785687577508873,纪嘉澍,2023-12-19 14:40,纪嘉澍,2023-12-19 14:40
吉林建筑大学,吉林建筑大学,1081,,1785687577507881,纪嘉澍,2023-12-19 14:40,纪嘉澍,2023-12-19 14:40
西南医科大学,西南医科大学,1082,,1785687577511961,纪嘉澍,2023-12-19 14:40,纪嘉澍,2023-12-19 14:40
天津职业技术师范大学,天津职业技术师范大学,1083,,1785687577500713,纪嘉澍,2023-12-19 14:40,纪嘉澍,2023-12-19 14:40
嘉应学院,嘉应学院,1084,,1785687577506873,纪嘉澍,2023-12-19 14:40,纪嘉澍,2023-12-19 14:40
山东交通学院,山东交通学院,1085,,1785687577515065,纪嘉澍,2023-12-19 14:40,纪嘉澍,2023-12-19 14:40
河南科技学院,河南科技学院,1086,,1785687577505801,纪嘉澍,2023-12-19 14:40,纪嘉澍,2023-12-19 14:40
广西科技大学,广西科技大学,1087,,1785687577511993,纪嘉澍,2023-12-19 14:40,纪嘉澍,2023-12-19 14:40
天津农学院,天津农学院,1088,,1785687577502777,纪嘉澍,2023-12-19 14:40,纪嘉澍,2023-12-19 14:40
重庆三峡学院,重庆三峡学院,1089,,1785687577509945,纪嘉澍,2023-12-19 14:40,纪嘉澍,2023-12-19 14:40
浙江万里学院,浙江万里学院,1090,,1785687577507897,纪嘉澍,2023-12-19 14:40,纪嘉澍,2023-12-19 14:40
湖北工程学院,湖北工程学院,1091,,1785687577504777,纪嘉澍,2023-12-19 14:40,纪嘉澍,2023-12-19 14:40
陕西科技大学,陕西科技大学,1092,,1785687577500729,纪嘉澍,2023-12-19 14:40,纪嘉澍,2023-12-19 14:40
中国计量大学,中国计量大学,1093,,1785687577505817,纪嘉澍,2023-12-19 14:40,纪嘉澍,2023-12-19 14:40
辽宁师范大学,辽宁师范大学,1094,,1785687577501737,纪嘉澍,2023-12-19 14:40,纪嘉澍,2023-12-19 14:40
大连医科大学,大连医科大学,1095,,1785687577515049,纪嘉澍,2023-12-19 14:40,纪嘉澍,2023-12-19 14:40
南昌航空大学,南昌航空大学,1096,,1785687577510953,纪嘉澍,2023-12-19 14:40,纪嘉澍,2023-12-19 14:40
吉林农业大学,吉林农业大学,1097,,1785687577502761,纪嘉澍,2023-12-19 14:40,纪嘉澍,2023-12-19 14:40
江西理工大学,江西理工大学,1098,,1785687577506857,纪嘉澍,2023-12-19 14:40,纪嘉澍,2023-12-19 14:40
桂林理工大学,桂林理工大学,1099,,1785687577515033,纪嘉澍,2023-12-19 14:40,纪嘉澍,2023-12-19 14:40
沈阳建筑大学,沈阳建筑大学,1100,,1785687577501753,纪嘉澍,2023-12-19 14:40,纪嘉澍,2023-12-19 14:40
新疆师范大学,新疆师范大学,1101,,1785687577513993,纪嘉澍,2023-12-19 14:40,纪嘉澍,2023-12-19 14:40
三峡大学,三峡大学,1102,,1785687601420347,纪嘉澍,2023-12-19 14:40,纪嘉澍,2023-12-19 14:40
安徽医科大学,安徽医科大学,1103,,1785687601422363,纪嘉澍,2023-12-19 14:40,纪嘉澍,2023-12-19 14:40
长江大学,长江大学,1104,,1785687601423403,纪嘉澍,2023-12-19 14:40,纪嘉澍,2023-12-19 14:40
中南林业科技大学,中南林业科技大学,1105,,1785687601428507,纪嘉澍,2023-12-19 14:40,纪嘉澍,2023-12-19 14:40
西南科技大学,西南科技大学,1106,,1785687601421323,纪嘉澍,2023-12-19 14:40,纪嘉澍,2023-12-19 14:40
成都职业技术学院,成都职业技术学院,1107,,1785687601429531,纪嘉澍,2023-12-19 14:40,纪嘉澍,2023-12-19 14:40
福建师范大学协和学院,福建师范大学协和学院,1108,,1785687601432603,纪嘉澍,2023-12-19 14:40,纪嘉澍,2023-12-19 14:40
安徽三联学院,安徽三联学院,1109,,1785687601424395,纪嘉澍,2023-12-19 14:40,纪嘉澍,2023-12-19 14:40
福建农林大学金山学院,福建农林大学金山学院,1110,,1785687601421339,纪嘉澍,2023-12-19 14:40,纪嘉澍,2023-12-19 14:40
江西财经大学现代经济管理学院,江西财经大学现代经济管理学院,1111,,1785687601422395,纪嘉澍,2023-12-19 14:40,纪嘉澍,2023-12-19 14:40
苏州大学应用技术学院,苏州大学应用技术学院,1112,,1785687601424427,纪嘉澍,2023-12-19 14:40,纪嘉澍,2023-12-19 14:40
重庆电子工程职业学院,重庆电子工程职业学院,1113,,1785687601427515,纪嘉澍,2023-12-19 14:40,纪嘉澍,2023-12-19 14:40
西安铁路职业技术学院,西安铁路职业技术学院,1114,,1785687601422379,纪嘉澍,2023-12-19 14:40,纪嘉澍,2023-12-19 14:40
中国人民解放军后勤工程学院,中国人民解放军后勤工程学院,1115,,1785687601430539,纪嘉澍,2023-12-19 14:40,纪嘉澍,2023-12-19 14:40
安徽职业技术学院,安徽职业技术学院,1116,,1785687601430587,纪嘉澍,2023-12-19 14:40,纪嘉澍,2023-12-19 14:40
广州科技职业技术大学,广州科技职业技术大学,1117,,1785687601428539,纪嘉澍,2023-12-19 14:40,纪嘉澍,2023-12-19 14:40
广东司法警官职业学院,广东司法警官职业学院,1118,,1785687601433627,纪嘉澍,2023-12-19 14:40,纪嘉澍,2023-12-19 14:40
四川外国语大学重庆南方翻译学院,四川外国语大学重庆南方翻译学院,1119,,1785687601424443,纪嘉澍,2023-12-19 14:40,纪嘉澍,2023-12-19 14:40
中国人民解放军海军大连舰艇学院,中国人民解放军海军大连舰艇学院,1120,,1785687601432587,纪嘉澍,2023-12-19 14:40,纪嘉澍,2023-12-19 14:40
新疆轻工职业技术学院,新疆轻工职业技术学院,1121,,1785687601429547,纪嘉澍,2023-12-19 14:40,纪嘉澍,2023-12-19 14:40
信阳学院,信阳学院,1122,,1785687601427499,纪嘉澍,2023-12-19 14:40,纪嘉澍,2023-12-19 14:40
陕西科技大学镐京学院,陕西科技大学镐京学院,1123,,1785687601427467,纪嘉澍,2023-12-19 14:40,纪嘉澍,2023-12-19 14:40
江苏大学京江学院,江苏大学京江学院,1124,,1785687601422347,纪嘉澍,2023-12-19 14:40,纪嘉澍,2023-12-19 14:40
长春工业大学人文信息学院,长春工业大学人文信息学院,1125,,1785687601421371,纪嘉澍,2023-12-19 14:40,纪嘉澍,2023-12-19 14:40
武汉晴川学院,武汉晴川学院,1126,,1785687601427483,纪嘉澍,2023-12-19 14:40,纪嘉澍,2023-12-19 14:40
重庆建筑工程职业学院,重庆建筑工程职业学院,1127,,1785687601430555,纪嘉澍,2023-12-19 14:40,纪嘉澍,2023-12-19 14:40
河北工程大学科信学院,河北工程大学科信学院,1128,,1785687601428523,纪嘉澍,2023-12-19 14:40,纪嘉澍,2023-12-19 14:40
河南警察学院,河南警察学院,1129,,1785687601431579,纪嘉澍,2023-12-19 14:40,纪嘉澍,2023-12-19 14:40
广州美术学院,广州美术学院,1130,,1785687601425451,纪嘉澍,2023-12-19 14:40,纪嘉澍,2023-12-19 14:40
郑州财经学院,郑州财经学院,1131,,1785687601432619,纪嘉澍,2023-12-19 14:40,纪嘉澍,2023-12-19 14:40
西安航空职业技术学院,西安航空职业技术学院,1132,,1785687601430571,纪嘉澍,2023-12-19 14:40,纪嘉澍,2023-12-19 14:40
重庆电讯职业学院,重庆电讯职业学院,1133,,1785687601421355,纪嘉澍,2023-12-19 14:40,纪嘉澍,2023-12-19 14:40
武汉体育学院,武汉体育学院,1134,,1785687601432635,纪嘉澍,2023-12-19 14:40,纪嘉澍,2023-12-19 14:40
山东财经大学东方学院,山东财经大学东方学院,1135,,1785687601433611,纪嘉澍,2023-12-19 14:40,纪嘉澍,2023-12-19 14:40
四川警察学院,四川警察学院,1136,,1785687601431611,纪嘉澍,2023-12-19 14:40,纪嘉澍,2023-12-19 14:40
南京农业大学,南京农业大学,1137,,1785687601433643,纪嘉澍,2023-12-19 14:40,纪嘉澍,2023-12-19 14:40
南京师范大学,南京师范大学,1138,,1785687601431563,纪嘉澍,2023-12-19 14:40,纪嘉澍,2023-12-19 14:40
哈尔滨工程大学,哈尔滨工程大学,1139,,1785687601425419,纪嘉澍,2023-12-19 14:40,纪嘉澍,2023-12-19 14:40
华中农业大学,华中农业大学,1140,,1785687601433659,纪嘉澍,2023-12-19 14:40,纪嘉澍,2023-12-19 14:40
华东理工大学,华东理工大学,1141,,1785687601431595,纪嘉澍,2023-12-19 14:40,纪嘉澍,2023-12-19 14:40
中国海洋大学,中国海洋大学,1142,,1785687601425435,纪嘉澍,2023-12-19 14:40,纪嘉澍,2023-12-19 14:40
南京理工大学,南京理工大学,1143,,1785687601423419,纪嘉澍,2023-12-19 14:40,纪嘉澍,2023-12-19 14:40
中国石油大学(华东),中国石油大学(华东),1144,,1785687601428491,纪嘉澍,2023-12-19 14:40,纪嘉澍,2023-12-19 14:40
西南交通大学,西南交通大学,1145,,1785687601429515,纪嘉澍,2023-12-19 14:40,纪嘉澍,2023-12-19 14:40
西南大学,西南大学,1146,,1785687601424411,纪嘉澍,2023-12-19 14:40,纪嘉澍,2023-12-19 14:40
暨南大学,暨南大学,1147,,1785687601423435,纪嘉澍,2023-12-19 14:40,纪嘉澍,2023-12-19 14:40
上海财经大学,上海财经大学,1148,,1785687601429563,纪嘉澍,2023-12-19 14:40,纪嘉澍,2023-12-19 14:40
北京邮电大学,北京邮电大学,1149,,1785687601423387,纪嘉澍,2023-12-19 14:40,纪嘉澍,2023-12-19 14:40
中国政法大学,中国政法大学,1150,,1785687601425467,纪嘉澍,2023-12-19 14:40,纪嘉澍,2023-12-19 14:40
云南大学,云南大学,1151,,1785687601434635,纪嘉澍,2023-12-19 14:40,纪嘉澍,2023-12-19 14:40
中国石油大学胜利学院,中国石油大学胜利学院,1152,,1785687577174074,纪嘉澍,2023-12-19 14:40,纪嘉澍,2023-12-19 14:40
中国人民警察大学,中国人民警察大学,1153,,1785687577175066,纪嘉澍,2023-12-19 14:40,纪嘉澍,2023-12-19 14:40
南京财经大学红山学院,南京财经大学红山学院,1154,,1785687577183306,纪嘉澍,2023-12-19 14:40,纪嘉澍,2023-12-19 14:40
重庆工商大学派斯学院,重庆工商大学派斯学院,1155,,1785687577174042,纪嘉澍,2023-12-19 14:40,纪嘉澍,2023-12-19 14:40
广东财经大学华商学院,广东财经大学华商学院,1156,,1785687577178154,纪嘉澍,2023-12-19 14:40,纪嘉澍,2023-12-19 14:40
武汉生物工程学院,武汉生物工程学院,1157,,1785687577176122,纪嘉澍,2023-12-19 14:40,纪嘉澍,2023-12-19 14:40
河北师范大学汇华学院,河北师范大学汇华学院,1158,,1785687577178170,纪嘉澍,2023-12-19 14:40,纪嘉澍,2023-12-19 14:40
重庆工程职业技术学院,重庆工程职业技术学院,1159,,1785687577181242,纪嘉澍,2023-12-19 14:40,纪嘉澍,2023-12-19 14:40
中国人民解放军国际关系学院,中国人民解放军国际关系学院,1160,,1785687577182218,纪嘉澍,2023-12-19 14:40,纪嘉澍,2023-12-19 14:40
西交利物浦大学,西交利物浦大学,1161,,1785687577181258,纪嘉澍,2023-12-19 14:40,纪嘉澍,2023-12-19 14:40
山西大学商务学院,山西大学商务学院,1162,,1785687577173018,纪嘉澍,2023-12-19 14:40,纪嘉澍,2023-12-19 14:40
北京吉利学院,北京吉利学院,1163,,1785687577184362,纪嘉澍,2023-12-19 14:40,纪嘉澍,2023-12-19 14:40
上海健康医学院,上海健康医学院,1164,,1785687577184378,纪嘉澍,2023-12-19 14:40,纪嘉澍,2023-12-19 14:40
长春财经学院,长春财经学院,1165,,1785687577179226,纪嘉澍,2023-12-19 14:40,纪嘉澍,2023-12-19 14:40
华南理工大学广州学院,华南理工大学广州学院,1166,,1785687577182250,纪嘉澍,2023-12-19 14:40,纪嘉澍,2023-12-19 14:40
西安石油大学,西安石油大学,1167,,1785687577180202,纪嘉澍,2023-12-19 14:40,纪嘉澍,2023-12-19 14:40
上海工程技术大学,上海工程技术大学,1168,,1785687577173034,纪嘉澍,2023-12-19 14:40,纪嘉澍,2023-12-19 14:40
山西农业大学,山西农业大学,1169,,1785687577182266,纪嘉澍,2023-12-19 14:40,纪嘉澍,2023-12-19 14:40
河北经贸大学,河北经贸大学,1170,,1785687577180170,纪嘉澍,2023-12-19 14:40,纪嘉澍,2023-12-19 14:40
常州大学,常州大学,1171,,1785687577177114,纪嘉澍,2023-12-19 14:40,纪嘉澍,2023-12-19 14:40
吉林师范大学,吉林师范大学,1172,,1785687577184346,纪嘉澍,2023-12-19 14:40,纪嘉澍,2023-12-19 14:40
广州医科大学,广州医科大学,1173,,1785687577176106,纪嘉澍,2023-12-19 14:40,纪嘉澍,2023-12-19 14:40
西华大学,西华大学,1174,,1785687577177130,纪嘉澍,2023-12-19 14:40,纪嘉澍,2023-12-19 14:40
大连工业大学,大连工业大学,1175,,1785687577180186,纪嘉澍,2023-12-19 14:40,纪嘉澍,2023-12-19 14:40
华北水利水电大学,华北水利水电大学,1176,,1785687577180218,纪嘉澍,2023-12-19 14:40,纪嘉澍,2023-12-19 14:40
北华大学,北华大学,1177,,1785687577176074,纪嘉澍,2023-12-19 14:40,纪嘉澍,2023-12-19 14:40
河南中医药大学,河南中医药大学,1178,,1785687577175082,纪嘉澍,2023-12-19 14:40,纪嘉澍,2023-12-19 14:40
昆明医科大学,昆明医科大学,1179,,1785687577178138,纪嘉澍,2023-12-19 14:40,纪嘉澍,2023-12-19 14:40
上海电力大学,上海电力大学,1180,,1785687577184330,纪嘉澍,2023-12-19 14:40,纪嘉澍,2023-12-19 14:40
山西医科大学,山西医科大学,1181,,1785687577179210,纪嘉澍,2023-12-19 14:40,纪嘉澍,2023-12-19 14:40
营口理工学院,营口理工学院,1182,,1785687577183354,纪嘉澍,2023-12-19 14:40,纪嘉澍,2023-12-19 14:40
渭南师范学院,渭南师范学院,1183,,1785687577175050,纪嘉澍,2023-12-19 14:40,纪嘉澍,2023-12-19 14:40
新乡学院,新乡学院,1184,,1785687577177146,纪嘉澍,2023-12-19 14:40,纪嘉澍,2023-12-19 14:40
枣庄学院,枣庄学院,1185,,1785687577174058,纪嘉澍,2023-12-19 14:40,纪嘉澍,2023-12-19 14:40
邯郸学院,邯郸学院,1186,,1785687577173050,纪嘉澍,2023-12-19 14:40,纪嘉澍,2023-12-19 14:40
周口师范学院,周口师范学院,1187,,1785687577181210,纪嘉澍,2023-12-19 14:40,纪嘉澍,2023-12-19 14:40
龙岩学院,龙岩学院,1188,,1785687577174090,纪嘉澍,2023-12-19 14:40,纪嘉澍,2023-12-19 14:40
梧州学院,梧州学院,1189,,1785687577183322,纪嘉澍,2023-12-19 14:40,纪嘉澍,2023-12-19 14:40
广州航海学院,广州航海学院,1190,,1785687577183338,纪嘉澍,2023-12-19 14:40,纪嘉澍,2023-12-19 14:40
沧州师范学院,沧州师范学院,1191,,1785687577176090,纪嘉澍,2023-12-19 14:40,纪嘉澍,2023-12-19 14:40
首钢工学院,首钢工学院,1192,,1785687577177098,纪嘉澍,2023-12-19 14:40,纪嘉澍,2023-12-19 14:40
河北中医学院,河北中医学院,1193,,1785687577178122,纪嘉澍,2023-12-19 14:40,纪嘉澍,2023-12-19 14:40
榆林学院,榆林学院,1194,,1785687577179242,纪嘉澍,2023-12-19 14:40,纪嘉澍,2023-12-19 14:40
贵阳学院,贵阳学院,1195,,1785687577181226,纪嘉澍,2023-12-19 14:40,纪嘉澍,2023-12-19 14:40
安顺学院,安顺学院,1196,,1785687577179258,纪嘉澍,2023-12-19 14:40,纪嘉澍,2023-12-19 14:40
合肥学院,合肥学院,1197,,1785687577182234,纪嘉澍,2023-12-19 14:40,纪嘉澍,2023-12-19 14:40
湖南工程学院,湖南工程学院,1198,,1785687577185354,纪嘉澍,2023-12-19 14:40,纪嘉澍,2023-12-19 14:40
广东医科大学,广东医科大学,1199,,1785687577175098,纪嘉澍,2023-12-19 14:40,纪嘉澍,2023-12-19 14:40
南京审计大学,南京审计大学,1200,,1785687577172026,纪嘉澍,2023-12-19 14:40,纪嘉澍,2023-12-19 14:40
赣南师范大学,赣南师范大学,1201,,1785687577173002,纪嘉澍,2023-12-19 14:40,纪嘉澍,2023-12-19 14:40
延安大学,延安大学,1202,,1785687613995033,纪嘉澍,2023-12-19 14:40,纪嘉澍,2023-12-19 14:40
内蒙古财经大学,内蒙古财经大学,1203,,1785687613992985,纪嘉澍,2023-12-19 14:40,纪嘉澍,2023-12-19 14:40
山东第一医科大学,山东第一医科大学,1204,,1785687613988921,纪嘉澍,2023-12-19 14:40,纪嘉澍,2023-12-19 14:40
齐鲁工业大学,齐鲁工业大学,1205,,1785687613997081,纪嘉澍,2023-12-19 14:40,纪嘉澍,2023-12-19 14:40
苏州科技大学,苏州科技大学,1206,,1785687613987961,纪嘉澍,2023-12-19 14:40,纪嘉澍,2023-12-19 14:40
广东药科大学,广东药科大学,1207,,1785687613994025,纪嘉澍,2023-12-19 14:40,纪嘉澍,2023-12-19 14:40
四川轻化工大学,四川轻化工大学,1208,,1785687613989945,纪嘉澍,2023-12-19 14:40,纪嘉澍,2023-12-19 14:40
丽水学院,丽水学院,1209,,1785687613995065,纪嘉澍,2023-12-19 14:40,纪嘉澍,2023-12-19 14:40
北京农学院,北京农学院,1210,,1785687613996089,纪嘉澍,2023-12-19 14:40,纪嘉澍,2023-12-19 14:40
安徽建筑大学,安徽建筑大学,1211,,1785687613988889,纪嘉澍,2023-12-19 14:40,纪嘉澍,2023-12-19 14:40
中央财经大学,中央财经大学,1212,,1785687613989929,纪嘉澍,2023-12-19 14:40,纪嘉澍,2023-12-19 14:40
中央民族大学,中央民族大学,1213,,1785687613987929,纪嘉澍,2023-12-19 14:40,纪嘉澍,2023-12-19 14:40
陕西师范大学,陕西师范大学,1214,,1785687613999161,纪嘉澍,2023-12-19 14:40,纪嘉澍,2023-12-19 14:40
福州大学,福州大学,1215,,1785687613990953,纪嘉澍,2023-12-19 14:40,纪嘉澍,2023-12-19 14:40
北京林业大学,北京林业大学,1216,,1785687613994009,纪嘉澍,2023-12-19 14:40,纪嘉澍,2023-12-19 14:40
中国人民解放军理工大学,中国人民解放军理工大学,1217,,1785687613991961,纪嘉澍,2023-12-19 14:40,纪嘉澍,2023-12-19 14:40
对外经济贸易大学,对外经济贸易大学,1218,,1785687613996041,纪嘉澍,2023-12-19 14:40,纪嘉澍,2023-12-19 14:40
广西大学,广西大学,1219,,1785687613999129,纪嘉澍,2023-12-19 14:40,纪嘉澍,2023-12-19 14:40
华南农业大学,华南农业大学,1220,,1785687613997113,纪嘉澍,2023-12-19 14:40,纪嘉澍,2023-12-19 14:40
北京工业大学,北京工业大学,1221,,1785687614000153,纪嘉澍,2023-12-19 14:40,纪嘉澍,2023-12-19 14:40
华北电力大学(北京),华北电力大学(北京),1222,,1785687613993001,纪嘉澍,2023-12-19 14:40,纪嘉澍,2023-12-19 14:40
首都师范大学,首都师范大学,1223,,1785687613996073,纪嘉澍,2023-12-19 14:40,纪嘉澍,2023-12-19 14:40
福建师范大学,福建师范大学,1224,,1785687613991993,纪嘉澍,2023-12-19 14:40,纪嘉澍,2023-12-19 14:40
东北林业大学,东北林业大学,1225,,1785687613989913,纪嘉澍,2023-12-19 14:40,纪嘉澍,2023-12-19 14:40
山西大学,山西大学,1226,,1785687613999145,纪嘉澍,2023-12-19 14:40,纪嘉澍,2023-12-19 14:40
四川师范大学,四川师范大学,1227,,1785687613990969,纪嘉澍,2023-12-19 14:40,纪嘉澍,2023-12-19 14:40
西安科技大学,西安科技大学,1228,,1785687612934227,纪嘉澍,2023-12-19 14:40,纪嘉澍,2023-12-19 14:40
浙江工商大学,浙江工商大学,1229,,1785687613997065,纪嘉澍,2023-12-19 14:40,纪嘉澍,2023-12-19 14:40
北京工商大学,北京工商大学,1230,,1785687613992969,纪嘉澍,2023-12-19 14:40,纪嘉澍,2023-12-19 14:40
天津财经大学,天津财经大学,1231,,1785687613988905,纪嘉澍,2023-12-19 14:40,纪嘉澍,2023-12-19 14:40
东北电力大学,东北电力大学,1232,,1785687613987913,纪嘉澍,2023-12-19 14:40,纪嘉澍,2023-12-19 14:40
上海海洋大学,上海海洋大学,1233,,1785687613988873,纪嘉澍,2023-12-19 14:40,纪嘉澍,2023-12-19 14:40
广东外语外贸大学,广东外语外贸大学,1234,,1785687613990937,纪嘉澍,2023-12-19 14:40,纪嘉澍,2023-12-19 14:40
长春工业大学,长春工业大学,1235,,1785687613993993,纪嘉澍,2023-12-19 14:40,纪嘉澍,2023-12-19 14:40
成都中医药大学,成都中医药大学,1236,,1785687613993017,纪嘉澍,2023-12-19 14:40,纪嘉澍,2023-12-19 14:40
安徽农业大学,安徽农业大学,1237,,1785687613989897,纪嘉澍,2023-12-19 14:40,纪嘉澍,2023-12-19 14:40
重庆交通大学,重庆交通大学,1238,,1785687613999113,纪嘉澍,2023-12-19 14:40,纪嘉澍,2023-12-19 14:40
内蒙古师范大学,内蒙古师范大学,1239,,1785687613990921,纪嘉澍,2023-12-19 14:40,纪嘉澍,2023-12-19 14:40
天津科技大学,天津科技大学,1240,,1785687612934243,纪嘉澍,2023-12-19 14:40,纪嘉澍,2023-12-19 14:40
南华大学,南华大学,1241,,1785687613987945,纪嘉澍,2023-12-19 14:40,纪嘉澍,2023-12-19 14:40
电子科技大学中山学院,电子科技大学中山学院,1242,,1785687613995017,纪嘉澍,2023-12-19 14:40,纪嘉澍,2023-12-19 14:40
华东交通大学理工学院,华东交通大学理工学院,1243,,1785687612934259,纪嘉澍,2023-12-19 14:40,纪嘉澍,2023-12-19 14:40
广州涉外经济职业技术学院,广州涉外经济职业技术学院,1244,,1785687613994041,纪嘉澍,2023-12-19 14:40,纪嘉澍,2023-12-19 14:40
四川传媒学院,四川传媒学院,1245,,1785687613996057,纪嘉澍,2023-12-19 14:40,纪嘉澍,2023-12-19 14:40
牡丹江大学,牡丹江大学,1246,,1785687613991945,纪嘉澍,2023-12-19 14:40,纪嘉澍,2023-12-19 14:40
常州信息职业技术学院,常州信息职业技术学院,1247,,1785687613991977,纪嘉澍,2023-12-19 14:40,纪嘉澍,2023-12-19 14:40
湖南警察学院,湖南警察学院,1248,,1785687612933235,纪嘉澍,2023-12-19 14:40,纪嘉澍,2023-12-19 14:40
陕西交通职业技术学院,陕西交通职业技术学院,1249,,1785687613995049,纪嘉澍,2023-12-19 14:40,纪嘉澍,2023-12-19 14:40
河北化工医药职业技术学院,河北化工医药职业技术学院,1250,,1785687612934211,纪嘉澍,2023-12-19 14:40,纪嘉澍,2023-12-19 14:40
三门峡职业技术学院,三门峡职业技术学院,1251,,1785687613997097,纪嘉澍,2023-12-19 14:40,纪嘉澍,2023-12-19 14:40
广东文理职业学院,广东文理职业学院,1252,,1785687614007305,纪嘉澍,2023-12-19 14:40,纪嘉澍,2023-12-19 14:40
大连科技学院,大连科技学院,1253,,1785687614003225,纪嘉澍,2023-12-19 14:40,纪嘉澍,2023-12-19 14:40
江苏卫生健康职业学院,江苏卫生健康职业学院,1254,,1785687614002233,纪嘉澍,2023-12-19 14:40,纪嘉澍,2023-12-19 14:40
武汉体育学院体育科技学院,武汉体育学院体育科技学院,1255,,1785687614012489,纪嘉澍,2023-12-19 14:40,纪嘉澍,2023-12-19 14:40
内蒙古师范大学鸿德学院,内蒙古师范大学鸿德学院,1256,,1785687614003257,纪嘉澍,2023-12-19 14:40,纪嘉澍,2023-12-19 14:40
上海第二工业大学,上海第二工业大学,1257,,1785687614010377,纪嘉澍,2023-12-19 14:40,纪嘉澍,2023-12-19 14:40
锦州医科大学,锦州医科大学,1258,,1785687614012521,纪嘉澍,2023-12-19 14:40,纪嘉澍,2023-12-19 14:40
云南中医药大学,云南中医药大学,1259,,1785687614008377,纪嘉澍,2023-12-19 14:40,纪嘉澍,2023-12-19 14:40
南宁师范大学,南宁师范大学,1260,,1785687614008329,纪嘉澍,2023-12-19 14:40,纪嘉澍,2023-12-19 14:40
川北医学院,川北医学院,1261,,1785687614004281,纪嘉澍,2023-12-19 14:40,纪嘉澍,2023-12-19 14:40
湖北经济学院,湖北经济学院,1262,,1785687614011513,纪嘉澍,2023-12-19 14:40,纪嘉澍,2023-12-19 14:40
长春工程学院,长春工程学院,1263,,1785687614001161,纪嘉澍,2023-12-19 14:40,纪嘉澍,2023-12-19 14:40
上海政法学院,上海政法学院,1264,,1785687614013513,纪嘉澍,2023-12-19 14:40,纪嘉澍,2023-12-19 14:40
北京物资学院,北京物资学院,1265,,1785687614004233,纪嘉澍,2023-12-19 14:40,纪嘉澍,2023-12-19 14:40
重庆科技学院,重庆科技学院,1266,,1785687614005305,纪嘉澍,2023-12-19 14:40,纪嘉澍,2023-12-19 14:40
湖南工商大学,湖南工商大学,1267,,1785687614003209,纪嘉澍,2023-12-19 14:40,纪嘉澍,2023-12-19 14:40
长春师范大学,长春师范大学,1268,,1785687614005257,纪嘉澍,2023-12-19 14:40,纪嘉澍,2023-12-19 14:40
北京石油化工学院,北京石油化工学院,1269,,1785687614010393,纪嘉澍,2023-12-19 14:40,纪嘉澍,2023-12-19 14:40
海南医学院,海南医学院,1270,,1785687614001177,纪嘉澍,2023-12-19 14:40,纪嘉澍,2023-12-19 14:40
衡阳师范学院,衡阳师范学院,1271,,1785687614006281,纪嘉澍,2023-12-19 14:40,纪嘉澍,2023-12-19 14:40
福建警察学院,福建警察学院,1272,,1785687614009385,纪嘉澍,2023-12-19 14:40,纪嘉澍,2023-12-19 14:40
南京科技职业学院,南京科技职业学院,1273,,1785687614005273,纪嘉澍,2023-12-19 14:40,纪嘉澍,2023-12-19 14:40
香港教育大学,香港教育大学,1274,,1785687614011481,纪嘉澍,2023-12-19 14:40,纪嘉澍,2023-12-19 14:40
赤峰工业职业技术学院,赤峰工业职业技术学院,1275,,1785687614011497,纪嘉澍,2023-12-19 14:40,纪嘉澍,2023-12-19 14:40
浙江横店影视职业学院,浙江横店影视职业学院,1276,,1785687614008361,纪嘉澍,2023-12-19 14:40,纪嘉澍,2023-12-19 14:40
淮南职业技术学院,淮南职业技术学院,1277,,1785687614002185,纪嘉澍,2023-12-19 14:40,纪嘉澍,2023-12-19 14:40
湖南理工学院南湖学院,湖南理工学院南湖学院,1278,,1785687614012505,纪嘉澍,2023-12-19 14:40,纪嘉澍,2023-12-19 14:40
安徽体育运动职业技术学院,安徽体育运动职业技术学院,1279,,1785687614007321,纪嘉澍,2023-12-19 14:40,纪嘉澍,2023-12-19 14:40
云南民族大学香格里拉职业技术学院,云南民族大学香格里拉职业技术学院,1280,,1785687614001193,纪嘉澍,2023-12-19 14:40,纪嘉澍,2023-12-19 14:40
阳泉师范高等专科学校,阳泉师范高等专科学校,1281,,1785687614006297,纪嘉澍,2023-12-19 14:40,纪嘉澍,2023-12-19 14:40
江西经济管理干部学院,江西经济管理干部学院,1282,,1785687614007353,纪嘉澍,2023-12-19 14:40,纪嘉澍,2023-12-19 14:40
重庆安全技术职业学院,重庆安全技术职业学院,1283,,1785687614011465,纪嘉澍,2023-12-19 14:40,纪嘉澍,2023-12-19 14:40
东莞理工学院城市学院,东莞理工学院城市学院,1284,,1785687614008345,纪嘉澍,2023-12-19 14:40,纪嘉澍,2023-12-19 14:40
广东江门幼儿师范高等专科学校,广东江门幼儿师范高等专科学校,1285,,1785687614004249,纪嘉澍,2023-12-19 14:40,纪嘉澍,2023-12-19 14:40
日照航海工程职业学院,日照航海工程职业学院,1286,,1785687614002201,纪嘉澍,2023-12-19 14:40,纪嘉澍,2023-12-19 14:40
赤峰职业技术学院,赤峰职业技术学院,1287,,1785687614000185,纪嘉澍,2023-12-19 14:40,纪嘉澍,2023-12-19 14:40
中国人民解放军空军石家庄飞行学院,中国人民解放军空军石家庄飞行学院,1288,,1785687614010409,纪嘉澍,2023-12-19 14:40,纪嘉澍,2023-12-19 14:40
四川财经职业学院,四川财经职业学院,1289,,1785687614005289,纪嘉澍,2023-12-19 14:40,纪嘉澍,2023-12-19 14:40
西安信息职业大学,西安信息职业大学,1290,,1785687614010425,纪嘉澍,2023-12-19 14:40,纪嘉澍,2023-12-19 14:40
北京航空航天大学北海学院,北京航空航天大学北海学院,1291,,1785687614006313,纪嘉澍,2023-12-19 14:40,纪嘉澍,2023-12-19 14:40
运城幼儿师范高等专科学校,运城幼儿师范高等专科学校,1292,,1785687614003241,纪嘉澍,2023-12-19 14:40,纪嘉澍,2023-12-19 14:40
武汉工业职业技术学院,武汉工业职业技术学院,1293,,1785687614002217,纪嘉澍,2023-12-19 14:40,纪嘉澍,2023-12-19 14:40
长沙卫生职业学院,长沙卫生职业学院,1294,,1785687614006329,纪嘉澍,2023-12-19 14:40,纪嘉澍,2023-12-19 14:40
武汉信息传播职业技术学院,武汉信息传播职业技术学院,1295,,1785687614001209,纪嘉澍,2023-12-19 14:40,纪嘉澍,2023-12-19 14:40
广州城市职业学院,广州城市职业学院,1296,,1785687614009353,纪嘉澍,2023-12-19 14:40,纪嘉澍,2023-12-19 14:40
漳州城市职业学院,漳州城市职业学院,1297,,1785687614004265,纪嘉澍,2023-12-19 14:40,纪嘉澍,2023-12-19 14:40
南通科技职业学院,南通科技职业学院,1298,,1785687614007337,纪嘉澍,2023-12-19 14:40,纪嘉澍,2023-12-19 14:40
泰州职业技术学院,泰州职业技术学院,1299,,1785687614009401,纪嘉澍,2023-12-19 14:40,纪嘉澍,2023-12-19 14:40
福建卫生职业技术学院,福建卫生职业技术学院,1300,,1785687614009369,纪嘉澍,2023-12-19 14:40,纪嘉澍,2023-12-19 14:40
云南锡业职业技术学院,云南锡业职业技术学院,1301,,1785687614012537,纪嘉澍,2023-12-19 14:40,纪嘉澍,2023-12-19 14:40
西藏职业技术学院,西藏职业技术学院,1302,,1785687586579483,纪嘉澍,2023-12-19 14:40,纪嘉澍,2023-12-19 14:40
山西戏剧职业学院,山西戏剧职业学院,1303,,1785687586572347,纪嘉澍,2023-12-19 14:40,纪嘉澍,2023-12-19 14:40
苏州工艺美术职业技术学院,苏州工艺美术职业技术学院,1304,,1785687586579499,纪嘉澍,2023-12-19 14:40,纪嘉澍,2023-12-19 14:40
广东南华工商职业学院,广东南华工商职业学院,1305,,1785687586575419,纪嘉澍,2023-12-19 14:40,纪嘉澍,2023-12-19 14:40
杭州职业技术学院,杭州职业技术学院,1306,,1785687586578459,纪嘉澍,2023-12-19 14:40,纪嘉澍,2023-12-19 14:40
江西中医药大学科技学院,江西中医药大学科技学院,1307,,1785687586576491,纪嘉澍,2023-12-19 14:40,纪嘉澍,2023-12-19 14:40
江西泰豪动漫职业学院,江西泰豪动漫职业学院,1308,,1785687586571291,纪嘉澍,2023-12-19 14:40,纪嘉澍,2023-12-19 14:40
襄阳职业技术学院,襄阳职业技术学院,1309,,1785687586579515,纪嘉澍,2023-12-19 14:40,纪嘉澍,2023-12-19 14:40
云南科技信息职业学院,云南科技信息职业学院,1310,,1785687586577467,纪嘉澍,2023-12-19 14:40,纪嘉澍,2023-12-19 14:40
宁德职业技术学院,宁德职业技术学院,1311,,1785687586573355,纪嘉澍,2023-12-19 14:40,纪嘉澍,2023-12-19 14:40
湖南现代物流职业技术学院,湖南现代物流职业技术学院,1312,,1785687585756169,纪嘉澍,2023-12-19 14:40,纪嘉澍,2023-12-19 14:40
黑龙江民族职业学院,黑龙江民族职业学院,1313,,1785687586574363,纪嘉澍,2023-12-19 14:40,纪嘉澍,2023-12-19 14:40
广东理工学院,广东理工学院,1314,,1785687586574395,纪嘉澍,2023-12-19 14:40,纪嘉澍,2023-12-19 14:40
哈尔滨信息工程学院,哈尔滨信息工程学院,1315,,1785687586573323,纪嘉澍,2023-12-19 14:40,纪嘉澍,2023-12-19 14:40
湖南交通职业技术学院,湖南交通职业技术学院,1316,,1785687586580539,纪嘉澍,2023-12-19 14:40,纪嘉澍,2023-12-19 14:40
山西艺术职业学院,山西艺术职业学院,1317,,1785687586578491,纪嘉澍,2023-12-19 14:40,纪嘉澍,2023-12-19 14:40
云南国防工业职业技术学院,云南国防工业职业技术学院,1318,,1785687586579467,纪嘉澍,2023-12-19 14:40,纪嘉澍,2023-12-19 14:40
上海视觉艺术学院,上海视觉艺术学院,1319,,1785687586577419,纪嘉澍,2023-12-19 14:40,纪嘉澍,2023-12-19 14:40
皖西卫生职业学院,皖西卫生职业学院,1320,,1785687586575435,纪嘉澍,2023-12-19 14:40,纪嘉澍,2023-12-19 14:40
南充职业技术学院,南充职业技术学院,1321,,1785687586580491,纪嘉澍,2023-12-19 14:40,纪嘉澍,2023-12-19 14:40
重庆旅游职业学院,重庆旅游职业学院,1322,,1785687586574379,纪嘉澍,2023-12-19 14:40,纪嘉澍,2023-12-19 14:40
济南工程职业技术学院,济南工程职业技术学院,1323,,1785687586570299,纪嘉澍,2023-12-19 14:40,纪嘉澍,2023-12-19 14:40
广东信息工程职业学院,广东信息工程职业学院,1324,,1785687586570283,纪嘉澍,2023-12-19 14:40,纪嘉澍,2023-12-19 14:40
湖南都市职业学院,湖南都市职业学院,1325,,1785687586570267,纪嘉澍,2023-12-19 14:40,纪嘉澍,2023-12-19 14:40
淮安信息职业技术学院,淮安信息职业技术学院,1326,,1785687586582555,纪嘉澍,2023-12-19 14:40,纪嘉澍,2023-12-19 14:40
辽宁师范大学海华学院,辽宁师范大学海华学院,1327,,1785687586578443,纪嘉澍,2023-12-19 14:40,纪嘉澍,2023-12-19 14:40
内蒙古经贸外语职业学院,内蒙古经贸外语职业学院,1328,,1785687586571275,纪嘉澍,2023-12-19 14:40,纪嘉澍,2023-12-19 14:40
青岛职业技术学院,青岛职业技术学院,1329,,1785687586575451,纪嘉澍,2023-12-19 14:40,纪嘉澍,2023-12-19 14:40
荆州理工职业学院,荆州理工职业学院,1330,,1785687586572299,纪嘉澍,2023-12-19 14:40,纪嘉澍,2023-12-19 14:40
安徽绿海商务职业学院,安徽绿海商务职业学院,1331,,1785687586577451,纪嘉澍,2023-12-19 14:40,纪嘉澍,2023-12-19 14:40
安徽广播影视职业技术学院,安徽广播影视职业技术学院,1332,,1785687586577435,纪嘉澍,2023-12-19 14:40,纪嘉澍,2023-12-19 14:40
湖南中医药大学湘杏学院,湖南中医药大学湘杏学院,1333,,1785687586576475,纪嘉澍,2023-12-19 14:40,纪嘉澍,2023-12-19 14:40
湖南财经工业职业技术学院,湖南财经工业职业技术学院,1334,,1785687586582539,纪嘉澍,2023-12-19 14:40,纪嘉澍,2023-12-19 14:40
崇左幼儿师范高等专科学校,崇左幼儿师范高等专科学校,1335,,1785687586573339,纪嘉澍,2023-12-19 14:40,纪嘉澍,2023-12-19 14:40
内蒙古科技大学包头医学院,内蒙古科技大学包头医学院,1336,,1785687586571307,纪嘉澍,2023-12-19 14:40,纪嘉澍,2023-12-19 14:40
陕西邮电职业技术学院,陕西邮电职业技术学院,1337,,1785687585756217,纪嘉澍,2023-12-19 14:40,纪嘉澍,2023-12-19 14:40
苏州百年职业学院,苏州百年职业学院,1338,,1785687586576507,纪嘉澍,2023-12-19 14:40,纪嘉澍,2023-12-19 14:40
济源职业技术学院,济源职业技术学院,1339,,1785687586580507,纪嘉澍,2023-12-19 14:40,纪嘉澍,2023-12-19 14:40
福州黎明职业技术学院,福州黎明职业技术学院,1340,,1785687585756185,纪嘉澍,2023-12-19 14:40,纪嘉澍,2023-12-19 14:40
中国人民武装警察部队后勤学院,中国人民武装警察部队后勤学院,1341,,1785687586580523,纪嘉澍,2023-12-19 14:40,纪嘉澍,2023-12-19 14:40
山西财经大学华商学院,山西财经大学华商学院,1342,,1785687586578475,纪嘉澍,2023-12-19 14:40,纪嘉澍,2023-12-19 14:40
广西演艺职业学院,广西演艺职业学院,1343,,1785687586570251,纪嘉澍,2023-12-19 14:40,纪嘉澍,2023-12-19 14:40
北京卫生职业学院,北京卫生职业学院,1344,,1785687586574347,纪嘉澍,2023-12-19 14:40,纪嘉澍,2023-12-19 14:40
新疆交通职业技术学院,新疆交通职业技术学院,1345,,1785687586571323,纪嘉澍,2023-12-19 14:40,纪嘉澍,2023-12-19 14:40
安徽建筑大学城市建设学院,安徽建筑大学城市建设学院,1346,,1785687586572315,纪嘉澍,2023-12-19 14:40,纪嘉澍,2023-12-19 14:40
北京工业大学实验学院,北京工业大学实验学院,1347,,1785687586576459,纪嘉澍,2023-12-19 14:40,纪嘉澍,2023-12-19 14:40
福建华南女子职业学院,福建华南女子职业学院,1348,,1785687585756201,纪嘉澍,2023-12-19 14:40,纪嘉澍,2023-12-19 14:40
兰州石化职业技术学院,兰州石化职业技术学院,1349,,1785687586573371,纪嘉澍,2023-12-19 14:40,纪嘉澍,2023-12-19 14:40
江苏财经职业技术学院,江苏财经职业技术学院,1350,,1785687586572331,纪嘉澍,2023-12-19 14:40,纪嘉澍,2023-12-19 14:40
石家庄科技工程职业学院,石家庄科技工程职业学院,1351,,1785687586575403,纪嘉澍,2023-12-19 14:40,纪嘉澍,2023-12-19 14:40
湖南水利水电职业技术学院,湖南水利水电职业技术学院,1352,,1785687591841834,纪嘉澍,2023-12-19 14:40,纪嘉澍,2023-12-19 14:40
解放军镇江船艇学院,解放军镇江船艇学院,1353,,1785687591620651,纪嘉澍,2023-12-19 14:40,纪嘉澍,2023-12-19 14:40
辽宁石化职业技术学院,辽宁石化职业技术学院,1354,,1785687591839754,纪嘉澍,2023-12-19 14:40,纪嘉澍,2023-12-19 14:40
宣城职业技术学院,宣城职业技术学院,1355,,1785687591842906,纪嘉澍,2023-12-19 14:40,纪嘉澍,2023-12-19 14:40
云南艺术学院文华学院,云南艺术学院文华学院,1356,,1785687591838746,纪嘉澍,2023-12-19 14:40,纪嘉澍,2023-12-19 14:40
湖南工艺美术职业学院,湖南工艺美术职业学院,1357,,1785687591843914,纪嘉澍,2023-12-19 14:40,纪嘉澍,2023-12-19 14:40
湖南艺术职业学院,湖南艺术职业学院,1358,,1785687591841850,纪嘉澍,2023-12-19 14:40,纪嘉澍,2023-12-19 14:40
福建对外经济贸易职业技术学院,福建对外经济贸易职业技术学院,1359,,1785687591837722,纪嘉澍,2023-12-19 14:40,纪嘉澍,2023-12-19 14:40
广州珠江职业技术学院,广州珠江职业技术学院,1360,,1785687591839786,纪嘉澍,2023-12-19 14:40,纪嘉澍,2023-12-19 14:40
甘肃林业职业技术学院,甘肃林业职业技术学院,1361,,1785687591623707,纪嘉澍,2023-12-19 14:40,纪嘉澍,2023-12-19 14:40
吉林省教育学院,吉林省教育学院,1362,,1785687591833626,纪嘉澍,2023-12-19 14:40,纪嘉澍,2023-12-19 14:40
苏州托普信息职业技术学院,苏州托普信息职业技术学院,1363,,1785687591840778,纪嘉澍,2023-12-19 14:40,纪嘉澍,2023-12-19 14:40
江苏城市职业学院,江苏城市职业学院,1364,,1785687591624715,纪嘉澍,2023-12-19 14:40,纪嘉澍,2023-12-19 14:40
江西水利职业学院,江西水利职业学院,1365,,1785687591837706,纪嘉澍,2023-12-19 14:40,纪嘉澍,2023-12-19 14:40
贵州食品工程职业学院,贵州食品工程职业学院,1366,,1785687591833610,纪嘉澍,2023-12-19 14:40,纪嘉澍,2023-12-19 14:40
广西培贤国际职业学院,广西培贤国际职业学院,1367,,1785687591624763,纪嘉澍,2023-12-19 14:40,纪嘉澍,2023-12-19 14:40
哈尔滨城市职业学院,哈尔滨城市职业学院,1368,,1785687591841802,纪嘉澍,2023-12-19 14:40,纪嘉澍,2023-12-19 14:40
武汉商贸职业学院,武汉商贸职业学院,1369,,1785687591841818,纪嘉澍,2023-12-19 14:40,纪嘉澍,2023-12-19 14:40
湖南农业大学东方科技学院,湖南农业大学东方科技学院,1370,,1785687591621643,纪嘉澍,2023-12-19 14:40,纪嘉澍,2023-12-19 14:40
曲靖医学高等专科学校,曲靖医学高等专科学校,1371,,1785687591835690,纪嘉澍,2023-12-19 14:40,纪嘉澍,2023-12-19 14:40
私立华联学院,私立华联学院,1372,,1785687591624731,纪嘉澍,2023-12-19 14:40,纪嘉澍,2023-12-19 14:40
安徽公安职业学院,安徽公安职业学院,1373,,1785687591623723,纪嘉澍,2023-12-19 14:40,纪嘉澍,2023-12-19 14:40
青海建筑职业技术学院,青海建筑职业技术学院,1374,,1785687591840810,纪嘉澍,2023-12-19 14:40,纪嘉澍,2023-12-19 14:40
贵州城市职业学院,贵州城市职业学院,1375,,1785687591622715,纪嘉澍,2023-12-19 14:40,纪嘉澍,2023-12-19 14:40
辽宁城市建设职业技术学院,辽宁城市建设职业技术学院,1376,,1785687591622699,纪嘉澍,2023-12-19 14:40,纪嘉澍,2023-12-19 14:40
惠州城市职业学院,惠州城市职业学院,1377,,1785687591624747,纪嘉澍,2023-12-19 14:40,纪嘉澍,2023-12-19 14:40
湖南有色金属职业技术学院,湖南有色金属职业技术学院,1378,,1785687591839802,纪嘉澍,2023-12-19 14:40,纪嘉澍,2023-12-19 14:40
湖州职业技术学院,湖州职业技术学院,1379,,1785687591835658,纪嘉澍,2023-12-19 14:40,纪嘉澍,2023-12-19 14:40
佳木斯职业学院,佳木斯职业学院,1380,,1785687591620667,纪嘉澍,2023-12-19 14:40,纪嘉澍,2023-12-19 14:40
安徽信息工程学院,安徽信息工程学院,1381,,1785687591835674,纪嘉澍,2023-12-19 14:40,纪嘉澍,2023-12-19 14:40
中国人民解放军陆军步兵学院,中国人民解放军陆军步兵学院,1382,,1785687591837738,纪嘉澍,2023-12-19 14:40,纪嘉澍,2023-12-19 14:40
内蒙古大学鄂尔多斯学院,内蒙古大学鄂尔多斯学院,1383,,1785687591620635,纪嘉澍,2023-12-19 14:40,纪嘉澍,2023-12-19 14:40
内蒙古丰州职业学院,内蒙古丰州职业学院,1384,,1785687591623691,纪嘉澍,2023-12-19 14:40,纪嘉澍,2023-12-19 14:40
安徽新闻出版职业技术学院,安徽新闻出版职业技术学院,1385,,1785687591839770,纪嘉澍,2023-12-19 14:40,纪嘉澍,2023-12-19 14:40
山西华澳商贸职业学院,山西华澳商贸职业学院,1386,,1785687591842922,纪嘉澍,2023-12-19 14:40,纪嘉澍,2023-12-19 14:40
新疆师范高等专科学校,新疆师范高等专科学校,1387,,1785687591621659,纪嘉澍,2023-12-19 14:40,纪嘉澍,2023-12-19 14:40
合肥幼儿师范高等专科学校,合肥幼儿师范高等专科学校,1388,,1785687591621675,纪嘉澍,2023-12-19 14:40,纪嘉澍,2023-12-19 14:40
广州康大职业技术学院,广州康大职业技术学院,1389,,1785687591838762,纪嘉澍,2023-12-19 14:40,纪嘉澍,2023-12-19 14:40
河北机电职业技术学院,河北机电职业技术学院,1390,,1785687591623739,纪嘉澍,2023-12-19 14:40,纪嘉澍,2023-12-19 14:40
郑州理工职业学院,郑州理工职业学院,1391,,1785687591842938,纪嘉澍,2023-12-19 14:40,纪嘉澍,2023-12-19 14:40
上海金融学院,上海金融学院,1392,,1785687591840826,纪嘉澍,2023-12-19 14:40,纪嘉澍,2023-12-19 14:40
河北公安警察职业学院,河北公安警察职业学院,1393,,1785687591622667,纪嘉澍,2023-12-19 14:40,纪嘉澍,2023-12-19 14:40
广州体育职业技术学院,广州体育职业技术学院,1394,,1785687591836730,纪嘉澍,2023-12-19 14:40,纪嘉澍,2023-12-19 14:40
吉林电子信息职业技术学院,吉林电子信息职业技术学院,1395,,1785687591621691,纪嘉澍,2023-12-19 14:40,纪嘉澍,2023-12-19 14:40
武汉工程职业技术学院,武汉工程职业技术学院,1396,,1785687591837754,纪嘉澍,2023-12-19 14:40,纪嘉澍,2023-12-19 14:40
四川文化传媒职业学院,四川文化传媒职业学院,1397,,1785687591842890,纪嘉澍,2023-12-19 14:40,纪嘉澍,2023-12-19 14:40
哈尔滨剑桥学院,哈尔滨剑桥学院,1398,,1785687591838778,纪嘉澍,2023-12-19 14:40,纪嘉澍,2023-12-19 14:40
泉州海洋职业学院,泉州海洋职业学院,1399,,1785687591840794,纪嘉澍,2023-12-19 14:40,纪嘉澍,2023-12-19 14:40
安徽现代信息工程职业学院,安徽现代信息工程职业学院,1400,,1785687591838730,纪嘉澍,2023-12-19 14:40,纪嘉澍,2023-12-19 14:40
吉林铁道职业技术学院,吉林铁道职业技术学院,1401,,1785687591833642,纪嘉澍,2023-12-19 14:40,纪嘉澍,2023-12-19 14:40
重庆能源职业学院,重庆能源职业学院,1402,,1785687616350281,纪嘉澍,2023-12-19 14:40,纪嘉澍,2023-12-19 14:40
无锡工艺职业技术学院,无锡工艺职业技术学院,1403,,1785687616353369,纪嘉澍,2023-12-19 14:40,纪嘉澍,2023-12-19 14:40
南京旅游职业学院,南京旅游职业学院,1404,,1785687616352361,纪嘉澍,2023-12-19 14:40,纪嘉澍,2023-12-19 14:40
广州理工学院,广州理工学院,1405,,1785687616349305,纪嘉澍,2023-12-19 14:40,纪嘉澍,2023-12-19 14:40
河北交通职业技术学院,河北交通职业技术学院,1406,,1785687616345145,纪嘉澍,2023-12-19 14:40,纪嘉澍,2023-12-19 14:40
北京交通运输职业学院,北京交通运输职业学院,1407,,1785687616341097,纪嘉澍,2023-12-19 14:40,纪嘉澍,2023-12-19 14:40
浙江建设职业技术学院,浙江建设职业技术学院,1408,,1785687616348265,纪嘉澍,2023-12-19 14:40,纪嘉澍,2023-12-19 14:40
广州华夏职业学院,广州华夏职业学院,1409,,1785687616352377,纪嘉澍,2023-12-19 14:40,纪嘉澍,2023-12-19 14:40
常德职业技术学院,常德职业技术学院,1410,,1785687616343081,纪嘉澍,2023-12-19 14:40,纪嘉澍,2023-12-19 14:40
安徽扬子职业技术学院,安徽扬子职业技术学院,1411,,1785687616352329,纪嘉澍,2023-12-19 14:40,纪嘉澍,2023-12-19 14:40
温州医科大学仁济学院,温州医科大学仁济学院,1412,,1785687616351305,纪嘉澍,2023-12-19 14:40,纪嘉澍,2023-12-19 14:40
辽宁生态工程职业学院,辽宁生态工程职业学院,1413,,1785687616350297,纪嘉澍,2023-12-19 14:40,纪嘉澍,2023-12-19 14:40
华北理工大学冀唐学院,华北理工大学冀唐学院,1414,,1785687616351353,纪嘉澍,2023-12-19 14:40,纪嘉澍,2023-12-19 14:40
长春信息技术职业学院,长春信息技术职业学院,1415,,1785687616351321,纪嘉澍,2023-12-19 14:40,纪嘉澍,2023-12-19 14:40
山西卫生健康职业学院,山西卫生健康职业学院,1416,,1785687616352345,纪嘉澍,2023-12-19 14:40,纪嘉澍,2023-12-19 14:40
潍坊工程职业学院,潍坊工程职业学院,1417,,1785687616348281,纪嘉澍,2023-12-19 14:40,纪嘉澍,2023-12-19 14:40
德州科技职业学院,德州科技职业学院,1418,,1785687616341129,纪嘉澍,2023-12-19 14:40,纪嘉澍,2023-12-19 14:40
上海科技大学,上海科技大学,1419,,1785687616344105,纪嘉澍,2023-12-19 14:40,纪嘉澍,2023-12-19 14:40
泰山职业技术学院,泰山职业技术学院,1420,,1785687616346201,纪嘉澍,2023-12-19 14:40,纪嘉澍,2023-12-19 14:40
湖南吉利汽车职业技术学院,湖南吉利汽车职业技术学院,1421,,1785687616344121,纪嘉澍,2023-12-19 14:40,纪嘉澍,2023-12-19 14:40
天津艺术职业学院,天津艺术职业学院,1422,,1785687616349289,纪嘉澍,2023-12-19 14:40,纪嘉澍,2023-12-19 14:40
湄洲湾职业技术学院,湄洲湾职业技术学院,1423,,1785687616343065,纪嘉澍,2023-12-19 14:40,纪嘉澍,2023-12-19 14:40
长春师范高等专科学校,长春师范高等专科学校,1424,,1785687616346217,纪嘉澍,2023-12-19 14:40,纪嘉澍,2023-12-19 14:40
首都经济贸易大学密云分校,首都经济贸易大学密云分校,1425,,1785687616343097,纪嘉澍,2023-12-19 14:40,纪嘉澍,2023-12-19 14:40
安徽机电职业技术学院,安徽机电职业技术学院,1426,,1785687616340041,纪嘉澍,2023-12-19 14:40,纪嘉澍,2023-12-19 14:40
上海医疗器械高等专科学校,上海医疗器械高等专科学校,1427,,1785687616349257,纪嘉澍,2023-12-19 14:40,纪嘉澍,2023-12-19 14:40
沈阳北软信息职业技术学院,沈阳北软信息职业技术学院,1428,,1785687616341081,纪嘉澍,2023-12-19 14:40,纪嘉澍,2023-12-19 14:40
湖南理工职业技术学院,湖南理工职业技术学院,1429,,1785687616347257,纪嘉澍,2023-12-19 14:40,纪嘉澍,2023-12-19 14:40
福建警官职业学院,福建警官职业学院,1430,,1785687616349273,纪嘉澍,2023-12-19 14:40,纪嘉澍,2023-12-19 14:40
山西警官职业学院,山西警官职业学院,1431,,1785687616351337,纪嘉澍,2023-12-19 14:40,纪嘉澍,2023-12-19 14:40
民办四川天一学院,民办四川天一学院,1432,,1785687616350329,纪嘉澍,2023-12-19 14:40,纪嘉澍,2023-12-19 14:40
黑龙江能源职业学院,黑龙江能源职业学院,1433,,1785687616348249,纪嘉澍,2023-12-19 14:40,纪嘉澍,2023-12-19 14:40
衡水职业技术学院,衡水职业技术学院,1434,,1785687616340057,纪嘉澍,2023-12-19 14:40,纪嘉澍,2023-12-19 14:40
百色职业学院,百色职业学院,1435,,1785687616346185,纪嘉澍,2023-12-19 14:40,纪嘉澍,2023-12-19 14:40
九江职业大学,九江职业大学,1436,,1785687616346233,纪嘉澍,2023-12-19 14:40,纪嘉澍,2023-12-19 14:40
鲁迅美术学院,鲁迅美术学院,1437,,1785687616341113,纪嘉澍,2023-12-19 14:40,纪嘉澍,2023-12-19 14:40
内蒙古大学创业学院,内蒙古大学创业学院,1438,,1785687616347209,纪嘉澍,2023-12-19 14:40,纪嘉澍,2023-12-19 14:40
濮阳医学高等专科学校,濮阳医学高等专科学校,1439,,1785687616348233,纪嘉澍,2023-12-19 14:40,纪嘉澍,2023-12-19 14:40
平顶山文化艺术职业学院,平顶山文化艺术职业学院,1440,,1785687616347225,纪嘉澍,2023-12-19 14:40,纪嘉澍,2023-12-19 14:40
四川长江职业学院,四川长江职业学院,1441,,1785687615730747,纪嘉澍,2023-12-19 14:40,纪嘉澍,2023-12-19 14:40
兰州财经大学陇桥学院,兰州财经大学陇桥学院,1442,,1785687616345129,纪嘉澍,2023-12-19 14:40,纪嘉澍,2023-12-19 14:40
湖南工业大学科技学院,湖南工业大学科技学院,1443,,1785687616340073,纪嘉澍,2023-12-19 14:40,纪嘉澍,2023-12-19 14:40
郑州工业安全职业学院,郑州工业安全职业学院,1444,,1785687616345097,纪嘉澍,2023-12-19 14:40,纪嘉澍,2023-12-19 14:40
黄冈科技职业学院,黄冈科技职业学院,1445,,1785687616340089,纪嘉澍,2023-12-19 14:40,纪嘉澍,2023-12-19 14:40
呼伦贝尔职业技术学院,呼伦贝尔职业技术学院,1446,,1785687616350313,纪嘉澍,2023-12-19 14:40,纪嘉澍,2023-12-19 14:40
武汉航海职业技术学院,武汉航海职业技术学院,1447,,1785687616345113,纪嘉澍,2023-12-19 14:40,纪嘉澍,2023-12-19 14:40
闽西职业技术学院,闽西职业技术学院,1448,,1785687616344073,纪嘉澍,2023-12-19 14:40,纪嘉澍,2023-12-19 14:40
山西医科大学晋祠学院,山西医科大学晋祠学院,1449,,1785687616347241,纪嘉澍,2023-12-19 14:40,纪嘉澍,2023-12-19 14:40
福建林业职业技术学院,福建林业职业技术学院,1450,,1785687616343049,纪嘉澍,2023-12-19 14:40,纪嘉澍,2023-12-19 14:40
中山职业技术学院,中山职业技术学院,1451,,1785687616344089,纪嘉澍,2023-12-19 14:40,纪嘉澍,2023-12-19 14:40
上海交通职业技术学院,上海交通职业技术学院,1452,,1785687635572809,纪嘉澍,2023-12-19 14:40,纪嘉澍,2023-12-19 14:40
香港科技大学,香港科技大学,1453,,1785687635568713,纪嘉澍,2023-12-19 14:40,纪嘉澍,2023-12-19 14:40
西安飞机工业公司职工工学院,西安飞机工业公司职工工学院,1454,,1785687635568729,纪嘉澍,2023-12-19 14:40,纪嘉澍,2023-12-19 14:40
南宁师范大学师园学院,南宁师范大学师园学院,1455,,1785687635571785,纪嘉澍,2023-12-19 14:40,纪嘉澍,2023-12-19 14:40
内蒙古艺术学院,内蒙古艺术学院,1456,,1785687641687099,纪嘉澍,2023-12-19 14:40,纪嘉澍,2023-12-19 14:40
浙江舟山群岛新区旅游与健康职业学院,浙江舟山群岛新区旅游与健康职业学院,1457,,1785687635570777,纪嘉澍,2023-12-19 14:40,纪嘉澍,2023-12-19 14:40
乌鲁木齐职业大学,乌鲁木齐职业大学,1458,,1785687635572841,纪嘉澍,2023-12-19 14:40,纪嘉澍,2023-12-19 14:40
广西理工职业技术学院,广西理工职业技术学院,1459,,1785687641687051,纪嘉澍,2023-12-19 14:40,纪嘉澍,2023-12-19 14:40
湖北生物科技职业学院,湖北生物科技职业学院,1460,,1785687635566681,纪嘉澍,2023-12-19 14:40,纪嘉澍,2023-12-19 14:40
四川现代职业学院,四川现代职业学院,1461,,1785687635569785,纪嘉澍,2023-12-19 14:40,纪嘉澍,2023-12-19 14:40
天津工艺美术职业学院,天津工艺美术职业学院,1462,,1785687635574809,纪嘉澍,2023-12-19 14:40,纪嘉澍,2023-12-19 14:40
扎兰屯职业学院,扎兰屯职业学院,1463,,1785687641688107,纪嘉澍,2023-12-19 14:40,纪嘉澍,2023-12-19 14:40
广东科贸职业学院,广东科贸职业学院,1464,,1785687635573785,纪嘉澍,2023-12-19 14:40,纪嘉澍,2023-12-19 14:40
安康职业技术学院,安康职业技术学院,1465,,1785687641688091,纪嘉澍,2023-12-19 14:40,纪嘉澍,2023-12-19 14:40
抚州幼儿师范高等专科学校,抚州幼儿师范高等专科学校,1466,,1785687635571833,纪嘉澍,2023-12-19 14:40,纪嘉澍,2023-12-19 14:40
惠州卫生职业技术学院,惠州卫生职业技术学院,1467,,1785687635571817,纪嘉澍,2023-12-19 14:40,纪嘉澍,2023-12-19 14:40
黑龙江农业职业技术学院,黑龙江农业职业技术学院,1468,,1785687635569737,纪嘉澍,2023-12-19 14:40,纪嘉澍,2023-12-19 14:40
湖南外贸职业学院,湖南外贸职业学院,1469,,1785687635572825,纪嘉澍,2023-12-19 14:40,纪嘉澍,2023-12-19 14:40
泉州工程职业技术学院,泉州工程职业技术学院,1470,,1785687635571801,纪嘉澍,2023-12-19 14:40,纪嘉澍,2023-12-19 14:40
重庆城市管理职业学院,重庆城市管理职业学院,1471,,1785687635568745,纪嘉澍,2023-12-19 14:40,纪嘉澍,2023-12-19 14:40
合肥经济技术职业学院,合肥经济技术职业学院,1472,,1785687635567737,纪嘉澍,2023-12-19 14:40,纪嘉澍,2023-12-19 14:40
娄底职业技术学院,娄底职业技术学院,1473,,1785687635570793,纪嘉澍,2023-12-19 14:40,纪嘉澍,2023-12-19 14:40
吉林职业技术学院,吉林职业技术学院,1474,,1785687635565673,纪嘉澍,2023-12-19 14:40,纪嘉澍,2023-12-19 14:40
河源职业技术学院,河源职业技术学院,1475,,1785687635573801,纪嘉澍,2023-12-19 14:40,纪嘉澍,2023-12-19 14:40
中国人民解放军重庆通信学院,中国人民解放军重庆通信学院,1476,,1785687635568761,纪嘉澍,2023-12-19 14:40,纪嘉澍,2023-12-19 14:40
重庆电力高等专科学校,重庆电力高等专科学校,1477,,1785687641688123,纪嘉澍,2023-12-19 14:40,纪嘉澍,2023-12-19 14:40
广西工商职业技术学院,广西工商职业技术学院,1478,,1785687635572857,纪嘉澍,2023-12-19 14:40,纪嘉澍,2023-12-19 14:40
浙江育英职业技术学院,浙江育英职业技术学院,1479,,1785687635566697,纪嘉澍,2023-12-19 14:40,纪嘉澍,2023-12-19 14:40
宣化科技职业学院,宣化科技职业学院,1480,,1785687641688075,纪嘉澍,2023-12-19 14:40,纪嘉澍,2023-12-19 14:40
聊城教育学院,聊城教育学院,1481,,1785687641689115,纪嘉澍,2023-12-19 14:40,纪嘉澍,2023-12-19 14:40
苏州健雄职业技术学院,苏州健雄职业技术学院,1482,,1785687635567705,纪嘉澍,2023-12-19 14:40,纪嘉澍,2023-12-19 14:40
安徽新华学院,安徽新华学院,1483,,1785687635566665,纪嘉澍,2023-12-19 14:40,纪嘉澍,2023-12-19 14:40
江阳城建职业学院,江阳城建职业学院,1484,,1785687635574841,纪嘉澍,2023-12-19 14:40,纪嘉澍,2023-12-19 14:40
扬州大学广陵学院,扬州大学广陵学院,1485,,1785687635569753,纪嘉澍,2023-12-19 14:40,纪嘉澍,2023-12-19 14:40
河北政法职业学院,河北政法职业学院,1486,,1785687635573769,纪嘉澍,2023-12-19 14:40,纪嘉澍,2023-12-19 14:40
大连汽车职业技术学院,大连汽车职业技术学院,1487,,1785687635570809,纪嘉澍,2023-12-19 14:40,纪嘉澍,2023-12-19 14:40
云南经济管理学院,云南经济管理学院,1488,,1785687635565689,纪嘉澍,2023-12-19 14:40,纪嘉澍,2023-12-19 14:40
晋中职业技术学院,晋中职业技术学院,1489,,1785687635574825,纪嘉澍,2023-12-19 14:40,纪嘉澍,2023-12-19 14:40
陆军工程大学,陆军工程大学,1490,,1785687635565657,纪嘉澍,2023-12-19 14:40,纪嘉澍,2023-12-19 14:40
湖南吉林汽车职业技术学院,湖南吉林汽车职业技术学院,1491,,1785687635574793,纪嘉澍,2023-12-19 14:40,纪嘉澍,2023-12-19 14:40
四川音乐学院成都美术学院,四川音乐学院成都美术学院,1492,,1785687641689131,纪嘉澍,2023-12-19 14:40,纪嘉澍,2023-12-19 14:40
湖南汽车工程职业学院,湖南汽车工程职业学院,1493,,1785687635573817,纪嘉澍,2023-12-19 14:40,纪嘉澍,2023-12-19 14:40
吉林动画学院,吉林动画学院,1494,,1785687635567689,纪嘉澍,2023-12-19 14:40,纪嘉澍,2023-12-19 14:40
宁波城市职业技术学院,宁波城市职业技术学院,1495,,1785687635569769,纪嘉澍,2023-12-19 14:40,纪嘉澍,2023-12-19 14:40
中国科学院大学,中国科学院大学,1496,,1785687635570761,纪嘉澍,2023-12-19 14:40,纪嘉澍,2023-12-19 14:40
河北大学医学部,河北大学医学部,1497,,1785687641687067,纪嘉澍,2023-12-19 14:40,纪嘉澍,2023-12-19 14:40
河南农业职业学院,河南农业职业学院,1498,,1785687635566713,纪嘉澍,2023-12-19 14:40,纪嘉澍,2023-12-19 14:40
黑龙江冰雪体育职业学院,黑龙江冰雪体育职业学院,1499,,1785687641689099,纪嘉澍,2023-12-19 14:40,纪嘉澍,2023-12-19 14:40
山东轻工职业学院,山东轻工职业学院,1500,,1785687641687083,纪嘉澍,2023-12-19 14:40,纪嘉澍,2023-12-19 14:40
太原幼儿师范高等专科学校,太原幼儿师范高等专科学校,1501,,1785687635567721,纪嘉澍,2023-12-19 14:40,纪嘉澍,2023-12-19 14:40
广西艺术学院,广西艺术学院,1502,,1785687616591995,纪嘉澍,2023-12-19 14:40,纪嘉澍,2023-12-19 14:40
四川电子机械职业技术学院,四川电子机械职业技术学院,1503,,1785687616589883,纪嘉澍,2023-12-19 14:40,纪嘉澍,2023-12-19 14:40
常州工程职业技术学院,常州工程职业技术学院,1504,,1785687616594059,纪嘉澍,2023-12-19 14:40,纪嘉澍,2023-12-19 14:40
萍乡卫生职业学院,萍乡卫生职业学院,1505,,1785687616597131,纪嘉澍,2023-12-19 14:40,纪嘉澍,2023-12-19 14:40
云南交通运输职业学院,云南交通运输职业学院,1506,,1785687616598107,纪嘉澍,2023-12-19 14:40,纪嘉澍,2023-12-19 14:40
河南物流职业学院,河南物流职业学院,1507,,1785687616600139,纪嘉澍,2023-12-19 14:40,纪嘉澍,2023-12-19 14:40
山东文化产业职业学院,山东文化产业职业学院,1508,,1785687616591947,纪嘉澍,2023-12-19 14:40,纪嘉澍,2023-12-19 14:40
合肥共达职业技术学院,合肥共达职业技术学院,1509,,1785687616600187,纪嘉澍,2023-12-19 14:40,纪嘉澍,2023-12-19 14:40
楚雄医药高等专科学校,楚雄医药高等专科学校,1510,,1785687616601163,纪嘉澍,2023-12-19 14:40,纪嘉澍,2023-12-19 14:40
贵州经贸职业技术学院,贵州经贸职业技术学院,1511,,1785687616596091,纪嘉澍,2023-12-19 14:40,纪嘉澍,2023-12-19 14:40
浙江中医药大学滨江学院,浙江中医药大学滨江学院,1512,,1785687616591963,纪嘉澍,2023-12-19 14:40,纪嘉澍,2023-12-19 14:40
云南工贸职业技术学院,云南工贸职业技术学院,1513,,1785687616599147,纪嘉澍,2023-12-19 14:40,纪嘉澍,2023-12-19 14:40
辽宁特殊教育师范高等专科学校,辽宁特殊教育师范高等专科学校,1514,,1785687616595035,纪嘉澍,2023-12-19 14:40,纪嘉澍,2023-12-19 14:40
广东文艺职业学院,广东文艺职业学院,1515,,1785687616599163,纪嘉澍,2023-12-19 14:40,纪嘉澍,2023-12-19 14:40
首都体育学院,首都体育学院,1516,,1785687616598091,纪嘉澍,2023-12-19 14:40,纪嘉澍,2023-12-19 14:40
江苏医药职业学院,江苏医药职业学院,1517,,1785687616594027,纪嘉澍,2023-12-19 14:40,纪嘉澍,2023-12-19 14:40
中原工学院中原彼得堡航空学院,中原工学院中原彼得堡航空学院,1518,,1785687617099882,纪嘉澍,2023-12-19 14:40,纪嘉澍,2023-12-19 14:40
益阳医学高等专科学校,益阳医学高等专科学校,1519,,1785687616594043,纪嘉澍,2023-12-19 14:40,纪嘉澍,2023-12-19 14:40
湖北轻工职业技术学院,湖北轻工职业技术学院,1520,,1785687616594011,纪嘉澍,2023-12-19 14:40,纪嘉澍,2023-12-19 14:40
桂林山水职业学院,桂林山水职业学院,1521,,1785687617099898,纪嘉澍,2023-12-19 14:40,纪嘉澍,2023-12-19 14:40
新疆现代职业技术学院,新疆现代职业技术学院,1522,,1785687616593019,纪嘉澍,2023-12-19 14:40,纪嘉澍,2023-12-19 14:40
安徽电子信息职业技术学院,安徽电子信息职业技术学院,1523,,1785687617099850,纪嘉澍,2023-12-19 14:40,纪嘉澍,2023-12-19 14:40
贵州轻工职业技术学院,贵州轻工职业技术学院,1524,,1785687616596075,纪嘉澍,2023-12-19 14:40,纪嘉澍,2023-12-19 14:40
豫章师范学院,豫章师范学院,1525,,1785687616590907,纪嘉澍,2023-12-19 14:40,纪嘉澍,2023-12-19 14:40
山西信息职业技术学院,山西信息职业技术学院,1526,,1785687616592971,纪嘉澍,2023-12-19 14:40,纪嘉澍,2023-12-19 14:40
石家庄幼儿师范高等专科学校,石家庄幼儿师范高等专科学校,1527,,1785687616596059,纪嘉澍,2023-12-19 14:40,纪嘉澍,2023-12-19 14:40
广元中核职业技术学院,广元中核职业技术学院,1528,,1785687616589867,纪嘉澍,2023-12-19 14:40,纪嘉澍,2023-12-19 14:40
湖南信息学院,湖南信息学院,1529,,1785687616598139,纪嘉澍,2023-12-19 14:40,纪嘉澍,2023-12-19 14:40
武汉纺织大学高等职业技术学院,武汉纺织大学高等职业技术学院,1530,,1785687616593003,纪嘉澍,2023-12-19 14:40,纪嘉澍,2023-12-19 14:40
张家口职业技术学院,张家口职业技术学院,1531,,1785687616590891,纪嘉澍,2023-12-19 14:40,纪嘉澍,2023-12-19 14:40
广安职业技术学院,广安职业技术学院,1532,,1785687616592987,纪嘉澍,2023-12-19 14:40,纪嘉澍,2023-12-19 14:40
万博科技职业学院,万博科技职业学院,1533,,1785687616595051,纪嘉澍,2023-12-19 14:40,纪嘉澍,2023-12-19 14:40
河南艺术职业学院,河南艺术职业学院,1534,,1785687616601179,纪嘉澍,2023-12-19 14:40,纪嘉澍,2023-12-19 14:40
石家庄工程职业学院,石家庄工程职业学院,1535,,1785687617099866,纪嘉澍,2023-12-19 14:40,纪嘉澍,2023-12-19 14:40
中国人民解放军南京陆军指挥学院,中国人民解放军南京陆军指挥学院,1536,,1785687616601211,纪嘉澍,2023-12-19 14:40,纪嘉澍,2023-12-19 14:40
云南能源职业技术学院,云南能源职业技术学院,1537,,1785687616595019,纪嘉澍,2023-12-19 14:40,纪嘉澍,2023-12-19 14:40
长沙南方职业学院,长沙南方职业学院,1538,,1785687616590859,纪嘉澍,2023-12-19 14:40,纪嘉澍,2023-12-19 14:40
重庆大学艺术学院,重庆大学艺术学院,1539,,1785687616597099,纪嘉澍,2023-12-19 14:40,纪嘉澍,2023-12-19 14:40
中国人民解放军桂林空军学院,中国人民解放军桂林空军学院,1540,,1785687616599115,纪嘉澍,2023-12-19 14:40,纪嘉澍,2023-12-19 14:40
西湖大学,西湖大学,1541,,1785687616598123,纪嘉澍,2023-12-19 14:40,纪嘉澍,2023-12-19 14:40
厦门城市职业学院,厦门城市职业学院,1542,,1785687616601195,纪嘉澍,2023-12-19 14:40,纪嘉澍,2023-12-19 14:40
湖北国土资源职业学院,湖北国土资源职业学院,1543,,1785687616597115,纪嘉澍,2023-12-19 14:40,纪嘉澍,2023-12-19 14:40
上海健康职业技术学院,上海健康职业技术学院,1544,,1785687616591979,纪嘉澍,2023-12-19 14:40,纪嘉澍,2023-12-19 14:40
河南经贸职业学院,河南经贸职业学院,1545,,1785687616597083,纪嘉澍,2023-12-19 14:40,纪嘉澍,2023-12-19 14:40
广东邮电职业技术学院,广东邮电职业技术学院,1546,,1785687616595067,纪嘉澍,2023-12-19 14:40,纪嘉澍,2023-12-19 14:40
淮北师范大学信息学院,淮北师范大学信息学院,1547,,1785687616590875,纪嘉澍,2023-12-19 14:40,纪嘉澍,2023-12-19 14:40
山东城市建设职业学院,山东城市建设职业学院,1548,,1785687616600155,纪嘉澍,2023-12-19 14:40,纪嘉澍,2023-12-19 14:40
浙江音乐学院,浙江音乐学院,1549,,1785687616596043,纪嘉澍,2023-12-19 14:40,纪嘉澍,2023-12-19 14:40
海南科技职业大学,海南科技职业大学,1550,,1785687616599131,纪嘉澍,2023-12-19 14:40,纪嘉澍,2023-12-19 14:40
南京审计大学金审学院,南京审计大学金审学院,1551,,1785687616600171,纪嘉澍,2023-12-19 14:40,纪嘉澍,2023-12-19 14:40
柳州职业技术学院,柳州职业技术学院,1552,,1785687635552297,纪嘉澍,2023-12-19 14:40,纪嘉澍,2023-12-19 14:40
江西管理职业学院,江西管理职业学院,1553,,1785687635557497,纪嘉澍,2023-12-19 14:40,纪嘉澍,2023-12-19 14:40
渭南职业技术学院,渭南职业技术学院,1554,,1785687635561593,纪嘉澍,2023-12-19 14:40,纪嘉澍,2023-12-19 14:40
广州松田职业学院,广州松田职业学院,1555,,1785687635552265,纪嘉澍,2023-12-19 14:40,纪嘉澍,2023-12-19 14:40
四川工业科技学院,四川工业科技学院,1556,,1785687635554361,纪嘉澍,2023-12-19 14:40,纪嘉澍,2023-12-19 14:40
杭州万向职业技术学院,杭州万向职业技术学院,1557,,1785687635554329,纪嘉澍,2023-12-19 14:40,纪嘉澍,2023-12-19 14:40
广东南方职业学院,广东南方职业学院,1558,,1785687635559513,纪嘉澍,2023-12-19 14:40,纪嘉澍,2023-12-19 14:40
仙桃职业学院,仙桃职业学院,1559,,1785687635559497,纪嘉澍,2023-12-19 14:40,纪嘉澍,2023-12-19 14:40
邢台医学高等专科学校,邢台医学高等专科学校,1560,,1785687635551273,纪嘉澍,2023-12-19 14:40,纪嘉澍,2023-12-19 14:40
泉州信息工程学院,泉州信息工程学院,1561,,1785687635561545,纪嘉澍,2023-12-19 14:40,纪嘉澍,2023-12-19 14:40
吉安职业技术学院,吉安职业技术学院,1562,,1785687635552313,纪嘉澍,2023-12-19 14:40,纪嘉澍,2023-12-19 14:40
内蒙古电子信息职业技术学院,内蒙古电子信息职业技术学院,1563,,1785687635564553,纪嘉澍,2023-12-19 14:40,纪嘉澍,2023-12-19 14:40
东北石油大学秦皇岛分校,东北石油大学秦皇岛分校,1564,,1785687635557449,纪嘉澍,2023-12-19 14:40,纪嘉澍,2023-12-19 14:40
石家庄职业技术学院,石家庄职业技术学院,1565,,1785687635558409,纪嘉澍,2023-12-19 14:40,纪嘉澍,2023-12-19 14:40
山西旅游职业学院,山西旅游职业学院,1566,,1785687635559545,纪嘉澍,2023-12-19 14:40,纪嘉澍,2023-12-19 14:40
南京机电职业技术学院,南京机电职业技术学院,1567,,1785687635560537,纪嘉澍,2023-12-19 14:40,纪嘉澍,2023-12-19 14:40
西北师范大学知行学院,西北师范大学知行学院,1568,,1785687635558457,纪嘉澍,2023-12-19 14:40,纪嘉澍,2023-12-19 14:40
辽宁装备制造职业技术学院,辽宁装备制造职业技术学院,1569,,1785687635557465,纪嘉澍,2023-12-19 14:40,纪嘉澍,2023-12-19 14:40
湖南网络工程职业学院,湖南网络工程职业学院,1570,,1785687635564601,纪嘉澍,2023-12-19 14:40,纪嘉澍,2023-12-19 14:40
昆明理工大学津桥学院,昆明理工大学津桥学院,1571,,1785687635561561,纪嘉澍,2023-12-19 14:40,纪嘉澍,2023-12-19 14:40
喀什职业技术学院,喀什职业技术学院,1572,,1785687635562505,纪嘉澍,2023-12-19 14:40,纪嘉澍,2023-12-19 14:40
武汉外语外事职业学院,武汉外语外事职业学院,1573,,1785687635554313,纪嘉澍,2023-12-19 14:40,纪嘉澍,2023-12-19 14:40
武汉电力职业技术学院,武汉电力职业技术学院,1574,,1785687635553289,纪嘉澍,2023-12-19 14:40,纪嘉澍,2023-12-19 14:40
上海工商外国语职业学院,上海工商外国语职业学院,1575,,1785687635553321,纪嘉澍,2023-12-19 14:40,纪嘉澍,2023-12-19 14:40
北京戏曲艺术职业学院,北京戏曲艺术职业学院,1576,,1785687635552281,纪嘉澍,2023-12-19 14:40,纪嘉澍,2023-12-19 14:40
辽宁工程职业学院,辽宁工程职业学院,1577,,1785687635559529,纪嘉澍,2023-12-19 14:40,纪嘉澍,2023-12-19 14:40
西北大学软件职业技术学院,西北大学软件职业技术学院,1578,,1785687635554345,纪嘉澍,2023-12-19 14:40,纪嘉澍,2023-12-19 14:40
新疆维吾尔医学专科学校,新疆维吾尔医学专科学校,1579,,1785687635556377,纪嘉澍,2023-12-19 14:40,纪嘉澍,2023-12-19 14:40
四平职业大学,四平职业大学,1580,,1785687635563577,纪嘉澍,2023-12-19 14:40,纪嘉澍,2023-12-19 14:40
辽宁金融职业学院,辽宁金融职业学院,1581,,1785687635556361,纪嘉澍,2023-12-19 14:40,纪嘉澍,2023-12-19 14:40
黑龙江旅游职业技术学院,黑龙江旅游职业技术学院,1582,,1785687635553337,纪嘉澍,2023-12-19 14:40,纪嘉澍,2023-12-19 14:40
曲靖职业技术学院,曲靖职业技术学院,1583,,1785687635563529,纪嘉澍,2023-12-19 14:40,纪嘉澍,2023-12-19 14:40
广西职业师范学院,广西职业师范学院,1584,,1785687635560553,纪嘉澍,2023-12-19 14:40,纪嘉澍,2023-12-19 14:40
济宁职业技术学院,济宁职业技术学院,1585,,1785687635557481,纪嘉澍,2023-12-19 14:40,纪嘉澍,2023-12-19 14:40
湖北大学职业技术学院,湖北大学职业技术学院,1586,,1785687635564585,纪嘉澍,2023-12-19 14:40,纪嘉澍,2023-12-19 14:40
洛阳科技职业学院,洛阳科技职业学院,1587,,1785687635560569,纪嘉澍,2023-12-19 14:40,纪嘉澍,2023-12-19 14:40
浙江安防职业技术学院,浙江安防职业技术学院,1588,,1785687635562521,纪嘉澍,2023-12-19 14:40,纪嘉澍,2023-12-19 14:40
江西财经职业学院,江西财经职业学院,1589,,1785687635562553,纪嘉澍,2023-12-19 14:40,纪嘉澍,2023-12-19 14:40
上海公安学院,上海公安学院,1590,,1785687635556409,纪嘉澍,2023-12-19 14:40,纪嘉澍,2023-12-19 14:40
北京交通职业技术学院,北京交通职业技术学院,1591,,1785687635563545,纪嘉澍,2023-12-19 14:40,纪嘉澍,2023-12-19 14:40
四川信息职业技术学院,四川信息职业技术学院,1592,,1785687635564569,纪嘉澍,2023-12-19 14:40,纪嘉澍,2023-12-19 14:40
江西师范高等专科学校,江西师范高等专科学校,1593,,1785687635553305,纪嘉澍,2023-12-19 14:40,纪嘉澍,2023-12-19 14:40
内蒙古商贸职业学院,内蒙古商贸职业学院,1594,,1785687635562537,纪嘉澍,2023-12-19 14:40,纪嘉澍,2023-12-19 14:40
香港城市大学,香港城市大学,1595,,1785687635556393,纪嘉澍,2023-12-19 14:40,纪嘉澍,2023-12-19 14:40
石家庄外国语职业学院,石家庄外国语职业学院,1596,,1785687635561577,纪嘉澍,2023-12-19 14:40,纪嘉澍,2023-12-19 14:40
沙洲职业工学院,沙洲职业工学院,1597,,1785687635558425,纪嘉澍,2023-12-19 14:40,纪嘉澍,2023-12-19 14:40
重庆电信职业学院,重庆电信职业学院,1598,,1785687635563561,纪嘉澍,2023-12-19 14:40,纪嘉澍,2023-12-19 14:40
长春金融高等专科学校,长春金融高等专科学校,1599,,1785687635560521,纪嘉澍,2023-12-19 14:40,纪嘉澍,2023-12-19 14:40
辽源职业技术学院,辽源职业技术学院,1600,,1785687635558441,纪嘉澍,2023-12-19 14:40,纪嘉澍,2023-12-19 14:40
哈尔滨幼儿师范高等专科学校,哈尔滨幼儿师范高等专科学校,1601,,1785687635551289,纪嘉澍,2023-12-19 14:40,纪嘉澍,2023-12-19 14:40
重庆科技职业学院,重庆科技职业学院,1602,,1785687671387163,纪嘉澍,2023-12-19 14:40,纪嘉澍,2023-12-19 14:40
香港公开大学,香港公开大学,1603,,1785687649432619,纪嘉澍,2023-12-19 14:40,纪嘉澍,2023-12-19 14:40
长沙电力职业技术学院,长沙电力职业技术学院,1604,,1785687649431563,纪嘉澍,2023-12-19 14:40,纪嘉澍,2023-12-19 14:40
湖北文理学院理工学院,湖北文理学院理工学院,1605,,1785687649434651,纪嘉澍,2023-12-19 14:40,纪嘉澍,2023-12-19 14:40
延边职业技术学院,延边职业技术学院,1606,,1785687649435659,纪嘉澍,2023-12-19 14:40,纪嘉澍,2023-12-19 14:40
黑龙江信息技术职业学院,黑龙江信息技术职业学院,1607,,1785687649434667,纪嘉澍,2023-12-19 14:40,纪嘉澍,2023-12-19 14:40
滇西科技师范学院,滇西科技师范学院,1608,,1785687649427483,纪嘉澍,2023-12-19 14:40,纪嘉澍,2023-12-19 14:40
吉林工程职业学院,吉林工程职业学院,1609,,1785687649438779,纪嘉澍,2023-12-19 14:40,纪嘉澍,2023-12-19 14:40
南京交通职业技术学院,南京交通职业技术学院,1610,,1785687671388171,纪嘉澍,2023-12-19 14:40,纪嘉澍,2023-12-19 14:40
南通师范高等专科学校,南通师范高等专科学校,1611,,1785687649427515,纪嘉澍,2023-12-19 14:40,纪嘉澍,2023-12-19 14:40
漳州科技职业学院,漳州科技职业学院,1612,,1785687649428491,纪嘉澍,2023-12-19 14:40,纪嘉澍,2023-12-19 14:40
香港树仁大学,香港树仁大学,1613,,1785687649432587,纪嘉澍,2023-12-19 14:40,纪嘉澍,2023-12-19 14:40
杭州医学院,杭州医学院,1614,,1785687649438731,纪嘉澍,2023-12-19 14:40,纪嘉澍,2023-12-19 14:40
江西农业大学南昌商学院,江西农业大学南昌商学院,1615,,1785687671390235,纪嘉澍,2023-12-19 14:40,纪嘉澍,2023-12-19 14:40
昆明卫生职业学院,昆明卫生职业学院,1616,,1785687671388203,纪嘉澍,2023-12-19 14:40,纪嘉澍,2023-12-19 14:40
北京现代职业技术学院,北京现代职业技术学院,1617,,1785687649432635,纪嘉澍,2023-12-19 14:40,纪嘉澍,2023-12-19 14:40
浙江机电职业技术学院,浙江机电职业技术学院,1618,,1785687649437723,纪嘉澍,2023-12-19 14:40,纪嘉澍,2023-12-19 14:40
焦作师范高等专科学校,焦作师范高等专科学校,1619,,1785687649431579,纪嘉澍,2023-12-19 14:40,纪嘉澍,2023-12-19 14:40
湖南医药学院,湖南医药学院,1620,,1785687649428539,纪嘉澍,2023-12-19 14:40,纪嘉澍,2023-12-19 14:40
江西应用工程职业学院,江西应用工程职业学院,1621,,1785687649435675,纪嘉澍,2023-12-19 14:40,纪嘉澍,2023-12-19 14:40
长沙民政职业技术学院,长沙民政职业技术学院,1622,,1785687649435691,纪嘉澍,2023-12-19 14:40,纪嘉澍,2023-12-19 14:40
河南应用技术职业学院,河南应用技术职业学院,1623,,1785687649428507,纪嘉澍,2023-12-19 14:40,纪嘉澍,2023-12-19 14:40
河南工业贸易职业学院,河南工业贸易职业学院,1624,,1785687649429531,纪嘉澍,2023-12-19 14:40,纪嘉澍,2023-12-19 14:40
辽宁轨道交通职业学院,辽宁轨道交通职业学院,1625,,1785687649437755,纪嘉澍,2023-12-19 14:40,纪嘉澍,2023-12-19 14:40
香港演艺学院,香港演艺学院,1626,,1785687649439803,纪嘉澍,2023-12-19 14:40,纪嘉澍,2023-12-19 14:40
湖北城市建设职业技术学院,湖北城市建设职业技术学院,1627,,1785687671390267,纪嘉澍,2023-12-19 14:40,纪嘉澍,2023-12-19 14:40
南京林业大学南方学院,南京林业大学南方学院,1628,,1785687649436699,纪嘉澍,2023-12-19 14:40,纪嘉澍,2023-12-19 14:40
合肥科技职业学院,合肥科技职业学院,1629,,1785687649429547,纪嘉澍,2023-12-19 14:40,纪嘉澍,2023-12-19 14:40
郑州信息科技职业学院,郑州信息科技职业学院,1630,,1785687649438763,纪嘉澍,2023-12-19 14:40,纪嘉澍,2023-12-19 14:40
青岛黄海学院,青岛黄海学院,1631,,1785687649426555,纪嘉澍,2023-12-19 14:40,纪嘉澍,2023-12-19 14:40
台州科技职业学院,台州科技职业学院,1632,,1785687671389307,纪嘉澍,2023-12-19 14:40,纪嘉澍,2023-12-19 14:40
广西蓝天航空职业学院,广西蓝天航空职业学院,1633,,1785687671391307,纪嘉澍,2023-12-19 14:40,纪嘉澍,2023-12-19 14:40
长安大学兴华学院,长安大学兴华学院,1634,,1785687649429563,纪嘉澍,2023-12-19 14:40,纪嘉澍,2023-12-19 14:40
南京城市职业学院,南京城市职业学院,1635,,1785687649440795,纪嘉澍,2023-12-19 14:40,纪嘉澍,2023-12-19 14:40
山东工艺美术学院,山东工艺美术学院,1636,,1785687649437739,纪嘉澍,2023-12-19 14:40,纪嘉澍,2023-12-19 14:40
哈尔滨医科大学(大庆校区),哈尔滨医科大学(大庆校区),1637,,1785687671391339,纪嘉澍,2023-12-19 14:40,纪嘉澍,2023-12-19 14:40
无锡太湖学院,无锡太湖学院,1638,,1785687649434635,纪嘉澍,2023-12-19 14:40,纪嘉澍,2023-12-19 14:40
七台河职业学院,七台河职业学院,1639,,1785687649440827,纪嘉澍,2023-12-19 14:40,纪嘉澍,2023-12-19 14:40
甘肃警察职业学院,甘肃警察职业学院,1640,,1785687649435707,纪嘉澍,2023-12-19 14:40,纪嘉澍,2023-12-19 14:40
枣庄科技职业学院,枣庄科技职业学院,1641,,1785687671387147,纪嘉澍,2023-12-19 14:40,纪嘉澍,2023-12-19 14:40
四川汽车职业技术学院,四川汽车职业技术学院,1642,,1785687671389259,纪嘉澍,2023-12-19 14:40,纪嘉澍,2023-12-19 14:40
郑州幼儿师范高等专科学校,郑州幼儿师范高等专科学校,1643,,1785687671391355,纪嘉澍,2023-12-19 14:40,纪嘉澍,2023-12-19 14:40
福建体育职业技术学院,福建体育职业技术学院,1644,,1785687671388219,纪嘉澍,2023-12-19 14:40,纪嘉澍,2023-12-19 14:40
资阳口腔职业学院,资阳口腔职业学院,1645,,1785687671390219,纪嘉澍,2023-12-19 14:40,纪嘉澍,2023-12-19 14:40
聊城职业技术学院,聊城职业技术学院,1646,,1785687649434683,纪嘉澍,2023-12-19 14:40,纪嘉澍,2023-12-19 14:40
江苏商贸职业学院,江苏商贸职业学院,1647,,1785687649432603,纪嘉澍,2023-12-19 14:40,纪嘉澍,2023-12-19 14:40
四川职业技术学院,四川职业技术学院,1648,,1785687649436731,纪嘉澍,2023-12-19 14:40,纪嘉澍,2023-12-19 14:40
阿拉善职业技术学院,阿拉善职业技术学院,1649,,1785687649439771,纪嘉澍,2023-12-19 14:40,纪嘉澍,2023-12-19 14:40
武汉民政职业学院,武汉民政职业学院,1650,,1785687649433627,纪嘉澍,2023-12-19 14:40,纪嘉澍,2023-12-19 14:40
明达职业技术学院,明达职业技术学院,1651,,1785687671389275,纪嘉澍,2023-12-19 14:40,纪嘉澍,2023-12-19 14:40
西安东方亚太职业技术学院,西安东方亚太职业技术学院,1652,,1785687692428379,纪嘉澍,2023-12-19 14:40,纪嘉澍,2023-12-19 14:40
梧州职业学院,梧州职业学院,1653,,1785687692431483,纪嘉澍,2023-12-19 14:40,纪嘉澍,2023-12-19 14:40
广西体育高等专科学校,广西体育高等专科学校,1654,,1785687692442699,纪嘉澍,2023-12-19 14:40,纪嘉澍,2023-12-19 14:40
河北青年管理干部学院,河北青年管理干部学院,1655,,1785687692438619,纪嘉澍,2023-12-19 14:40,纪嘉澍,2023-12-19 14:40
福州英华职业学院,福州英华职业学院,1656,,1785687692426347,纪嘉澍,2023-12-19 14:40,纪嘉澍,2023-12-19 14:40
太原科技大学华科学院,太原科技大学华科学院,1657,,1785687692427291,纪嘉澍,2023-12-19 14:40,纪嘉澍,2023-12-19 14:40
天津公安警官职业学院,天津公安警官职业学院,1658,,1785687692428395,纪嘉澍,2023-12-19 14:40,纪嘉澍,2023-12-19 14:40
山东圣翰财贸职业学院,山东圣翰财贸职业学院,1659,,1785687692432523,纪嘉澍,2023-12-19 14:40,纪嘉澍,2023-12-19 14:40
铁岭卫生职业学院,铁岭卫生职业学院,1660,,1785687692430411,纪嘉澍,2023-12-19 14:40,纪嘉澍,2023-12-19 14:40
澳门大学,澳门大学,1661,,1785687692441627,纪嘉澍,2023-12-19 14:40,纪嘉澍,2023-12-19 14:40
长沙环境保护职业技术学院,长沙环境保护职业技术学院,1662,,1785687692437531,纪嘉澍,2023-12-19 14:40,纪嘉澍,2023-12-19 14:40
湖北财税职业学院,湖北财税职业学院,1663,,1785687692439563,纪嘉澍,2023-12-19 14:40,纪嘉澍,2023-12-19 14:40
湖南石油化工职业技术学院,湖南石油化工职业技术学院,1664,,1785687692429435,纪嘉澍,2023-12-19 14:40,纪嘉澍,2023-12-19 14:40
广东亚视演艺职业学院,广东亚视演艺职业学院,1665,,1785687692425307,纪嘉澍,2023-12-19 14:40,纪嘉澍,2023-12-19 14:40
荆州教育学院,荆州教育学院,1666,,1785687692431451,纪嘉澍,2023-12-19 14:40,纪嘉澍,2023-12-19 14:40
华北水利水电大学乌拉尔学院,华北水利水电大学乌拉尔学院,1667,,1785687692430427,纪嘉澍,2023-12-19 14:40,纪嘉澍,2023-12-19 14:40
宁波卫生职业技术学院,宁波卫生职业技术学院,1668,,1785687692434523,纪嘉澍,2023-12-19 14:40,纪嘉澍,2023-12-19 14:40
唐山工业职业技术学院,唐山工业职业技术学院,1669,,1785687692439595,纪嘉澍,2023-12-19 14:40,纪嘉澍,2023-12-19 14:40
湖南交通工程学院,湖南交通工程学院,1670,,1785687692434555,纪嘉澍,2023-12-19 14:40,纪嘉澍,2023-12-19 14:40
上海欧华职业技术学院,上海欧华职业技术学院,1671,,1785687692429419,纪嘉澍,2023-12-19 14:40,纪嘉澍,2023-12-19 14:40
广西幼儿师范高等专科学校,广西幼儿师范高等专科学校,1672,,1785687692436587,纪嘉澍,2023-12-19 14:40,纪嘉澍,2023-12-19 14:40
广东江门中医药职业学院,广东江门中医药职业学院,1673,,1785687692440699,纪嘉澍,2023-12-19 14:40,纪嘉澍,2023-12-19 14:40
湖北科技职业学院,湖北科技职业学院,1674,,1785687692438651,纪嘉澍,2023-12-19 14:40,纪嘉澍,2023-12-19 14:40
浙江旅游职业学院,浙江旅游职业学院,1675,,1785687692438635,纪嘉澍,2023-12-19 14:40,纪嘉澍,2023-12-19 14:40
满洲里俄语职业学院,满洲里俄语职业学院,1676,,1785687692432555,纪嘉澍,2023-12-19 14:40,纪嘉澍,2023-12-19 14:40
中国人民解放军战略支援部队信息工程大学,中国人民解放军战略支援部队信息工程大学,1677,,1785687692428411,纪嘉澍,2023-12-19 14:40,纪嘉澍,2023-12-19 14:40
三门峡社会管理职业学院,三门峡社会管理职业学院,1678,,1785687692427275,纪嘉澍,2023-12-19 14:40,纪嘉澍,2023-12-19 14:40
内蒙古能源职业学院,内蒙古能源职业学院,1679,,1785687692436571,纪嘉澍,2023-12-19 14:40,纪嘉澍,2023-12-19 14:40
烟台职业学院,烟台职业学院,1680,,1785687692439611,纪嘉澍,2023-12-19 14:40,纪嘉澍,2023-12-19 14:40
四川化工职业技术学院,四川化工职业技术学院,1681,,1785687692435467,纪嘉澍,2023-12-19 14:40,纪嘉澍,2023-12-19 14:40
四川电力职业技术学院,四川电力职业技术学院,1682,,1785687692440667,纪嘉澍,2023-12-19 14:40,纪嘉澍,2023-12-19 14:40
眉山药科职业学院,眉山药科职业学院,1683,,1785687692442715,纪嘉澍,2023-12-19 14:40,纪嘉澍,2023-12-19 14:40
石家庄医学高等专科学校,石家庄医学高等专科学校,1684,,1785687692426363,纪嘉澍,2023-12-19 14:40,纪嘉澍,2023-12-19 14:40
广西卫生职业技术学院,广西卫生职业技术学院,1685,,1785687692429451,纪嘉澍,2023-12-19 14:40,纪嘉澍,2023-12-19 14:40
西双版纳职业技术学院,西双版纳职业技术学院,1686,,1785687692426331,纪嘉澍,2023-12-19 14:40,纪嘉澍,2023-12-19 14:40
江西婺源茶业职业学院,江西婺源茶业职业学院,1687,,1785687692430443,纪嘉澍,2023-12-19 14:40,纪嘉澍,2023-12-19 14:40
兰州外语职业学院,兰州外语职业学院,1688,,1785687692437515,纪嘉澍,2023-12-19 14:40,纪嘉澍,2023-12-19 14:40
湖南劳动人事职业学院,湖南劳动人事职业学院,1689,,1785687692440683,纪嘉澍,2023-12-19 14:40,纪嘉澍,2023-12-19 14:40
贵州电力职业技术学院,贵州电力职业技术学院,1690,,1785687692431435,纪嘉澍,2023-12-19 14:40,纪嘉澍,2023-12-19 14:40
安徽工贸职业技术学院,安徽工贸职业技术学院,1691,,1785687692434507,纪嘉澍,2023-12-19 14:40,纪嘉澍,2023-12-19 14:40
南京中医药大学翰林学院,南京中医药大学翰林学院,1692,,1785687692438603,纪嘉澍,2023-12-19 14:40,纪嘉澍,2023-12-19 14:40
武警上海指挥学院,武警上海指挥学院,1693,,1785687692436603,纪嘉澍,2023-12-19 14:40,纪嘉澍,2023-12-19 14:40
上海工商职业技术学院,上海工商职业技术学院,1694,,1785687692434539,纪嘉澍,2023-12-19 14:40,纪嘉澍,2023-12-19 14:40
罗定职业技术学院,罗定职业技术学院,1695,,1785687692441659,纪嘉澍,2023-12-19 14:40,纪嘉澍,2023-12-19 14:40
华北理工大学轻工学院,华北理工大学轻工学院,1696,,1785687692425339,纪嘉澍,2023-12-19 14:40,纪嘉澍,2023-12-19 14:40
中国人民解放军陆军勤务学院,中国人民解放军陆军勤务学院,1697,,1785687692442731,纪嘉澍,2023-12-19 14:40,纪嘉澍,2023-12-19 14:40
德宏师范高等专科学校,德宏师范高等专科学校,1698,,1785687692428363,纪嘉澍,2023-12-19 14:40,纪嘉澍,2023-12-19 14:40
郑州黄河护理职业学院,郑州黄河护理职业学院,1699,,1785687692435515,纪嘉澍,2023-12-19 14:40,纪嘉澍,2023-12-19 14:40
江西应用科技学院,江西应用科技学院,1700,,1785687692425291,纪嘉澍,2023-12-19 14:40,纪嘉澍,2023-12-19 14:40
中国人民武装警察部队警官学院,中国人民武装警察部队警官学院,1701,,1785687692435483,纪嘉澍,2023-12-19 14:40,纪嘉澍,2023-12-19 14:40
盐城工学院博雅学院,盐城工学院博雅学院,1702,,1785687706388585,纪嘉澍,2023-12-19 14:40,纪嘉澍,2023-12-19 14:40
海南职业技术学院,海南职业技术学院,1703,,1785687706382409,纪嘉澍,2023-12-19 14:40,纪嘉澍,2023-12-19 14:40
广州工程技术职业学院,广州工程技术职业学院,1704,,1785687706378249,纪嘉澍,2023-12-19 14:40,纪嘉澍,2023-12-19 14:40
齐齐哈尔工程学院,齐齐哈尔工程学院,1705,,1785687692449883,纪嘉澍,2023-12-19 14:40,纪嘉澍,2023-12-19 14:40
昆明铁道职业技术学院,昆明铁道职业技术学院,1706,,1785687706389561,纪嘉澍,2023-12-19 14:40,纪嘉澍,2023-12-19 14:40
辽宁农业职业技术学院,辽宁农业职业技术学院,1707,,1785687706385481,纪嘉澍,2023-12-19 14:40,纪嘉澍,2023-12-19 14:40
武汉传媒学院,武汉传媒学院,1708,,1785687706389529,纪嘉澍,2023-12-19 14:40,纪嘉澍,2023-12-19 14:40
潍坊护理职业学院,潍坊护理职业学院,1709,,1785687706379385,纪嘉澍,2023-12-19 14:40,纪嘉澍,2023-12-19 14:40
山西林业职业技术学院,山西林业职业技术学院,1710,,1785687706378265,纪嘉澍,2023-12-19 14:40,纪嘉澍,2023-12-19 14:40
泉州工艺美术职业学院,泉州工艺美术职业学院,1711,,1785687706385497,纪嘉澍,2023-12-19 14:40,纪嘉澍,2023-12-19 14:40
山西管理职业学院,山西管理职业学院,1712,,1785687706389545,纪嘉澍,2023-12-19 14:40,纪嘉澍,2023-12-19 14:40
天津城市职业学院,天津城市职业学院,1713,,1785687706391609,纪嘉澍,2023-12-19 14:40,纪嘉澍,2023-12-19 14:40
浙江理工大学科技与艺术学院,浙江理工大学科技与艺术学院,1714,,1785687692448843,纪嘉澍,2023-12-19 14:40,纪嘉澍,2023-12-19 14:40
上海震旦职业学院,上海震旦职业学院,1715,,1785687706379337,纪嘉澍,2023-12-19 14:40,纪嘉澍,2023-12-19 14:40
江西工业职业技术学院,江西工业职业技术学院,1716,,1785687706381337,纪嘉澍,2023-12-19 14:40,纪嘉澍,2023-12-19 14:40
上海电影艺术职业学院,上海电影艺术职业学院,1717,,1785687692449899,纪嘉澍,2023-12-19 14:40,纪嘉澍,2023-12-19 14:40
湘潭医卫职业技术学院,湘潭医卫职业技术学院,1718,,1785687706384393,纪嘉澍,2023-12-19 14:40,纪嘉澍,2023-12-19 14:40
石家庄科技职业学院,石家庄科技职业学院,1719,,1785687706384425,纪嘉澍,2023-12-19 14:40,纪嘉澍,2023-12-19 14:40
南阳职业学院,南阳职业学院,1720,,1785687706386617,纪嘉澍,2023-12-19 14:40,纪嘉澍,2023-12-19 14:40
湖北恩施学院(原湖北民族大学科技学院),湖北恩施学院(原湖北民族大学科技学院),1721,,1785687706379369,纪嘉澍,2023-12-19 14:40,纪嘉澍,2023-12-19 14:40
淮北职业技术学院,淮北职业技术学院,1722,,1785687706391561,纪嘉澍,2023-12-19 14:40,纪嘉澍,2023-12-19 14:40
哈尔滨北方航空职业技术学院,哈尔滨北方航空职业技术学院,1723,,1785687706380297,纪嘉澍,2023-12-19 14:40,纪嘉澍,2023-12-19 14:40
上海行健职业学院,上海行健职业学院,1724,,1785687706380345,纪嘉澍,2023-12-19 14:40,纪嘉澍,2023-12-19 14:40
张家界航空工业职业技术学院,张家界航空工业职业技术学院,1725,,1785687706383465,纪嘉澍,2023-12-19 14:40,纪嘉澍,2023-12-19 14:40
河北东方学院,河北东方学院,1726,,1785687706385513,纪嘉澍,2023-12-19 14:40,纪嘉澍,2023-12-19 14:40
山东化工职业学院,山东化工职业学院,1727,,1785687692448875,纪嘉澍,2023-12-19 14:40,纪嘉澍,2023-12-19 14:40
浙江警官职业学院,浙江警官职业学院,1728,,1785687692449867,纪嘉澍,2023-12-19 14:40,纪嘉澍,2023-12-19 14:40
重庆文化艺术职业学院,重庆文化艺术职业学院,1729,,1785687706382425,纪嘉澍,2023-12-19 14:40,纪嘉澍,2023-12-19 14:40
齐齐哈尔理工职业学院,齐齐哈尔理工职业学院,1730,,1785687706390617,纪嘉澍,2023-12-19 14:40,纪嘉澍,2023-12-19 14:40
武警沈阳指挥学院,武警沈阳指挥学院,1731,,1785687692447931,纪嘉澍,2023-12-19 14:40,纪嘉澍,2023-12-19 14:40
广东体育职业技术学院,广东体育职业技术学院,1732,,1785687706383433,纪嘉澍,2023-12-19 14:40,纪嘉澍,2023-12-19 14:40
潍坊工商职业学院,潍坊工商职业学院,1733,,1785687706388553,纪嘉澍,2023-12-19 14:40,纪嘉澍,2023-12-19 14:40
汉江师范学院,汉江师范学院,1734,,1785687706383449,纪嘉澍,2023-12-19 14:40,纪嘉澍,2023-12-19 14:40
信阳航空职业学院,信阳航空职业学院,1735,,1785687706386569,纪嘉澍,2023-12-19 14:40,纪嘉澍,2023-12-19 14:40
河南商业高等专科学校,河南商业高等专科学校,1736,,1785687706391577,纪嘉澍,2023-12-19 14:40,纪嘉澍,2023-12-19 14:40
无锡城市职业技术学院,无锡城市职业技术学院,1737,,1785687692447899,纪嘉澍,2023-12-19 14:40,纪嘉澍,2023-12-19 14:40
烟台汽车工程职业学院,烟台汽车工程职业学院,1738,,1785687706386585,纪嘉澍,2023-12-19 14:40,纪嘉澍,2023-12-19 14:40
内蒙古交通职业技术学院,内蒙古交通职业技术学院,1739,,1785687706382377,纪嘉澍,2023-12-19 14:40,纪嘉澍,2023-12-19 14:40
山东畜牧兽医职业学院,山东畜牧兽医职业学院,1740,,1785687706381369,纪嘉澍,2023-12-19 14:40,纪嘉澍,2023-12-19 14:40
黔东南民族职业技术学院,黔东南民族职业技术学院,1741,,1785687692447915,纪嘉澍,2023-12-19 14:40,纪嘉澍,2023-12-19 14:40
上海体育职业学院,上海体育职业学院,1742,,1785687706390601,纪嘉澍,2023-12-19 14:40,纪嘉澍,2023-12-19 14:40
商丘学院,商丘学院,1743,,1785687706390649,纪嘉澍,2023-12-19 14:40,纪嘉澍,2023-12-19 14:40
海南体育职业技术学院,海南体育职业技术学院,1744,,1785687692446907,纪嘉澍,2023-12-19 14:40,纪嘉澍,2023-12-19 14:40
昆明艺术职业学院,昆明艺术职业学院,1745,,1785687706384409,纪嘉澍,2023-12-19 14:40,纪嘉澍,2023-12-19 14:40
江苏省吴中中等专业学校,江苏省吴中中等专业学校,1746,,1785687706388569,纪嘉澍,2023-12-19 14:40,纪嘉澍,2023-12-19 14:40
辽宁冶金职业技术学院,辽宁冶金职业技术学院,1747,,1785687706389513,纪嘉澍,2023-12-19 14:40,纪嘉澍,2023-12-19 14:40
蚌埠经济技术职业学院,蚌埠经济技术职业学院,1748,,1785687706392585,纪嘉澍,2023-12-19 14:40,纪嘉澍,2023-12-19 14:40
莱芜职业技术学院,莱芜职业技术学院,1749,,1785687706381321,纪嘉澍,2023-12-19 14:40,纪嘉澍,2023-12-19 14:40
黑龙江林业职业技术学院,黑龙江林业职业技术学院,1750,,1785687706392601,纪嘉澍,2023-12-19 14:40,纪嘉澍,2023-12-19 14:40
北海艺术设计学院,北海艺术设计学院,1751,,1785687706378281,纪嘉澍,2023-12-19 14:40,纪嘉澍,2023-12-19 14:40
辽宁铁道职业技术学院,辽宁铁道职业技术学院,1752,,1785687641991226,纪嘉澍,2023-12-19 14:40,纪嘉澍,2023-12-19 14:40
湖南安全技术职业学院,湖南安全技术职业学院,1753,,1785687641994314,纪嘉澍,2023-12-19 14:40,纪嘉澍,2023-12-19 14:40
上海海事职业技术学院,上海海事职业技术学院,1754,,1785687641990202,纪嘉澍,2023-12-19 14:40,纪嘉澍,2023-12-19 14:40
辽宁轻工职业学院,辽宁轻工职业学院,1755,,1785687641992218,纪嘉澍,2023-12-19 14:40,纪嘉澍,2023-12-19 14:40
武汉科技大学职业技术学院,武汉科技大学职业技术学院,1756,,1785687641994362,纪嘉澍,2023-12-19 14:40,纪嘉澍,2023-12-19 14:40
山东服装职业学院,山东服装职业学院,1757,,1785687641991194,纪嘉澍,2023-12-19 14:40,纪嘉澍,2023-12-19 14:40
鄂尔多斯生态环境职业学院,鄂尔多斯生态环境职业学院,1758,,1785687641987082,纪嘉澍,2023-12-19 14:40,纪嘉澍,2023-12-19 14:40
潮汕职业技术学院,潮汕职业技术学院,1759,,1785687641988154,纪嘉澍,2023-12-19 14:40,纪嘉澍,2023-12-19 14:40
哈尔滨传媒职业学院,哈尔滨传媒职业学院,1760,,1785687641996378,纪嘉澍,2023-12-19 14:40,纪嘉澍,2023-12-19 14:40
江西工业贸易职业技术学院,江西工业贸易职业技术学院,1761,,1785687641995338,纪嘉澍,2023-12-19 14:40,纪嘉澍,2023-12-19 14:40
天府新区通用航空职业学院,天府新区通用航空职业学院,1762,,1785687641994330,纪嘉澍,2023-12-19 14:40,纪嘉澍,2023-12-19 14:40
南昌工学院,南昌工学院,1763,,1785687641990170,纪嘉澍,2023-12-19 14:40,纪嘉澍,2023-12-19 14:40
广西工程职业学院,广西工程职业学院,1764,,1785687641997322,纪嘉澍,2023-12-19 14:40,纪嘉澍,2023-12-19 14:40
辽宁何氏医学院,辽宁何氏医学院,1765,,1785687641995354,纪嘉澍,2023-12-19 14:40,纪嘉澍,2023-12-19 14:40
大庆职业学院,大庆职业学院,1766,,1785687641988138,纪嘉澍,2023-12-19 14:40,纪嘉澍,2023-12-19 14:40
内蒙古科技大学包头师范学院,内蒙古科技大学包头师范学院,1767,,1785687641998362,纪嘉澍,2023-12-19 14:40,纪嘉澍,2023-12-19 14:40
四川幼儿师范高等专科学校,四川幼儿师范高等专科学校,1768,,1785687641995386,纪嘉澍,2023-12-19 14:40,纪嘉澍,2023-12-19 14:40
哈尔滨石油学院,哈尔滨石油学院,1769,,1785687641987130,纪嘉澍,2023-12-19 14:40,纪嘉澍,2023-12-19 14:40
江苏理工学院东方学院,江苏理工学院东方学院,1770,,1785687641993242,纪嘉澍,2023-12-19 14:40,纪嘉澍,2023-12-19 14:40
安徽城市管理职业学院,安徽城市管理职业学院,1771,,1785687641987098,纪嘉澍,2023-12-19 14:40,纪嘉澍,2023-12-19 14:40
河南水利与环境职业学院,河南水利与环境职业学院,1772,,1785687641997370,纪嘉澍,2023-12-19 14:40,纪嘉澍,2023-12-19 14:40
湘潭教育学院,湘潭教育学院,1773,,1785687641991178,纪嘉澍,2023-12-19 14:40,纪嘉澍,2023-12-19 14:40
福州职业技术学院,福州职业技术学院,1774,,1785687641996362,纪嘉澍,2023-12-19 14:40,纪嘉澍,2023-12-19 14:40
云南城市建设职业学院,云南城市建设职业学院,1775,,1785687641990186,纪嘉澍,2023-12-19 14:40,纪嘉澍,2023-12-19 14:40
三峡电力职业学院,三峡电力职业学院,1776,,1785687641986090,纪嘉澍,2023-12-19 14:40,纪嘉澍,2023-12-19 14:40
武昌工学院,武昌工学院,1777,,1785687641991210,纪嘉澍,2023-12-19 14:40,纪嘉澍,2023-12-19 14:40
郑州轻工业学院易斯顿国际美术学院,郑州轻工业学院易斯顿国际美术学院,1778,,1785687641987114,纪嘉澍,2023-12-19 14:40,纪嘉澍,2023-12-19 14:40
漳州理工职业学院,漳州理工职业学院,1779,,1785687641993258,纪嘉澍,2023-12-19 14:40,纪嘉澍,2023-12-19 14:40
天津滨海汽车工程职业学院,天津滨海汽车工程职业学院,1780,,1785687641986106,纪嘉澍,2023-12-19 14:40,纪嘉澍,2023-12-19 14:40
中国人民解放军空军西安飞行学院,中国人民解放军空军西安飞行学院,1781,,1785687641997338,纪嘉澍,2023-12-19 14:40,纪嘉澍,2023-12-19 14:40
河北旅游职业学院,河北旅游职业学院,1782,,1785687641986058,纪嘉澍,2023-12-19 14:40,纪嘉澍,2023-12-19 14:40
河北地质大学华信学院,河北地质大学华信学院,1783,,1785687641990154,纪嘉澍,2023-12-19 14:40,纪嘉澍,2023-12-19 14:40
湖南高尔夫旅游职业学院,湖南高尔夫旅游职业学院,1784,,1785687641993274,纪嘉澍,2023-12-19 14:40,纪嘉澍,2023-12-19 14:40
重庆三峡职业学院,重庆三峡职业学院,1785,,1785687641998410,纪嘉澍,2023-12-19 14:40,纪嘉澍,2023-12-19 14:40
天津机电职业技术学院,天津机电职业技术学院,1786,,1785687641997354,纪嘉澍,2023-12-19 14:40,纪嘉澍,2023-12-19 14:40
东莞职业技术学院,东莞职业技术学院,1787,,1785687641993226,纪嘉澍,2023-12-19 14:40,纪嘉澍,2023-12-19 14:40
开封教育学院,开封教育学院,1788,,1785687641988122,纪嘉澍,2023-12-19 14:40,纪嘉澍,2023-12-19 14:40
河南科技职业大学,河南科技职业大学,1789,,1785687641988106,纪嘉澍,2023-12-19 14:40,纪嘉澍,2023-12-19 14:40
江苏信息职业技术学院,江苏信息职业技术学院,1790,,1785687641999370,纪嘉澍,2023-12-19 14:40,纪嘉澍,2023-12-19 14:40
吉林司法警官职业学院,吉林司法警官职业学院,1791,,1785687641996394,纪嘉澍,2023-12-19 14:40,纪嘉澍,2023-12-19 14:40
天津轻工职业技术学院,天津轻工职业技术学院,1792,,1785687641998378,纪嘉澍,2023-12-19 14:40,纪嘉澍,2023-12-19 14:40
湖南电子科技职业学院,湖南电子科技职业学院,1793,,1785687641998394,纪嘉澍,2023-12-19 14:40,纪嘉澍,2023-12-19 14:40
四川文化艺术学院,四川文化艺术学院,1794,,1785687641994346,纪嘉澍,2023-12-19 14:40,纪嘉澍,2023-12-19 14:40
抚州职业技术学院,抚州职业技术学院,1795,,1785687641986074,纪嘉澍,2023-12-19 14:40,纪嘉澍,2023-12-19 14:40
福州科技职业技术学院,福州科技职业技术学院,1796,,1785687641985082,纪嘉澍,2023-12-19 14:40,纪嘉澍,2023-12-19 14:40
广东工商职业技术大学,广东工商职业技术大学,1797,,1785687641996410,纪嘉澍,2023-12-19 14:40,纪嘉澍,2023-12-19 14:40
淄博职业学院,淄博职业学院,1798,,1785687641992250,纪嘉澍,2023-12-19 14:40,纪嘉澍,2023-12-19 14:40
焦作工贸职业学院,焦作工贸职业学院,1799,,1785687641992202,纪嘉澍,2023-12-19 14:40,纪嘉澍,2023-12-19 14:40
信阳涉外职业技术学院,信阳涉外职业技术学院,1800,,1785687641992234,纪嘉澍,2023-12-19 14:40,纪嘉澍,2023-12-19 14:40
衡阳师范学院南岳学院,衡阳师范学院南岳学院,1801,,1785687641995370,纪嘉澍,2023-12-19 14:40,纪嘉澍,2023-12-19 14:40
新疆警察学院,新疆警察学院,1802,,1785687642099738,纪嘉澍,2023-12-19 14:40,纪嘉澍,2023-12-19 14:40
湖南商务职业技术学院,湖南商务职业技术学院,1803,,1785687642102826,纪嘉澍,2023-12-19 14:40,纪嘉澍,2023-12-19 14:40
山东特殊教育职业学院,山东特殊教育职业学院,1804,,1785687649031180,纪嘉澍,2023-12-19 14:40,纪嘉澍,2023-12-19 14:40
廊坊卫生职业学院,廊坊卫生职业学院,1805,,1785687649031212,纪嘉澍,2023-12-19 14:40,纪嘉澍,2023-12-19 14:40
山东电子职业技术学院,山东电子职业技术学院,1806,,1785687648998460,纪嘉澍,2023-12-19 14:40,纪嘉澍,2023-12-19 14:40
毕节工业职业技术学院,毕节工业职业技术学院,1807,,1785687642100794,纪嘉澍,2023-12-19 14:40,纪嘉澍,2023-12-19 14:40
江苏食品药品职业技术学院,江苏食品药品职业技术学院,1808,,1785687649028108,纪嘉澍,2023-12-19 14:40,纪嘉澍,2023-12-19 14:40
广州华商职业学院,广州华商职业学院,1809,,1785687649029132,纪嘉澍,2023-12-19 14:40,纪嘉澍,2023-12-19 14:40
黑龙江省政法管理干部学院,黑龙江省政法管理干部学院,1810,,1785687649030172,纪嘉澍,2023-12-19 14:40,纪嘉澍,2023-12-19 14:40
嘉兴职业技术学院,嘉兴职业技术学院,1811,,1785687649000492,纪嘉澍,2023-12-19 14:40,纪嘉澍,2023-12-19 14:40
大连枫叶职业技术学院,大连枫叶职业技术学院,1812,,1785687642101786,纪嘉澍,2023-12-19 14:40,纪嘉澍,2023-12-19 14:40
江西师范大学科学技术学院,江西师范大学科学技术学院,1813,,1785687649032204,纪嘉澍,2023-12-19 14:40,纪嘉澍,2023-12-19 14:40
福建信息职业技术学院,福建信息职业技术学院,1814,,1785687649032252,纪嘉澍,2023-12-19 14:40,纪嘉澍,2023-12-19 14:40
云南旅游职业学院,云南旅游职业学院,1815,,1785687649026108,纪嘉澍,2023-12-19 14:40,纪嘉澍,2023-12-19 14:40
遵义职业技术学院,遵义职业技术学院,1816,,1785687649026076,纪嘉澍,2023-12-19 14:40,纪嘉澍,2023-12-19 14:40
重庆警察学院,重庆警察学院,1817,,1785687649034252,纪嘉澍,2023-12-19 14:40,纪嘉澍,2023-12-19 14:40
武汉冶金管理干部学院,武汉冶金管理干部学院,1818,,1785687642105866,纪嘉澍,2023-12-19 14:40,纪嘉澍,2023-12-19 14:40
上海农林职业技术学院,上海农林职业技术学院,1819,,1785687642105898,纪嘉澍,2023-12-19 14:40,纪嘉澍,2023-12-19 14:40
松原职业技术学院,松原职业技术学院,1820,,1785687642112058,纪嘉澍,2023-12-19 14:40,纪嘉澍,2023-12-19 14:40
宿州职业技术学院,宿州职业技术学院,1821,,1785687642107978,纪嘉澍,2023-12-19 14:40,纪嘉澍,2023-12-19 14:40
武汉警官职业学院,武汉警官职业学院,1822,,1785687642111018,纪嘉澍,2023-12-19 14:40,纪嘉澍,2023-12-19 14:40
贵州电子信息职业技术学院,贵州电子信息职业技术学院,1823,,1785687649028140,纪嘉澍,2023-12-19 14:40,纪嘉澍,2023-12-19 14:40
南昌影视传播职业学院,南昌影视传播职业学院,1824,,1785687642109994,纪嘉澍,2023-12-19 14:40,纪嘉澍,2023-12-19 14:40
冀中职业学院,冀中职业学院,1825,,1785687648997388,纪嘉澍,2023-12-19 14:40,纪嘉澍,2023-12-19 14:40
四川航天职业技术学院,四川航天职业技术学院,1826,,1785687642112042,纪嘉澍,2023-12-19 14:40,纪嘉澍,2023-12-19 14:40
青岛农业大学海都学院,青岛农业大学海都学院,1827,,1785687649027132,纪嘉澍,2023-12-19 14:40,纪嘉澍,2023-12-19 14:40
甘肃畜牧工程职业技术学院,甘肃畜牧工程职业技术学院,1828,,1785687642106890,纪嘉澍,2023-12-19 14:40,纪嘉澍,2023-12-19 14:40
德宏职业学院,德宏职业学院,1829,,1785687642113082,纪嘉澍,2023-12-19 14:40,纪嘉澍,2023-12-19 14:40
湖南文理学院芙蓉学院,湖南文理学院芙蓉学院,1830,,1785687649033260,纪嘉澍,2023-12-19 14:40,纪嘉澍,2023-12-19 14:40
南京视觉艺术职业学院,南京视觉艺术职业学院,1831,,1785687642103850,纪嘉澍,2023-12-19 14:40,纪嘉澍,2023-12-19 14:40
沈阳音乐学院,沈阳音乐学院,1832,,1785687642104842,纪嘉澍,2023-12-19 14:40,纪嘉澍,2023-12-19 14:40
唐山科技职业技术学院,唐山科技职业技术学院,1833,,1785687649027100,纪嘉澍,2023-12-19 14:40,纪嘉澍,2023-12-19 14:40
通辽职业学院,通辽职业学院,1834,,1785687642101818,纪嘉澍,2023-12-19 14:40,纪嘉澍,2023-12-19 14:40
清远职业技术学院,清远职业技术学院,1835,,1785687648999452,纪嘉澍,2023-12-19 14:40,纪嘉澍,2023-12-19 14:40
阿勒泰职业技术学院,阿勒泰职业技术学院,1836,,1785687649034268,纪嘉澍,2023-12-19 14:40,纪嘉澍,2023-12-19 14:40
安徽矿业职业技术学院,安徽矿业职业技术学院,1837,,1785687648999484,纪嘉澍,2023-12-19 14:40,纪嘉澍,2023-12-19 14:40
山西电力职业技术学院,山西电力职业技术学院,1838,,1785687649034284,纪嘉澍,2023-12-19 14:40,纪嘉澍,2023-12-19 14:40
西藏农牧学院,西藏农牧学院,1839,,1785687642103818,纪嘉澍,2023-12-19 14:40,纪嘉澍,2023-12-19 14:40
宁夏工商职业技术学院,宁夏工商职业技术学院,1840,,1785687649033292,纪嘉澍,2023-12-19 14:40,纪嘉澍,2023-12-19 14:40
郑州职业技术学院,郑州职业技术学院,1841,,1785687642100746,纪嘉澍,2023-12-19 14:40,纪嘉澍,2023-12-19 14:40
安徽林业职业技术学院,安徽林业职业技术学院,1842,,1785687648997420,纪嘉澍,2023-12-19 14:40,纪嘉澍,2023-12-19 14:40
河北建材职业技术学院,河北建材职业技术学院,1843,,1785687649033276,纪嘉澍,2023-12-19 14:40,纪嘉澍,2023-12-19 14:40
武警石家庄指挥学院,武警石家庄指挥学院,1844,,1785687649034300,纪嘉澍,2023-12-19 14:40,纪嘉澍,2023-12-19 14:40
山西省财政税务专科学校,山西省财政税务专科学校,1845,,1785687642106922,纪嘉澍,2023-12-19 14:40,纪嘉澍,2023-12-19 14:40
锦州师范高等专科学校,锦州师范高等专科学校,1846,,1785687642104858,纪嘉澍,2023-12-19 14:40,纪嘉澍,2023-12-19 14:40
永城职业学院,永城职业学院,1847,,1785687642102794,纪嘉澍,2023-12-19 14:40,纪嘉澍,2023-12-19 14:40
滇西应用技术大学,滇西应用技术大学,1848,,1785687642110986,纪嘉澍,2023-12-19 14:40,纪嘉澍,2023-12-19 14:40
新疆财经大学商务学院,新疆财经大学商务学院,1849,,1785687649029180,纪嘉澍,2023-12-19 14:40,纪嘉澍,2023-12-19 14:40
郑州城市职业学院,郑州城市职业学院,1850,,1785687642108010,纪嘉澍,2023-12-19 14:40,纪嘉澍,2023-12-19 14:40
天津开发区职业技术学院,天津开发区职业技术学院,1851,,1785687642109962,纪嘉澍,2023-12-19 14:40,纪嘉澍,2023-12-19 14:40
浙江越秀外国语学院,浙江越秀外国语学院,1852,,1785687649000508,纪嘉澍,2023-12-19 14:40,纪嘉澍,2023-12-19 14:40
揭阳职业技术学院,揭阳职业技术学院,1853,,1785687642113098,纪嘉澍,2023-12-19 14:40,纪嘉澍,2023-12-19 14:40
湖北生态工程职业技术学院,湖北生态工程职业技术学院,1854,,1785687648999436,纪嘉澍,2023-12-19 14:40,纪嘉澍,2023-12-19 14:40
山西国际商务职业学院,山西国际商务职业学院,1855,,1785687642104874,纪嘉澍,2023-12-19 14:40,纪嘉澍,2023-12-19 14:40
铜陵职业技术学院,铜陵职业技术学院,1856,,1785687648997436,纪嘉澍,2023-12-19 14:40,纪嘉澍,2023-12-19 14:40
中国人民武装警察部队指挥学院,中国人民武装警察部队指挥学院,1857,,1785687642107994,纪嘉澍,2023-12-19 14:40,纪嘉澍,2023-12-19 14:40
九州职业技术学院,九州职业技术学院,1858,,1785687648998412,纪嘉澍,2023-12-19 14:40,纪嘉澍,2023-12-19 14:40
天津城市建设管理职业技术学院,天津城市建设管理职业技术学院,1859,,1785687649029148,纪嘉澍,2023-12-19 14:40,纪嘉澍,2023-12-19 14:40
哈尔滨科学技术职业学院,哈尔滨科学技术职业学院,1860,,1785687642112010,纪嘉澍,2023-12-19 14:40,纪嘉澍,2023-12-19 14:40
唐山幼儿师范高等专科学校,唐山幼儿师范高等专科学校,1861,,1785687648997404,纪嘉澍,2023-12-19 14:40,纪嘉澍,2023-12-19 14:40
湖南体育职业学院,湖南体育职业学院,1862,,1785687649026060,纪嘉澍,2023-12-19 14:40,纪嘉澍,2023-12-19 14:40
陕西省建筑职工大学,陕西省建筑职工大学,1863,,1785687648998444,纪嘉澍,2023-12-19 14:40,纪嘉澍,2023-12-19 14:40
江西生物科技职业学院,江西生物科技职业学院,1864,,1785687642105882,纪嘉澍,2023-12-19 14:40,纪嘉澍,2023-12-19 14:40
中国社会科学院大学,中国社会科学院大学,1865,,1785687649026092,纪嘉澍,2023-12-19 14:40,纪嘉澍,2023-12-19 14:40
汉中职业技术学院,汉中职业技术学院,1866,,1785687649031196,纪嘉澍,2023-12-19 14:40,纪嘉澍,2023-12-19 14:40
广西职业技术学院,广西职业技术学院,1867,,1785687642106938,纪嘉澍,2023-12-19 14:40,纪嘉澍,2023-12-19 14:40
四川外国语大学成都学院,四川外国语大学成都学院,1868,,1785687642103866,纪嘉澍,2023-12-19 14:40,纪嘉澍,2023-12-19 14:40
青海交通职业技术学院,青海交通职业技术学院,1869,,1785687649032220,纪嘉澍,2023-12-19 14:40,纪嘉澍,2023-12-19 14:40
云南三鑫职业技术学院,云南三鑫职业技术学院,1870,,1785687642102810,纪嘉澍,2023-12-19 14:40,纪嘉澍,2023-12-19 14:40
三亚城市职业学院,三亚城市职业学院,1871,,1785687648999468,纪嘉澍,2023-12-19 14:40,纪嘉澍,2023-12-19 14:40
湖北三峡职业技术学院,湖北三峡职业技术学院,1872,,1785687642100778,纪嘉澍,2023-12-19 14:40,纪嘉澍,2023-12-19 14:40
大连翻译职业学院,大连翻译职业学院,1873,,1785687642110010,纪嘉澍,2023-12-19 14:40,纪嘉澍,2023-12-19 14:40
德阳科贸职业学院,德阳科贸职业学院,1874,,1785687642103834,纪嘉澍,2023-12-19 14:40,纪嘉澍,2023-12-19 14:40
川北幼儿师范高等专科学校,川北幼儿师范高等专科学校,1875,,1785687642113066,纪嘉澍,2023-12-19 14:40,纪嘉澍,2023-12-19 14:40
石家庄职工大学,石家庄职工大学,1876,,1785687649029164,纪嘉澍,2023-12-19 14:40,纪嘉澍,2023-12-19 14:40
宿迁泽达职业技术学院,宿迁泽达职业技术学院,1877,,1785687649032236,纪嘉澍,2023-12-19 14:40,纪嘉澍,2023-12-19 14:40
宁波幼儿师范高等专科学校,宁波幼儿师范高等专科学校,1878,,1785687649028124,纪嘉澍,2023-12-19 14:40,纪嘉澍,2023-12-19 14:40
云南大学旅游文化学院,云南大学旅游文化学院,1879,,1785687642102842,纪嘉澍,2023-12-19 14:40,纪嘉澍,2023-12-19 14:40
新疆职业大学,新疆职业大学,1880,,1785687648998428,纪嘉澍,2023-12-19 14:40,纪嘉澍,2023-12-19 14:40
襄阳汽车职业技术学院,襄阳汽车职业技术学院,1881,,1785687642113050,纪嘉澍,2023-12-19 14:40,纪嘉澍,2023-12-19 14:40
毕节职业技术学院,毕节职业技术学院,1882,,1785687649027084,纪嘉澍,2023-12-19 14:40,纪嘉澍,2023-12-19 14:40
咸阳职业技术学院,咸阳职业技术学院,1883,,1785687642098746,纪嘉澍,2023-12-19 14:40,纪嘉澍,2023-12-19 14:40
新疆天山职业技术学院,新疆天山职业技术学院,1884,,1785687649027116,纪嘉澍,2023-12-19 14:40,纪嘉澍,2023-12-19 14:40
徐州医学院华方学院,徐州医学院华方学院,1885,,1785687642101770,纪嘉澍,2023-12-19 14:40,纪嘉澍,2023-12-19 14:40
江苏农林职业技术学院,江苏农林职业技术学院,1886,,1785687642108026,纪嘉澍,2023-12-19 14:40,纪嘉澍,2023-12-19 14:40
广西政法管理干部学院,广西政法管理干部学院,1887,,1785687642109978,纪嘉澍,2023-12-19 14:40,纪嘉澍,2023-12-19 14:40
西安技师学院,西安技师学院,1888,,1785687642105914,纪嘉澍,2023-12-19 14:40,纪嘉澍,2023-12-19 14:40
南充科技职业学院,南充科技职业学院,1889,,1785687649000476,纪嘉澍,2023-12-19 14:40,纪嘉澍,2023-12-19 14:40
新疆铁道职业技术学院,新疆铁道职业技术学院,1890,,1785687649033244,纪嘉澍,2023-12-19 14:40,纪嘉澍,2023-12-19 14:40
潇湘职业学院,潇湘职业学院,1891,,1785687642106906,纪嘉澍,2023-12-19 14:40,纪嘉澍,2023-12-19 14:40
天津青年职业学院,天津青年职业学院,1892,,1785687642100762,纪嘉澍,2023-12-19 14:40,纪嘉澍,2023-12-19 14:40
鄂东职业技术学院,鄂东职业技术学院,1893,,1785687642099770,纪嘉澍,2023-12-19 14:40,纪嘉澍,2023-12-19 14:40
贵州交通职业技术学院,贵州交通职业技术学院,1894,,1785687642111002,纪嘉澍,2023-12-19 14:40,纪嘉澍,2023-12-19 14:40
潍坊理工学院,潍坊理工学院,1895,,1785687642101802,纪嘉澍,2023-12-19 14:40,纪嘉澍,2023-12-19 14:40
包头钢铁职业技术学院,包头钢铁职业技术学院,1896,,1785687649030156,纪嘉澍,2023-12-19 14:40,纪嘉澍,2023-12-19 14:40
贵州工商职业学院,贵州工商职业学院,1897,,1785687642099722,纪嘉澍,2023-12-19 14:40,纪嘉澍,2023-12-19 14:40
南昌航空大学科技学院,南昌航空大学科技学院,1898,,1785687642111034,纪嘉澍,2023-12-19 14:40,纪嘉澍,2023-12-19 14:40
甘肃有色冶金职业技术学院,甘肃有色冶金职业技术学院,1899,,1785687649028156,纪嘉澍,2023-12-19 14:40,纪嘉澍,2023-12-19 14:40
内蒙古美术职业学院,内蒙古美术职业学院,1900,,1785687649030188,纪嘉澍,2023-12-19 14:40,纪嘉澍,2023-12-19 14:40
苏州幼儿师范高等专科学校,苏州幼儿师范高等专科学校,1901,,1785687649031228,纪嘉澍,2023-12-19 14:40,纪嘉澍,2023-12-19 14:40
安徽商贸职业技术学院,安徽商贸职业技术学院,1902,,1785687642097674,纪嘉澍,2023-12-19 14:40,纪嘉澍,2023-12-19 14:40
江苏财会职业学院,江苏财会职业学院,1903,,1785687642092586,纪嘉澍,2023-12-19 14:40,纪嘉澍,2023-12-19 14:40
石家庄铁路职业技术学院,石家庄铁路职业技术学院,1904,,1785687642089530,纪嘉澍,2023-12-19 14:40,纪嘉澍,2023-12-19 14:40
和田职业技术学院,和田职业技术学院,1905,,1785687642088458,纪嘉澍,2023-12-19 14:40,纪嘉澍,2023-12-19 14:40
河北对外经贸职业学院,河北对外经贸职业学院,1906,,1785687642089514,纪嘉澍,2023-12-19 14:40,纪嘉澍,2023-12-19 14:40
天津广播影视职业学院,天津广播影视职业学院,1907,,1785687642005514,纪嘉澍,2023-12-19 14:40,纪嘉澍,2023-12-19 14:40
吉林城市职业技术学院,吉林城市职业技术学院,1908,,1785687642095626,纪嘉澍,2023-12-19 14:40,纪嘉澍,2023-12-19 14:40
安徽黄梅戏艺术职业学院,安徽黄梅戏艺术职业学院,1909,,1785687642091594,纪嘉澍,2023-12-19 14:40,纪嘉澍,2023-12-19 14:40
山东外事职业大学,山东外事职业大学,1910,,1785687642095642,纪嘉澍,2023-12-19 14:40,纪嘉澍,2023-12-19 14:40
石家庄经济职业学院,石家庄经济职业学院,1911,,1785687642095674,纪嘉澍,2023-12-19 14:40,纪嘉澍,2023-12-19 14:40
新疆农业大学科学技术学院,新疆农业大学科学技术学院,1912,,1785687642096698,纪嘉澍,2023-12-19 14:40,纪嘉澍,2023-12-19 14:40
宜宾职业技术学院,宜宾职业技术学院,1913,,1785687642090554,纪嘉澍,2023-12-19 14:40,纪嘉澍,2023-12-19 14:40
中国人民解放军火箭军工程大学,中国人民解放军火箭军工程大学,1914,,1785687642098730,纪嘉澍,2023-12-19 14:40,纪嘉澍,2023-12-19 14:40
辽宁现代服务职业技术学院,辽宁现代服务职业技术学院,1915,,1785687642086442,纪嘉澍,2023-12-19 14:40,纪嘉澍,2023-12-19 14:40
河南机电职业学院,河南机电职业学院,1916,,1785687642005562,纪嘉澍,2023-12-19 14:40,纪嘉澍,2023-12-19 14:40
河南建筑职业技术学院,河南建筑职业技术学院,1917,,1785687642093578,纪嘉澍,2023-12-19 14:40,纪嘉澍,2023-12-19 14:40
陕西服装工程学院,陕西服装工程学院,1918,,1785687642090522,纪嘉澍,2023-12-19 14:40,纪嘉澍,2023-12-19 14:40
吉林水利电力职业学院,吉林水利电力职业学院,1919,,1785687642096666,纪嘉澍,2023-12-19 14:40,纪嘉澍,2023-12-19 14:40
郑州商学院,郑州商学院,1920,,1785687642092554,纪嘉澍,2023-12-19 14:40,纪嘉澍,2023-12-19 14:40
公安边防部队高等专科学校,公安边防部队高等专科学校,1921,,1785687642095658,纪嘉澍,2023-12-19 14:40,纪嘉澍,2023-12-19 14:40
中国人民解放军空军航空大学,中国人民解放军空军航空大学,1922,,1785687642088474,纪嘉澍,2023-12-19 14:40,纪嘉澍,2023-12-19 14:40
中国人民解放军海军潜艇学院,中国人民解放军海军潜艇学院,1923,,1785687642089482,纪嘉澍,2023-12-19 14:40,纪嘉澍,2023-12-19 14:40
乐山职业技术学院,乐山职业技术学院,1924,,1785687642098714,纪嘉澍,2023-12-19 14:40,纪嘉澍,2023-12-19 14:40
内蒙古化工职业学院,内蒙古化工职业学院,1925,,1785687642091562,纪嘉澍,2023-12-19 14:40,纪嘉澍,2023-12-19 14:40
中国戏曲学院,中国戏曲学院,1926,,1785687642094650,纪嘉澍,2023-12-19 14:40,纪嘉澍,2023-12-19 14:40
济南护理职业学院,济南护理职业学院,1927,,1785687642091546,纪嘉澍,2023-12-19 14:40,纪嘉澍,2023-12-19 14:40
阿坝师范学院,阿坝师范学院,1928,,1785687642092602,纪嘉澍,2023-12-19 14:40,纪嘉澍,2023-12-19 14:40
桂林电子科技大学信息科技学院,桂林电子科技大学信息科技学院,1929,,1785687642094618,纪嘉澍,2023-12-19 14:40,纪嘉澍,2023-12-19 14:40
南通航运职业技术学院,南通航运职业技术学院,1930,,1785687642093610,纪嘉澍,2023-12-19 14:40,纪嘉澍,2023-12-19 14:40
山西师范大学现代文理学院,山西师范大学现代文理学院,1931,,1785687642097706,纪嘉澍,2023-12-19 14:40,纪嘉澍,2023-12-19 14:40
咸宁教育学院,咸宁教育学院,1932,,1785687642097722,纪嘉澍,2023-12-19 14:40,纪嘉澍,2023-12-19 14:40
乌兰察布职业学院,乌兰察布职业学院,1933,,1785687642005546,纪嘉澍,2023-12-19 14:40,纪嘉澍,2023-12-19 14:40
西安城市建设职业学院,西安城市建设职业学院,1934,,1785687642006570,纪嘉澍,2023-12-19 14:40,纪嘉澍,2023-12-19 14:40
天津渤海职业技术学院,天津渤海职业技术学院,1935,,1785687642096650,纪嘉澍,2023-12-19 14:40,纪嘉澍,2023-12-19 14:40
浙江科贸职业技术学院,浙江科贸职业技术学院,1936,,1785687642098698,纪嘉澍,2023-12-19 14:40,纪嘉澍,2023-12-19 14:40
内江卫生与健康职业学院,内江卫生与健康职业学院,1937,,1785687642006554,纪嘉澍,2023-12-19 14:40,纪嘉澍,2023-12-19 14:40
大连航运职业技术学院,大连航运职业技术学院,1938,,1785687642090506,纪嘉澍,2023-12-19 14:40,纪嘉澍,2023-12-19 14:40
辽宁民族师范高等专科学校,辽宁民族师范高等专科学校,1939,,1785687642006586,纪嘉澍,2023-12-19 14:40,纪嘉澍,2023-12-19 14:40
中北大学信息商务学院,中北大学信息商务学院,1940,,1785687642093594,纪嘉澍,2023-12-19 14:40,纪嘉澍,2023-12-19 14:40
晋中师范高等专科学校,晋中师范高等专科学校,1941,,1785687642092570,纪嘉澍,2023-12-19 14:40,纪嘉澍,2023-12-19 14:40
定西师范高等专科学校,定西师范高等专科学校,1942,,1785687642088506,纪嘉澍,2023-12-19 14:40,纪嘉澍,2023-12-19 14:40
宁夏建设职业技术学院,宁夏建设职业技术学院,1943,,1785687642006602,纪嘉澍,2023-12-19 14:40,纪嘉澍,2023-12-19 14:40
新疆兵团警官高等专科学校,新疆兵团警官高等专科学校,1944,,1785687642086426,纪嘉澍,2023-12-19 14:40,纪嘉澍,2023-12-19 14:40
合肥滨湖职业技术学院,合肥滨湖职业技术学院,1945,,1785687642086410,纪嘉澍,2023-12-19 14:40,纪嘉澍,2023-12-19 14:40
江西环境工程职业学院,江西环境工程职业学院,1946,,1785687642093626,纪嘉澍,2023-12-19 14:40,纪嘉澍,2023-12-19 14:40
浙江农林大学暨阳学院,浙江农林大学暨阳学院,1947,,1785687642097690,纪嘉澍,2023-12-19 14:40,纪嘉澍,2023-12-19 14:40
连云港职业技术学院,连云港职业技术学院,1948,,1785687642094634,纪嘉澍,2023-12-19 14:40,纪嘉澍,2023-12-19 14:40
解放军电子工程学院,解放军电子工程学院,1949,,1785687642090538,纪嘉澍,2023-12-19 14:40,纪嘉澍,2023-12-19 14:40
青海畜牧兽医职业技术学院,青海畜牧兽医职业技术学院,1950,,1785687642088490,纪嘉澍,2023-12-19 14:40,纪嘉澍,2023-12-19 14:40
四川体育职业学院,四川体育职业学院,1951,,1785687642004538,纪嘉澍,2023-12-19 14:40,纪嘉澍,2023-12-19 14:40
河北能源职业技术学院,河北能源职业技术学院,1952,,1785687706668105,纪嘉澍,2023-12-19 14:40,纪嘉澍,2023-12-19 14:40
广东茂名农林科技职业学院,广东茂名农林科技职业学院,1953,,1785687706663001,纪嘉澍,2023-12-19 14:40,纪嘉澍,2023-12-19 14:40
阿坝职业学院,阿坝职业学院,1954,,1785687706665049,纪嘉澍,2023-12-19 14:40,纪嘉澍,2023-12-19 14:40
北京农业职业学院,北京农业职业学院,1955,,1785687706656873,纪嘉澍,2023-12-19 14:40,纪嘉澍,2023-12-19 14:40
内蒙古北方职业技术学院,内蒙古北方职业技术学院,1956,,1785687706668153,纪嘉澍,2023-12-19 14:40,纪嘉澍,2023-12-19 14:40
甘肃钢铁职业技术学院,甘肃钢铁职业技术学院,1957,,1785687706667161,纪嘉澍,2023-12-19 14:40,纪嘉澍,2023-12-19 14:40
吉林科技职业技术学院,吉林科技职业技术学院,1958,,1785687706661897,纪嘉澍,2023-12-19 14:40,纪嘉澍,2023-12-19 14:40
北京网络职业学院,北京网络职业学院,1959,,1785687706658041,纪嘉澍,2023-12-19 14:40,纪嘉澍,2023-12-19 14:40
天津工业职业学院,天津工业职业学院,1960,,1785687706660969,纪嘉澍,2023-12-19 14:40,纪嘉澍,2023-12-19 14:40
山西师范大学临汾学院,山西师范大学临汾学院,1961,,1785687706658953,纪嘉澍,2023-12-19 14:40,纪嘉澍,2023-12-19 14:40
南京师范大学人民武装学院,南京师范大学人民武装学院,1962,,1785687706667193,纪嘉澍,2023-12-19 14:40,纪嘉澍,2023-12-19 14:40
云南商务职业学院,云南商务职业学院,1963,,1785687706666073,纪嘉澍,2023-12-19 14:40,纪嘉澍,2023-12-19 14:40
郴州职业技术学院,郴州职业技术学院,1964,,1785687706663033,纪嘉澍,2023-12-19 14:40,纪嘉澍,2023-12-19 14:40
湖南工程职业技术学院,湖南工程职业技术学院,1965,,1785687706663017,纪嘉澍,2023-12-19 14:40,纪嘉澍,2023-12-19 14:40
湖北水利水电职业技术学院,湖北水利水电职业技术学院,1966,,1785687706666089,纪嘉澍,2023-12-19 14:40,纪嘉澍,2023-12-19 14:40
河南护理职业学院,河南护理职业学院,1967,,1785687706671273,纪嘉澍,2023-12-19 14:40,纪嘉澍,2023-12-19 14:40
贵州装备制造职业学院,贵州装备制造职业学院,1968,,1785687706659001,纪嘉澍,2023-12-19 14:40,纪嘉澍,2023-12-19 14:40
山东铝业职业学院,山东铝业职业学院,1969,,1785687706669209,纪嘉澍,2023-12-19 14:40,纪嘉澍,2023-12-19 14:40
重庆航天职业技术学院,重庆航天职业技术学院,1970,,1785687706668137,纪嘉澍,2023-12-19 14:40,纪嘉澍,2023-12-19 14:40
安徽农业大学经济技术学院,安徽农业大学经济技术学院,1971,,1785687706669193,纪嘉澍,2023-12-19 14:40,纪嘉澍,2023-12-19 14:40
北京社会管理职业学院,北京社会管理职业学院,1972,,1785687706664009,纪嘉澍,2023-12-19 14:40,纪嘉澍,2023-12-19 14:40
呼和浩特职业学院,呼和浩特职业学院,1973,,1785687706666105,纪嘉澍,2023-12-19 14:40,纪嘉澍,2023-12-19 14:40
苏州工业园区服务外包职业学院,苏州工业园区服务外包职业学院,1974,,1785687706671289,纪嘉澍,2023-12-19 14:40,纪嘉澍,2023-12-19 14:40
山东商务职业学院,山东商务职业学院,1975,,1785687706670169,纪嘉澍,2023-12-19 14:40,纪嘉澍,2023-12-19 14:40
安徽工商职业学院,安徽工商职业学院,1976,,1785687706658025,纪嘉澍,2023-12-19 14:40,纪嘉澍,2023-12-19 14:40
中国音乐学院,中国音乐学院,1977,,1785687706664057,纪嘉澍,2023-12-19 14:40,纪嘉澍,2023-12-19 14:40
广东青年职业学院,广东青年职业学院,1978,,1785687706664025,纪嘉澍,2023-12-19 14:40,纪嘉澍,2023-12-19 14:40
中国人民解放军陆军装甲兵学院,中国人民解放军陆军装甲兵学院,1979,,1785687706668121,纪嘉澍,2023-12-19 14:40,纪嘉澍,2023-12-19 14:40
沈阳城市学院,沈阳城市学院,1980,,1785687706670185,纪嘉澍,2023-12-19 14:40,纪嘉澍,2023-12-19 14:40
广东建设职业技术学院,广东建设职业技术学院,1981,,1785687706664041,纪嘉澍,2023-12-19 14:40,纪嘉澍,2023-12-19 14:40
湖南司法警官职业学院,湖南司法警官职业学院,1982,,1785687706665065,纪嘉澍,2023-12-19 14:40,纪嘉澍,2023-12-19 14:40
山西传媒学院,山西传媒学院,1983,,1785687706669225,纪嘉澍,2023-12-19 14:40,纪嘉澍,2023-12-19 14:40
鹤壁能源化工职业学院,鹤壁能源化工职业学院,1984,,1785687706660953,纪嘉澍,2023-12-19 14:40,纪嘉澍,2023-12-19 14:40
科尔沁艺术职业学院,科尔沁艺术职业学院,1985,,1785687706658009,纪嘉澍,2023-12-19 14:40,纪嘉澍,2023-12-19 14:40
浙江同济科技职业学院,浙江同济科技职业学院,1986,,1785687706671241,纪嘉澍,2023-12-19 14:40,纪嘉澍,2023-12-19 14:40
江南影视艺术职业学院,江南影视艺术职业学院,1987,,1785687706660985,纪嘉澍,2023-12-19 14:40,纪嘉澍,2023-12-19 14:40
安徽大学艺术与传媒学院,安徽大学艺术与传媒学院,1988,,1785687706665081,纪嘉澍,2023-12-19 14:40,纪嘉澍,2023-12-19 14:40
湖北铁道运输职业学院,湖北铁道运输职业学院,1989,,1785687706661929,纪嘉澍,2023-12-19 14:40,纪嘉澍,2023-12-19 14:40
西安健康工程职业学院,西安健康工程职业学院,1990,,1785687706661913,纪嘉澍,2023-12-19 14:40,纪嘉澍,2023-12-19 14:40
云南体育运动职业技术学院,云南体育运动职业技术学院,1991,,1785687706670201,纪嘉澍,2023-12-19 14:40,纪嘉澍,2023-12-19 14:40
哈尔滨远东理工学院,哈尔滨远东理工学院,1992,,1785687706669241,纪嘉澍,2023-12-19 14:40,纪嘉澍,2023-12-19 14:40
扬州市职业大学,扬州市职业大学,1993,,1785687706658969,纪嘉澍,2023-12-19 14:40,纪嘉澍,2023-12-19 14:40
山西老区职业技术学院,山西老区职业技术学院,1994,,1785687706658985,纪嘉澍,2023-12-19 14:40,纪嘉澍,2023-12-19 14:40
北京航空航天大学中法工程师学院,北京航空航天大学中法工程师学院,1995,,1785687706656857,纪嘉澍,2023-12-19 14:40,纪嘉澍,2023-12-19 14:40
商丘学院应用科技学院,商丘学院应用科技学院,1996,,1785687706666057,纪嘉澍,2023-12-19 14:40,纪嘉澍,2023-12-19 14:40
沈阳航空职业技术学院,沈阳航空职业技术学院,1997,,1785687706670153,纪嘉澍,2023-12-19 14:40,纪嘉澍,2023-12-19 14:40
黑龙江艺术职业学院,黑龙江艺术职业学院,1998,,1785687706656889,纪嘉澍,2023-12-19 14:40,纪嘉澍,2023-12-19 14:40
拉萨师范高等专科学校,拉萨师范高等专科学校,1999,,1785687706661945,纪嘉澍,2023-12-19 14:40,纪嘉澍,2023-12-19 14:40
内蒙古警察职业学院,内蒙古警察职业学院,2000,,1785687706667145,纪嘉澍,2023-12-19 14:40,纪嘉澍,2023-12-19 14:40
山西省政法管理干部学院,山西省政法管理干部学院,2001,,1785687706662985,纪嘉澍,2023-12-19 14:40,纪嘉澍,2023-12-19 14:40
黑龙江农业经济职业学院,黑龙江农业经济职业学院,2002,,1785687714377737,纪嘉澍,2023-12-19 14:40,纪嘉澍,2023-12-19 14:40
吉林艺术学院,吉林艺术学院,2003,,1785687714373673,纪嘉澍,2023-12-19 14:40,纪嘉澍,2023-12-19 14:40
安徽外国语学院,安徽外国语学院,2004,,1785687714371609,纪嘉澍,2023-12-19 14:40,纪嘉澍,2023-12-19 14:40
湖南机电职业技术学院,湖南机电职业技术学院,2005,,1785687714370569,纪嘉澍,2023-12-19 14:40,纪嘉澍,2023-12-19 14:40
青岛恒星科技学院,青岛恒星科技学院,2006,,1785687714364489,纪嘉澍,2023-12-19 14:40,纪嘉澍,2023-12-19 14:40
湖南铁道职业技术学院,湖南铁道职业技术学院,2007,,1785687714374697,纪嘉澍,2023-12-19 14:40,纪嘉澍,2023-12-19 14:40
湖南邮电职业技术学院,湖南邮电职业技术学院,2008,,1785687714366537,纪嘉澍,2023-12-19 14:40,纪嘉澍,2023-12-19 14:40
恩施职业技术学院,恩施职业技术学院,2009,,1785687714372649,纪嘉澍,2023-12-19 14:40,纪嘉澍,2023-12-19 14:40
山西工程技术学院,山西工程技术学院,2010,,1785687714369561,纪嘉澍,2023-12-19 14:40,纪嘉澍,2023-12-19 14:40
广西警察学院,广西警察学院,2011,,1785687714368521,纪嘉澍,2023-12-19 14:40,纪嘉澍,2023-12-19 14:40
安徽邮电职业技术学院,安徽邮电职业技术学院,2012,,1785687714364505,纪嘉澍,2023-12-19 14:40,纪嘉澍,2023-12-19 14:40
石家庄人民医学高等专科学校,石家庄人民医学高等专科学校,2013,,1785687714371625,纪嘉澍,2023-12-19 14:40,纪嘉澍,2023-12-19 14:40
山西轻工职业技术学院,山西轻工职业技术学院,2014,,1785687714376745,纪嘉澍,2023-12-19 14:40,纪嘉澍,2023-12-19 14:40
赣州师范高等专科学校,赣州师范高等专科学校,2015,,1785687714375705,纪嘉澍,2023-12-19 14:40,纪嘉澍,2023-12-19 14:40
北京艺术传媒职业学院,北京艺术传媒职业学院,2016,,1785687714373641,纪嘉澍,2023-12-19 14:40,纪嘉澍,2023-12-19 14:40
河北劳动关系职业学院,河北劳动关系职业学院,2017,,1785687714375721,纪嘉澍,2023-12-19 14:40,纪嘉澍,2023-12-19 14:40
湖南大众传媒职业技术学院,湖南大众传媒职业技术学院,2018,,1785687714373689,纪嘉澍,2023-12-19 14:40,纪嘉澍,2023-12-19 14:40
哈尔滨市职工医学院,哈尔滨市职工医学院,2019,,1785687714374713,纪嘉澍,2023-12-19 14:40,纪嘉澍,2023-12-19 14:40
广西机电职业技术学院,广西机电职业技术学院,2020,,1785687714373657,纪嘉澍,2023-12-19 14:40,纪嘉澍,2023-12-19 14:40
青岛港湾职业技术学院,青岛港湾职业技术学院,2021,,1785687714371641,纪嘉澍,2023-12-19 14:40,纪嘉澍,2023-12-19 14:40
河北工艺美术职业学院,河北工艺美术职业学院,2022,,1785687714372665,纪嘉澍,2023-12-19 14:40,纪嘉澍,2023-12-19 14:40
宁夏民族职业技术学院,宁夏民族职业技术学院,2023,,1785687714365625,纪嘉澍,2023-12-19 14:40,纪嘉澍,2023-12-19 14:40
桂林师范高等专科学校,桂林师范高等专科学校,2024,,1785687714376729,纪嘉澍,2023-12-19 14:40,纪嘉澍,2023-12-19 14:40
陕西工商职业学院,陕西工商职业学院,2025,,1785687714376713,纪嘉澍,2023-12-19 14:40,纪嘉澍,2023-12-19 14:40
徽商职业学院,徽商职业学院,2026,,1785687714371593,纪嘉澍,2023-12-19 14:40,纪嘉澍,2023-12-19 14:40
绍兴职业技术学院,绍兴职业技术学院,2027,,1785687714369593,纪嘉澍,2023-12-19 14:40,纪嘉澍,2023-12-19 14:40
广西交通职业技术学院,广西交通职业技术学院,2028,,1785687714370585,纪嘉澍,2023-12-19 14:40,纪嘉澍,2023-12-19 14:40
阜新高等专科学校,阜新高等专科学校,2029,,1785687714364537,纪嘉澍,2023-12-19 14:40,纪嘉澍,2023-12-19 14:40
武昌职业学院,武昌职业学院,2030,,1785687714375737,纪嘉澍,2023-12-19 14:40,纪嘉澍,2023-12-19 14:40
上海纽约大学,上海纽约大学,2031,,1785687714365593,纪嘉澍,2023-12-19 14:40,纪嘉澍,2023-12-19 14:40
济南幼儿师范高等专科学校,济南幼儿师范高等专科学校,2032,,1785687714368537,纪嘉澍,2023-12-19 14:40,纪嘉澍,2023-12-19 14:40
湖北中医药大学职业技术学院,湖北中医药大学职业技术学院,2033,,1785687714375689,纪嘉澍,2023-12-19 14:40,纪嘉澍,2023-12-19 14:40
滁州城市职业学院,滁州城市职业学院,2034,,1785687714366489,纪嘉澍,2023-12-19 14:40,纪嘉澍,2023-12-19 14:40
江西电力职业技术学院,江西电力职业技术学院,2035,,1785687714363513,纪嘉澍,2023-12-19 14:40,纪嘉澍,2023-12-19 14:40
北京京北职业技术学院,北京京北职业技术学院,2036,,1785687714368569,纪嘉澍,2023-12-19 14:40,纪嘉澍,2023-12-19 14:40
马鞍山师范高等专科学校,马鞍山师范高等专科学校,2037,,1785687714365641,纪嘉澍,2023-12-19 14:40,纪嘉澍,2023-12-19 14:40
永州职业技术学院,永州职业技术学院,2038,,1785687714366521,纪嘉澍,2023-12-19 14:40,纪嘉澍,2023-12-19 14:40
澳门旅游学院,澳门旅游学院,2039,,1785687714370601,纪嘉澍,2023-12-19 14:40,纪嘉澍,2023-12-19 14:40
新疆农业职业技术学院,新疆农业职业技术学院,2040,,1785687714372633,纪嘉澍,2023-12-19 14:40,纪嘉澍,2023-12-19 14:40
上海医药高等专科学校,上海医药高等专科学校,2041,,1785687714369577,纪嘉澍,2023-12-19 14:40,纪嘉澍,2023-12-19 14:40
昆明医科大学海源学院,昆明医科大学海源学院,2042,,1785687714369545,纪嘉澍,2023-12-19 14:40,纪嘉澍,2023-12-19 14:40
辽阳职业技术学院,辽阳职业技术学院,2043,,1785687714372617,纪嘉澍,2023-12-19 14:40,纪嘉澍,2023-12-19 14:40
山西警察学院,山西警察学院,2044,,1785687714374665,纪嘉澍,2023-12-19 14:40,纪嘉澍,2023-12-19 14:40
广东茂名健康职业学院,广东茂名健康职业学院,2045,,1785687714365609,纪嘉澍,2023-12-19 14:40,纪嘉澍,2023-12-19 14:40
铁岭师范高等专科学校,铁岭师范高等专科学校,2046,,1785687714368553,纪嘉澍,2023-12-19 14:40,纪嘉澍,2023-12-19 14:40
厦门演艺职业学院,厦门演艺职业学院,2047,,1785687714376761,纪嘉澍,2023-12-19 14:40,纪嘉澍,2023-12-19 14:40
广西教育学院,广西教育学院,2048,,1785687714374681,纪嘉澍,2023-12-19 14:40,纪嘉澍,2023-12-19 14:40
云南理工职业学院,云南理工职业学院,2049,,1785687714366505,纪嘉澍,2023-12-19 14:40,纪嘉澍,2023-12-19 14:40
辽宁传媒学院,辽宁传媒学院,2050,,1785687714364521,纪嘉澍,2023-12-19 14:40,纪嘉澍,2023-12-19 14:40
云南轻纺职业学院,云南轻纺职业学院,2051,,1785687714370617,纪嘉澍,2023-12-19 14:40,纪嘉澍,2023-12-19 14:40
湖北青年职业学院,湖北青年职业学院,2052,,1785687721835626,纪嘉澍,2023-12-19 14:40,纪嘉澍,2023-12-19 14:40
广州卫生职业技术学院,广州卫生职业技术学院,2053,,1785687721836698,纪嘉澍,2023-12-19 14:40,纪嘉澍,2023-12-19 14:40
昆明幼儿师范高等专科学校,昆明幼儿师范高等专科学校,2054,,1785687721836746,纪嘉澍,2023-12-19 14:40,纪嘉澍,2023-12-19 14:40
青岛飞洋职业技术学院,青岛飞洋职业技术学院,2055,,1785687721952267,纪嘉澍,2023-12-19 14:40,纪嘉澍,2023-12-19 14:40
四川机电职业技术学院,四川机电职业技术学院,2056,,1785687721952283,纪嘉澍,2023-12-19 14:40,纪嘉澍,2023-12-19 14:40
四川工商职业技术学院,四川工商职业技术学院,2057,,1785687721836714,纪嘉澍,2023-12-19 14:40,纪嘉澍,2023-12-19 14:40
湖南软件职业学院,湖南软件职业学院,2058,,1785687721951243,纪嘉澍,2023-12-19 14:40,纪嘉澍,2023-12-19 14:40
郑州亚欧交通职业学院,郑州亚欧交通职业学院,2059,,1785687721839626,纪嘉澍,2023-12-19 14:40,纪嘉澍,2023-12-19 14:40
怀化职业技术学院,怀化职业技术学院,2060,,1785687721835642,纪嘉澍,2023-12-19 14:40,纪嘉澍,2023-12-19 14:40
天府新区航空旅游职业学院,天府新区航空旅游职业学院,2061,,1785687721948411,纪嘉澍,2023-12-19 14:40,纪嘉澍,2023-12-19 14:40
正德职业技术学院,正德职业技术学院,2062,,1785687721953371,纪嘉澍,2023-12-19 14:40,纪嘉澍,2023-12-19 14:40
江西卫生职业学院,江西卫生职业学院,2063,,1785687721838698,纪嘉澍,2023-12-19 14:40,纪嘉澍,2023-12-19 14:40
宁夏理工学院,宁夏理工学院,2064,,1785687721948379,纪嘉澍,2023-12-19 14:40,纪嘉澍,2023-12-19 14:40
江海职业技术学院,江海职业技术学院,2065,,1785687721955419,纪嘉澍,2023-12-19 14:40,纪嘉澍,2023-12-19 14:40
浙江财经大学东方学院,浙江财经大学东方学院,2066,,1785687721954411,纪嘉澍,2023-12-19 14:40,纪嘉澍,2023-12-19 14:40
淮阴工学院江淮学院,淮阴工学院江淮学院,2067,,1785687721952299,纪嘉澍,2023-12-19 14:40,纪嘉澍,2023-12-19 14:40
湖南民族职业学院,湖南民族职业学院,2068,,1785687721839674,纪嘉澍,2023-12-19 14:40,纪嘉澍,2023-12-19 14:40
铜川职业技术学院,铜川职业技术学院,2069,,1785687721946379,纪嘉澍,2023-12-19 14:40,纪嘉澍,2023-12-19 14:40
赣南卫生健康职业学院,赣南卫生健康职业学院,2070,,1785687721954395,纪嘉澍,2023-12-19 14:40,纪嘉澍,2023-12-19 14:40
江西理工大学应用科学学院,江西理工大学应用科学学院,2071,,1785687721947403,纪嘉澍,2023-12-19 14:40,纪嘉澍,2023-12-19 14:40
黄山职业技术学院,黄山职业技术学院,2072,,1785687721951291,纪嘉澍,2023-12-19 14:40,纪嘉澍,2023-12-19 14:40
三峡大学职业技术学院,三峡大学职业技术学院,2073,,1785687721838714,纪嘉澍,2023-12-19 14:40,纪嘉澍,2023-12-19 14:40
江西科技职业学院,江西科技职业学院,2074,,1785687721949323,纪嘉澍,2023-12-19 14:40,纪嘉澍,2023-12-19 14:40
云南外事外语职业学院,云南外事外语职业学院,2075,,1785687721952315,纪嘉澍,2023-12-19 14:40,纪嘉澍,2023-12-19 14:40
温州科技职业学院,温州科技职业学院,2076,,1785687721951259,纪嘉澍,2023-12-19 14:40,纪嘉澍,2023-12-19 14:40
广西安全工程职业技术学院,广西安全工程职业技术学院,2077,,1785687721946395,纪嘉澍,2023-12-19 14:40,纪嘉澍,2023-12-19 14:40
邯郸职业技术学院,邯郸职业技术学院,2078,,1785687721953403,纪嘉澍,2023-12-19 14:40,纪嘉澍,2023-12-19 14:40
宜春职业技术学院,宜春职业技术学院,2079,,1785687721949355,纪嘉澍,2023-12-19 14:40,纪嘉澍,2023-12-19 14:40
青岛工程职业学院,青岛工程职业学院,2080,,1785687721953355,纪嘉澍,2023-12-19 14:40,纪嘉澍,2023-12-19 14:40
六安职业技术学院,六安职业技术学院,2081,,1785687721953387,纪嘉澍,2023-12-19 14:40,纪嘉澍,2023-12-19 14:40
山西煤炭职业技术学院,山西煤炭职业技术学院,2082,,1785687721838666,纪嘉澍,2023-12-19 14:40,纪嘉澍,2023-12-19 14:40
四川三河职业学院,四川三河职业学院,2083,,1785687721839658,纪嘉澍,2023-12-19 14:40,纪嘉澍,2023-12-19 14:40
湖南三一工业职业技术学院,湖南三一工业职业技术学院,2084,,1785687721949371,纪嘉澍,2023-12-19 14:40,纪嘉澍,2023-12-19 14:40
江西工程职业学院,江西工程职业学院,2085,,1785687721947451,纪嘉澍,2023-12-19 14:40,纪嘉澍,2023-12-19 14:40
晋城职业技术学院,晋城职业技术学院,2086,,1785687721954427,纪嘉澍,2023-12-19 14:40,纪嘉澍,2023-12-19 14:40
江西新能源科技职业学院,江西新能源科技职业学院,2087,,1785687721954379,纪嘉澍,2023-12-19 14:40,纪嘉澍,2023-12-19 14:40
山东财经大学燕山学院,山东财经大学燕山学院,2088,,1785687721951275,纪嘉澍,2023-12-19 14:40,纪嘉澍,2023-12-19 14:40
福建电力职业技术学院,福建电力职业技术学院,2089,,1785687721955435,纪嘉澍,2023-12-19 14:40,纪嘉澍,2023-12-19 14:40
河南教育学院,河南教育学院,2090,,1785687721947419,纪嘉澍,2023-12-19 14:40,纪嘉澍,2023-12-19 14:40
江西司法警官职业学院,江西司法警官职业学院,2091,,1785687721836730,纪嘉澍,2023-12-19 14:40,纪嘉澍,2023-12-19 14:40
朔州师范高等专科学校,朔州师范高等专科学校,2092,,1785687721835610,纪嘉澍,2023-12-19 14:40,纪嘉澍,2023-12-19 14:40
北京科技大学(延庆校区),北京科技大学(延庆校区),2093,,1785687721948395,纪嘉澍,2023-12-19 14:40,纪嘉澍,2023-12-19 14:40
鹤岗师范高等专科学校,鹤岗师范高等专科学校,2094,,1785687721947435,纪嘉澍,2023-12-19 14:40,纪嘉澍,2023-12-19 14:40
延安职业技术学院,延安职业技术学院,2095,,1785687721948363,纪嘉澍,2023-12-19 14:40,纪嘉澍,2023-12-19 14:40
郑州财税金融职业学院,郑州财税金融职业学院,2096,,1785687721949339,纪嘉澍,2023-12-19 14:40,纪嘉澍,2023-12-19 14:40
合肥职业技术学院,合肥职业技术学院,2097,,1785687721839642,纪嘉澍,2023-12-19 14:40,纪嘉澍,2023-12-19 14:40
辽宁经济职业技术学院,辽宁经济职业技术学院,2098,,1785687721955403,纪嘉澍,2023-12-19 14:40,纪嘉澍,2023-12-19 14:40
钟山职业技术学院,钟山职业技术学院,2099,,1785687721838682,纪嘉澍,2023-12-19 14:40,纪嘉澍,2023-12-19 14:40
广东酒店管理职业技术学院,广东酒店管理职业技术学院,2100,,1785687721946411,纪嘉澍,2023-12-19 14:40,纪嘉澍,2023-12-19 14:40
云南新兴职业学院,云南新兴职业学院,2101,,1785687721946427,纪嘉澍,2023-12-19 14:40,纪嘉澍,2023-12-19 14:40
中国人民解放军南昌陆军学院,中国人民解放军南昌陆军学院,2102,,1785687728636938,纪嘉澍,2023-12-19 14:40,纪嘉澍,2023-12-19 14:40
安阳职业技术学院,安阳职业技术学院,2103,,1785687728632906,纪嘉澍,2023-12-19 14:40,纪嘉澍,2023-12-19 14:40
浙江汽车职业技术学院,浙江汽车职业技术学院,2104,,1785687728408633,纪嘉澍,2023-12-19 14:40,纪嘉澍,2023-12-19 14:40
江西陶瓷工艺美术职业技术学院,江西陶瓷工艺美术职业技术学院,2105,,1785687728410681,纪嘉澍,2023-12-19 14:40,纪嘉澍,2023-12-19 14:40
中国人民武装警察部队特种警察学院,中国人民武装警察部队特种警察学院,2106,,1785687728637994,纪嘉澍,2023-12-19 14:40,纪嘉澍,2023-12-19 14:40
云南交通职业技术学院,云南交通职业技术学院,2107,,1785687728636986,纪嘉澍,2023-12-19 14:40,纪嘉澍,2023-12-19 14:40
山东艺术设计职业学院,山东艺术设计职业学院,2108,,1785687728410633,纪嘉澍,2023-12-19 14:40,纪嘉澍,2023-12-19 14:40
西安音乐学院,西安音乐学院,2109,,1785687728630858,纪嘉澍,2023-12-19 14:40,纪嘉澍,2023-12-19 14:40
陕西国际商贸学院,陕西国际商贸学院,2110,,1785687728638010,纪嘉澍,2023-12-19 14:40,纪嘉澍,2023-12-19 14:40
山西水利职业技术学院,山西水利职业技术学院,2111,,1785687728628778,纪嘉澍,2023-12-19 14:40,纪嘉澍,2023-12-19 14:40
湖南幼儿师范高等专科学校,湖南幼儿师范高等专科学校,2112,,1785687728632922,纪嘉澍,2023-12-19 14:40,纪嘉澍,2023-12-19 14:40
三亚航空旅游职业学院,三亚航空旅游职业学院,2113,,1785687728636970,纪嘉澍,2023-12-19 14:40,纪嘉澍,2023-12-19 14:40
黔西南民族职业技术学院,黔西南民族职业技术学院,2114,,1785687728632938,纪嘉澍,2023-12-19 14:40,纪嘉澍,2023-12-19 14:40
兴安职业技术学院,兴安职业技术学院,2115,,1785687728629770,纪嘉澍,2023-12-19 14:40,纪嘉澍,2023-12-19 14:40
四川艺术职业学院,四川艺术职业学院,2116,,1785687728635946,纪嘉澍,2023-12-19 14:40,纪嘉澍,2023-12-19 14:40
平顶山职业技术学院,平顶山职业技术学院,2117,,1785687728630874,纪嘉澍,2023-12-19 14:40,纪嘉澍,2023-12-19 14:40
山东协和学院,山东协和学院,2118,,1785687728409657,纪嘉澍,2023-12-19 14:40,纪嘉澍,2023-12-19 14:40
乌海职业技术学院,乌海职业技术学院,2119,,1785687728630890,纪嘉澍,2023-12-19 14:40,纪嘉澍,2023-12-19 14:40
三明医学科技职业学院,三明医学科技职业学院,2120,,1785687728630906,纪嘉澍,2023-12-19 14:40,纪嘉澍,2023-12-19 14:40
应天职业技术学院,应天职业技术学院,2121,,1785687728631898,纪嘉澍,2023-12-19 14:40,纪嘉澍,2023-12-19 14:40
厦门软件职业技术学院,厦门软件职业技术学院,2122,,1785687728637978,纪嘉澍,2023-12-19 14:40,纪嘉澍,2023-12-19 14:40
长治职业技术学院,长治职业技术学院,2123,,1785687728628746,纪嘉澍,2023-12-19 14:40,纪嘉澍,2023-12-19 14:40
福建幼儿师范高等专科学校,福建幼儿师范高等专科学校,2124,,1785687728635930,纪嘉澍,2023-12-19 14:40,纪嘉澍,2023-12-19 14:40
天津体育职业学院,天津体育职业学院,2125,,1785687728632954,纪嘉澍,2023-12-19 14:40,纪嘉澍,2023-12-19 14:40
广东工业大学华立学院,广东工业大学华立学院,2126,,1785687728408617,纪嘉澍,2023-12-19 14:40,纪嘉澍,2023-12-19 14:40
黑龙江生物科技职业学院,黑龙江生物科技职业学院,2127,,1785687728635914,纪嘉澍,2023-12-19 14:40,纪嘉澍,2023-12-19 14:40
聊城大学东昌学院,聊城大学东昌学院,2128,,1785687728636954,纪嘉澍,2023-12-19 14:40,纪嘉澍,2023-12-19 14:40
阜阳幼儿师范高等专科学校,阜阳幼儿师范高等专科学校,2129,,1785687728628794,纪嘉澍,2023-12-19 14:40,纪嘉澍,2023-12-19 14:40
漳州卫生职业学院,漳州卫生职业学院,2130,,1785687728631930,纪嘉澍,2023-12-19 14:40,纪嘉澍,2023-12-19 14:40
汕尾职业技术学院,汕尾职业技术学院,2131,,1785687728633882,纪嘉澍,2023-12-19 14:40,纪嘉澍,2023-12-19 14:40
湖南中医药高等专科学校,湖南中医药高等专科学校,2132,,1785687728409609,纪嘉澍,2023-12-19 14:40,纪嘉澍,2023-12-19 14:40
山西兴华职业学院,山西兴华职业学院,2133,,1785687728408585,纪嘉澍,2023-12-19 14:40,纪嘉澍,2023-12-19 14:40
驻马店幼儿师范高等专科学校,驻马店幼儿师范高等专科学校,2134,,1785687728407609,纪嘉澍,2023-12-19 14:40,纪嘉澍,2023-12-19 14:40
东南大学医学院,东南大学医学院,2135,,1785687728629786,纪嘉澍,2023-12-19 14:40,纪嘉澍,2023-12-19 14:40
贵阳护理职业学院,贵阳护理职业学院,2136,,1785687728628762,纪嘉澍,2023-12-19 14:40,纪嘉澍,2023-12-19 14:40
六盘水幼儿师范高等专科学校,六盘水幼儿师范高等专科学校,2137,,1785687728410649,纪嘉澍,2023-12-19 14:40,纪嘉澍,2023-12-19 14:40
广东省外语艺术职业学院,广东省外语艺术职业学院,2138,,1785687728637962,纪嘉澍,2023-12-19 14:40,纪嘉澍,2023-12-19 14:40
惠州经济职业技术学院,惠州经济职业技术学院,2139,,1785687728633914,纪嘉澍,2023-12-19 14:40,纪嘉澍,2023-12-19 14:40
哈尔滨体育学院,哈尔滨体育学院,2140,,1785687728629802,纪嘉澍,2023-12-19 14:40,纪嘉澍,2023-12-19 14:40
铁门关职业技术学院,铁门关职业技术学院,2141,,1785687728408601,纪嘉澍,2023-12-19 14:40,纪嘉澍,2023-12-19 14:40
丽水职业技术学院,丽水职业技术学院,2142,,1785687728629818,纪嘉澍,2023-12-19 14:40,纪嘉澍,2023-12-19 14:40
西昌民族幼儿师范高等专科学校,西昌民族幼儿师范高等专科学校,2143,,1785687728633898,纪嘉澍,2023-12-19 14:40,纪嘉澍,2023-12-19 14:40
石家庄理工职业学院,石家庄理工职业学院,2144,,1785687728409625,纪嘉澍,2023-12-19 14:40,纪嘉澍,2023-12-19 14:40
阳江职业技术学院,阳江职业技术学院,2145,,1785687728631882,纪嘉澍,2023-12-19 14:40,纪嘉澍,2023-12-19 14:40
大兴安岭职业学院,大兴安岭职业学院,2146,,1785687728410665,纪嘉澍,2023-12-19 14:40,纪嘉澍,2023-12-19 14:40
中国消防救援学院,中国消防救援学院,2147,,1785687728409641,纪嘉澍,2023-12-19 14:40,纪嘉澍,2023-12-19 14:40
江西科技师范大学理工学院,江西科技师范大学理工学院,2148,,1785687728635962,纪嘉澍,2023-12-19 14:40,纪嘉澍,2023-12-19 14:40
重庆房地产职业学院,重庆房地产职业学院,2149,,1785687728407593,纪嘉澍,2023-12-19 14:40,纪嘉澍,2023-12-19 14:40
湖北汽车工业学院科技学院,湖北汽车工业学院科技学院,2150,,1785687728631914,纪嘉澍,2023-12-19 14:40,纪嘉澍,2023-12-19 14:40
兰州职业技术学院,兰州职业技术学院,2151,,1785687728633930,纪嘉澍,2023-12-19 14:40,纪嘉澍,2023-12-19 14:40
广东环境保护工程职业学院,广东环境保护工程职业学院,2152,,1785687728401417,纪嘉澍,2023-12-19 14:40,纪嘉澍,2023-12-19 14:40
忻州职业技术学院,忻州职业技术学院,2153,,1785687728402489,纪嘉澍,2023-12-19 14:40,纪嘉澍,2023-12-19 14:40
黔南民族医学高等专科学校,黔南民族医学高等专科学校,2154,,1785687728398377,纪嘉澍,2023-12-19 14:40,纪嘉澍,2023-12-19 14:40
石家庄城市经济职业学院,石家庄城市经济职业学院,2155,,1785687728395273,纪嘉澍,2023-12-19 14:40,纪嘉澍,2023-12-19 14:40
成都艺术职业学院,成都艺术职业学院,2156,,1785687728395289,纪嘉澍,2023-12-19 14:40,纪嘉澍,2023-12-19 14:40
星海音乐学院,星海音乐学院,2157,,1785687728395305,纪嘉澍,2023-12-19 14:40,纪嘉澍,2023-12-19 14:40
天津现代职业技术学院,天津现代职业技术学院,2158,,1785687728406585,纪嘉澍,2023-12-19 14:40,纪嘉澍,2023-12-19 14:40
四川科技职业学院,四川科技职业学院,2159,,1785687728403577,纪嘉澍,2023-12-19 14:40,纪嘉澍,2023-12-19 14:40
内江职业技术学院,内江职业技术学院,2160,,1785687728401433,纪嘉澍,2023-12-19 14:40,纪嘉澍,2023-12-19 14:40
重庆应用技术职业学院,重庆应用技术职业学院,2161,,1785687728400489,纪嘉澍,2023-12-19 14:40,纪嘉澍,2023-12-19 14:40
内蒙古建筑职业技术学院,内蒙古建筑职业技术学院,2162,,1785687728397353,纪嘉澍,2023-12-19 14:40,纪嘉澍,2023-12-19 14:40
广西科技师范学院,广西科技师范学院,2163,,1785687728401465,纪嘉澍,2023-12-19 14:40,纪嘉澍,2023-12-19 14:40
南昌职业大学,南昌职业大学,2164,,1785687728407561,纪嘉澍,2023-12-19 14:40,纪嘉澍,2023-12-19 14:40
湖北工业职业技术学院,湖北工业职业技术学院,2165,,1785687728396297,纪嘉澍,2023-12-19 14:40,纪嘉澍,2023-12-19 14:40
北京汇佳职业学院,北京汇佳职业学院,2166,,1785687728406537,纪嘉澍,2023-12-19 14:40,纪嘉澍,2023-12-19 14:40
广西中医药大学赛恩斯新医药学院,广西中医药大学赛恩斯新医药学院,2167,,1785687728397385,纪嘉澍,2023-12-19 14:40,纪嘉澍,2023-12-19 14:40
广东新安职业技术学院,广东新安职业技术学院,2168,,1785687728405513,纪嘉澍,2023-12-19 14:40,纪嘉澍,2023-12-19 14:40
邵阳职业技术学院,邵阳职业技术学院,2169,,1785687728403529,纪嘉澍,2023-12-19 14:40,纪嘉澍,2023-12-19 14:40
朔州职业技术学院,朔州职业技术学院,2170,,1785687728405529,纪嘉澍,2023-12-19 14:40,纪嘉澍,2023-12-19 14:40
湖南城建职业技术学院,湖南城建职业技术学院,2171,,1785687728399385,纪嘉澍,2023-12-19 14:40,纪嘉澍,2023-12-19 14:40
岳阳职业技术学院,岳阳职业技术学院,2172,,1785687728406569,纪嘉澍,2023-12-19 14:40,纪嘉澍,2023-12-19 14:40
淮阴师范学院文通学院,淮阴师范学院文通学院,2173,,1785687728397337,纪嘉澍,2023-12-19 14:40,纪嘉澍,2023-12-19 14:40
阿克苏职业技术学院,阿克苏职业技术学院,2174,,1785687728402441,纪嘉澍,2023-12-19 14:40,纪嘉澍,2023-12-19 14:40
无锡南洋职业技术学院,无锡南洋职业技术学院,2175,,1785687728394265,纪嘉澍,2023-12-19 14:40,纪嘉澍,2023-12-19 14:40
景德镇陶瓷大学科技艺术学院,景德镇陶瓷大学科技艺术学院,2176,,1785687728399417,纪嘉澍,2023-12-19 14:40,纪嘉澍,2023-12-19 14:40
宁夏职业技术学院,宁夏职业技术学院,2177,,1785687728394281,纪嘉澍,2023-12-19 14:40,纪嘉澍,2023-12-19 14:40
临汾职业技术学院,临汾职业技术学院,2178,,1785687728403545,纪嘉澍,2023-12-19 14:40,纪嘉澍,2023-12-19 14:40
白银矿冶职业技术学院,白银矿冶职业技术学院,2179,,1785687728400457,纪嘉澍,2023-12-19 14:40,纪嘉澍,2023-12-19 14:40
昆明工业职业技术学院,昆明工业职业技术学院,2180,,1785687728400473,纪嘉澍,2023-12-19 14:40,纪嘉澍,2023-12-19 14:40
云南文化艺术职业学院,云南文化艺术职业学院,2181,,1785687728398393,纪嘉澍,2023-12-19 14:40,纪嘉澍,2023-12-19 14:40
长春东方职业学院,长春东方职业学院,2182,,1785687728402457,纪嘉澍,2023-12-19 14:40,纪嘉澍,2023-12-19 14:40
武夷山职业学院,武夷山职业学院,2183,,1785687728403561,纪嘉澍,2023-12-19 14:40,纪嘉澍,2023-12-19 14:40
柳州城市职业学院,柳州城市职业学院,2184,,1785687728398361,纪嘉澍,2023-12-19 14:40,纪嘉澍,2023-12-19 14:40
河北司法警官职业学院,河北司法警官职业学院,2185,,1785687728406553,纪嘉澍,2023-12-19 14:40,纪嘉澍,2023-12-19 14:40
湖南工商职业学院,湖南工商职业学院,2186,,1785687728397369,纪嘉澍,2023-12-19 14:40,纪嘉澍,2023-12-19 14:40
宁夏葡萄酒与防沙治沙职业技术学院,宁夏葡萄酒与防沙治沙职业技术学院,2187,,1785687728398409,纪嘉澍,2023-12-19 14:40,纪嘉澍,2023-12-19 14:40
江汉艺术职业学院,江汉艺术职业学院,2188,,1785687728399369,纪嘉澍,2023-12-19 14:40,纪嘉澍,2023-12-19 14:40
大连商务职业学院,大连商务职业学院,2189,,1785687728407577,纪嘉澍,2023-12-19 14:40,纪嘉澍,2023-12-19 14:40
重庆幼儿师范高等专科学校,重庆幼儿师范高等专科学校,2190,,1785687728401449,纪嘉澍,2023-12-19 14:40,纪嘉澍,2023-12-19 14:40
哈尔滨广厦学院,哈尔滨广厦学院,2191,,1785687728394297,纪嘉澍,2023-12-19 14:40,纪嘉澍,2023-12-19 14:40
包头轻工职业技术学院,包头轻工职业技术学院,2192,,1785687728396329,纪嘉澍,2023-12-19 14:40,纪嘉澍,2023-12-19 14:40
石家庄财经职业学院,石家庄财经职业学院,2193,,1785687728405545,纪嘉澍,2023-12-19 14:40,纪嘉澍,2023-12-19 14:40
南通职业大学,南通职业大学,2194,,1785687728402473,纪嘉澍,2023-12-19 14:40,纪嘉澍,2023-12-19 14:40
厦门安防科技职业学院,厦门安防科技职业学院,2195,,1785687728400505,纪嘉澍,2023-12-19 14:40,纪嘉澍,2023-12-19 14:40
江西工商职业技术学院,江西工商职业技术学院,2196,,1785687728399401,纪嘉澍,2023-12-19 14:40,纪嘉澍,2023-12-19 14:40
黄冈职业技术学院,黄冈职业技术学院,2197,,1785687728395321,纪嘉澍,2023-12-19 14:40,纪嘉澍,2023-12-19 14:40
湖南食品药品职业学院,湖南食品药品职业学院,2198,,1785687728396345,纪嘉澍,2023-12-19 14:40,纪嘉澍,2023-12-19 14:40
安徽粮食工程职业学院,安徽粮食工程职业学院,2199,,1785687728394249,纪嘉澍,2023-12-19 14:40,纪嘉澍,2023-12-19 14:40
重庆化工职业学院,重庆化工职业学院,2200,,1785687728405561,纪嘉澍,2023-12-19 14:40,纪嘉澍,2023-12-19 14:40
辽宁石油化工大学顺华能源学院,辽宁石油化工大学顺华能源学院,2201,,1785687728396313,纪嘉澍,2023-12-19 14:40,纪嘉澍,2023-12-19 14:40
湖南工程学院应用技术学院,湖南工程学院应用技术学院,2202,,1785687742595130,纪嘉澍,2023-12-19 14:40,纪嘉澍,2023-12-19 14:40
杨凌职业技术学院,杨凌职业技术学院,2203,,1785687733687417,纪嘉澍,2023-12-19 14:40,纪嘉澍,2023-12-19 14:40
桂林生命与健康职业技术学院,桂林生命与健康职业技术学院,2204,,1785687742594074,纪嘉澍,2023-12-19 14:40,纪嘉澍,2023-12-19 14:40
山西青年职业学院,山西青年职业学院,2205,,1785687742600234,纪嘉澍,2023-12-19 14:40,纪嘉澍,2023-12-19 14:40
江西交通职业技术学院,江西交通职业技术学院,2206,,1785687733686377,纪嘉澍,2023-12-19 14:40,纪嘉澍,2023-12-19 14:40
郑州工程技术学院,郑州工程技术学院,2207,,1785687733686393,纪嘉澍,2023-12-19 14:40,纪嘉澍,2023-12-19 14:40
保定电力职业技术学院,保定电力职业技术学院,2208,,1785687742595082,纪嘉澍,2023-12-19 14:40,纪嘉澍,2023-12-19 14:40
江苏安全技术职业学院,江苏安全技术职业学院,2209,,1785687742597130,纪嘉澍,2023-12-19 14:40,纪嘉澍,2023-12-19 14:40
西藏警官高等专科学校,西藏警官高等专科学校,2210,,1785687742594090,纪嘉澍,2023-12-19 14:40,纪嘉澍,2023-12-19 14:40
武汉城市职业学院,武汉城市职业学院,2211,,1785687733687385,纪嘉澍,2023-12-19 14:40,纪嘉澍,2023-12-19 14:40
浙江艺术职业学院,浙江艺术职业学院,2212,,1785687742592058,纪嘉澍,2023-12-19 14:40,纪嘉澍,2023-12-19 14:40
咸宁职业技术学院,咸宁职业技术学院,2213,,1785687742598186,纪嘉澍,2023-12-19 14:40,纪嘉澍,2023-12-19 14:40
克拉玛依职业技术学院,克拉玛依职业技术学院,2214,,1785687742593050,纪嘉澍,2023-12-19 14:40,纪嘉澍,2023-12-19 14:40
海南经贸职业技术学院,海南经贸职业技术学院,2215,,1785687742592026,纪嘉澍,2023-12-19 14:40,纪嘉澍,2023-12-19 14:40
驻马店职业技术学院,驻马店职业技术学院,2216,,1785687742599210,纪嘉澍,2023-12-19 14:40,纪嘉澍,2023-12-19 14:40
山东水利职业学院,山东水利职业学院,2217,,1785687742597162,纪嘉澍,2023-12-19 14:40,纪嘉澍,2023-12-19 14:40
四川铁道职业学院,四川铁道职业学院,2218,,1785687742593082,纪嘉澍,2023-12-19 14:40,纪嘉澍,2023-12-19 14:40
内蒙古工业职业学院,内蒙古工业职业学院,2219,,1785687733686361,纪嘉澍,2023-12-19 14:40,纪嘉澍,2023-12-19 14:40
天津石油职业技术学院,天津石油职业技术学院,2220,,1785687742595098,纪嘉澍,2023-12-19 14:40,纪嘉澍,2023-12-19 14:40
北京工业大学通州分校,北京工业大学通州分校,2221,,1785687742592010,纪嘉澍,2023-12-19 14:40,纪嘉澍,2023-12-19 14:40
烟台黄金职业学院,烟台黄金职业学院,2222,,1785687742596122,纪嘉澍,2023-12-19 14:40,纪嘉澍,2023-12-19 14:40
南通理工学院,南通理工学院,2223,,1785687742600202,纪嘉澍,2023-12-19 14:40,纪嘉澍,2023-12-19 14:40
宁夏大学新华学院,宁夏大学新华学院,2224,,1785687742597146,纪嘉澍,2023-12-19 14:40,纪嘉澍,2023-12-19 14:40
建东职业技术学院,建东职业技术学院,2225,,1785687733687369,纪嘉澍,2023-12-19 14:40,纪嘉澍,2023-12-19 14:40
长春大学旅游学院,长春大学旅游学院,2226,,1785687742596106,纪嘉澍,2023-12-19 14:40,纪嘉澍,2023-12-19 14:40
江阴职业技术学院,江阴职业技术学院,2227,,1785687733685321,纪嘉澍,2023-12-19 14:40,纪嘉澍,2023-12-19 14:40
宁波财经学院,宁波财经学院,2228,,1785687742600218,纪嘉澍,2023-12-19 14:40,纪嘉澍,2023-12-19 14:40
江西外语外贸职业学院,江西外语外贸职业学院,2229,,1785687742592042,纪嘉澍,2023-12-19 14:40,纪嘉澍,2023-12-19 14:40
江西信息应用职业技术学院,江西信息应用职业技术学院,2230,,1785687733685353,纪嘉澍,2023-12-19 14:40,纪嘉澍,2023-12-19 14:40
云南经贸外事职业学院,云南经贸外事职业学院,2231,,1785687733684329,纪嘉澍,2023-12-19 14:40,纪嘉澍,2023-12-19 14:40
江西机电职业技术学院,江西机电职业技术学院,2232,,1785687742597178,纪嘉澍,2023-12-19 14:40,纪嘉澍,2023-12-19 14:40
芜湖信息技术职业学院,芜湖信息技术职业学院,2233,,1785687742593034,纪嘉澍,2023-12-19 14:40,纪嘉澍,2023-12-19 14:40
重庆青年职业技术学院,重庆青年职业技术学院,2234,,1785687742595114,纪嘉澍,2023-12-19 14:40,纪嘉澍,2023-12-19 14:40
保山中医药高等专科学校,保山中医药高等专科学校,2235,,1785687742599226,纪嘉澍,2023-12-19 14:40,纪嘉澍,2023-12-19 14:40
广东生态工程职业学院,广东生态工程职业学院,2236,,1785687742593066,纪嘉澍,2023-12-19 14:40,纪嘉澍,2023-12-19 14:40
嘉兴南洋职业技术学院,嘉兴南洋职业技术学院,2237,,1785687742599194,纪嘉澍,2023-12-19 14:40,纪嘉澍,2023-12-19 14:40
黑龙江司法警官职业学院,黑龙江司法警官职业学院,2238,,1785687742600250,纪嘉澍,2023-12-19 14:40,纪嘉澍,2023-12-19 14:40
山东华宇工学院,山东华宇工学院,2239,,1785687742596154,纪嘉澍,2023-12-19 14:40,纪嘉澍,2023-12-19 14:40
玉溪农业职业技术学院,玉溪农业职业技术学院,2240,,1785687742596138,纪嘉澍,2023-12-19 14:40,纪嘉澍,2023-12-19 14:40
山东海事职业学院,山东海事职业学院,2241,,1785687733685369,纪嘉澍,2023-12-19 14:40,纪嘉澍,2023-12-19 14:40
天津工程职业技术学院,天津工程职业技术学院,2242,,1785687742594106,纪嘉澍,2023-12-19 14:40,纪嘉澍,2023-12-19 14:40
安阳学院,安阳学院,2243,,1785687742598154,纪嘉澍,2023-12-19 14:40,纪嘉澍,2023-12-19 14:40
黑龙江农业工程职业学院,黑龙江农业工程职业学院,2244,,1785687733684345,纪嘉澍,2023-12-19 14:40,纪嘉澍,2023-12-19 14:40
天津体育学院运动与文化艺术学院,天津体育学院运动与文化艺术学院,2245,,1785687742598170,纪嘉澍,2023-12-19 14:40,纪嘉澍,2023-12-19 14:40
辽宁水利职业学院,辽宁水利职业学院,2246,,1785687742594058,纪嘉澍,2023-12-19 14:40,纪嘉澍,2023-12-19 14:40
西安铁路工程职工大学,西安铁路工程职工大学,2247,,1785687733686345,纪嘉澍,2023-12-19 14:40,纪嘉澍,2023-12-19 14:40
湖北艺术职业学院,湖北艺术职业学院,2248,,1785687733687401,纪嘉澍,2023-12-19 14:40,纪嘉澍,2023-12-19 14:40
枣庄职业学院,枣庄职业学院,2249,,1785687742599178,纪嘉澍,2023-12-19 14:40,纪嘉澍,2023-12-19 14:40
陕西工业职业技术学院,陕西工业职业技术学院,2250,,1785687742598202,纪嘉澍,2023-12-19 14:40,纪嘉澍,2023-12-19 14:40
浙江工贸职业技术学院,浙江工贸职业技术学院,2251,,1785687733685337,纪嘉澍,2023-12-19 14:40,纪嘉澍,2023-12-19 14:40
重庆传媒职业学院,重庆传媒职业学院,2252,,1785687733672121,纪嘉澍,2023-12-19 14:40,纪嘉澍,2023-12-19 14:40
长沙商贸旅游职业技术学院,长沙商贸旅游职业技术学院,2253,,1785687733671065,纪嘉澍,2023-12-19 14:40,纪嘉澍,2023-12-19 14:40
郑州大学体育学院,郑州大学体育学院,2254,,1785687733671081,纪嘉澍,2023-12-19 14:40,纪嘉澍,2023-12-19 14:40
山西工程职业学院,山西工程职业学院,2255,,1785687733675065,纪嘉澍,2023-12-19 14:40,纪嘉澍,2023-12-19 14:40
江西制造职业技术学院,江西制造职业技术学院,2256,,1785687733677081,纪嘉澍,2023-12-19 14:40,纪嘉澍,2023-12-19 14:40
杭州电子科技大学信息工程学院,杭州电子科技大学信息工程学院,2257,,1785687733680249,纪嘉澍,2023-12-19 14:40,纪嘉澍,2023-12-19 14:40
浙江国际海运职业技术学院,浙江国际海运职业技术学院,2258,,1785687733677065,纪嘉澍,2023-12-19 14:40,纪嘉澍,2023-12-19 14:40
广东创新科技职业学院,广东创新科技职业学院,2259,,1785687733682233,纪嘉澍,2023-12-19 14:40,纪嘉澍,2023-12-19 14:40
亳州学院,亳州学院,2260,,1785687733682185,纪嘉澍,2023-12-19 14:40,纪嘉澍,2023-12-19 14:40
徐州生物工程职业技术学院,徐州生物工程职业技术学院,2261,,1785687733681161,纪嘉澍,2023-12-19 14:40,纪嘉澍,2023-12-19 14:40
江西艺术职业学院,江西艺术职业学院,2262,,1785687733678137,纪嘉澍,2023-12-19 14:40,纪嘉澍,2023-12-19 14:40
西南大学(荣昌校区),西南大学(荣昌校区),2263,,1785687733677113,纪嘉澍,2023-12-19 14:40,纪嘉澍,2023-12-19 14:40
浙江特殊教育职业学院,浙江特殊教育职业学院,2264,,1785687733672089,纪嘉澍,2023-12-19 14:40,纪嘉澍,2023-12-19 14:40
阜阳师范大学信息工程学院,阜阳师范大学信息工程学院,2265,,1785687733681193,纪嘉澍,2023-12-19 14:40,纪嘉澍,2023-12-19 14:40
上海济光职业技术学院,上海济光职业技术学院,2266,,1785687733674041,纪嘉澍,2023-12-19 14:40,纪嘉澍,2023-12-19 14:40
厦门东海职业技术学院,厦门东海职业技术学院,2267,,1785687733677097,纪嘉澍,2023-12-19 14:40,纪嘉澍,2023-12-19 14:40
广西金融职业技术学院,广西金融职业技术学院,2268,,1785687733683273,纪嘉澍,2023-12-19 14:40,纪嘉澍,2023-12-19 14:40
湖南外国语职业学院,湖南外国语职业学院,2269,,1785687733681177,纪嘉澍,2023-12-19 14:40,纪嘉澍,2023-12-19 14:40
河西学院医学部,河西学院医学部,2270,,1785687733675017,纪嘉澍,2023-12-19 14:40,纪嘉澍,2023-12-19 14:40
湖南化工职业技术学院,湖南化工职业技术学院,2271,,1785687733682201,纪嘉澍,2023-12-19 14:40,纪嘉澍,2023-12-19 14:40
广州现代信息工程职业技术学院,广州现代信息工程职业技术学院,2272,,1785687733684297,纪嘉澍,2023-12-19 14:40,纪嘉澍,2023-12-19 14:40
辽宁政法职业学院,辽宁政法职业学院,2273,,1785687733680217,纪嘉澍,2023-12-19 14:40,纪嘉澍,2023-12-19 14:40
浙江农业商贸职业学院,浙江农业商贸职业学院,2274,,1785687733682217,纪嘉澍,2023-12-19 14:40,纪嘉澍,2023-12-19 14:40
海南外国语职业学院,海南外国语职业学院,2275,,1785687733679145,纪嘉澍,2023-12-19 14:40,纪嘉澍,2023-12-19 14:40
黑龙江护理高等专科学校,黑龙江护理高等专科学校,2276,,1785687733683305,纪嘉澍,2023-12-19 14:40,纪嘉澍,2023-12-19 14:40
镇江市高等专科学校,镇江市高等专科学校,2277,,1785687733683289,纪嘉澍,2023-12-19 14:40,纪嘉澍,2023-12-19 14:40
福州理工学院,福州理工学院,2278,,1785687733675033,纪嘉澍,2023-12-19 14:40,纪嘉澍,2023-12-19 14:40
漯河食品职业学院,漯河食品职业学院,2279,,1785687733671049,纪嘉澍,2023-12-19 14:40,纪嘉澍,2023-12-19 14:40
武汉工贸职业学院,武汉工贸职业学院,2280,,1785687733674009,纪嘉澍,2023-12-19 14:40,纪嘉澍,2023-12-19 14:40
福建艺术职业学院,福建艺术职业学院,2281,,1785687733679113,纪嘉澍,2023-12-19 14:40,纪嘉澍,2023-12-19 14:40
河北水利电力学院,河北水利电力学院,2282,,1785687733683321,纪嘉澍,2023-12-19 14:40,纪嘉澍,2023-12-19 14:40
江西洪州职业学院,江西洪州职业学院,2283,,1785687733673993,纪嘉澍,2023-12-19 14:40,纪嘉澍,2023-12-19 14:40
山东力明科技职业学院,山东力明科技职业学院,2284,,1785687733675049,纪嘉澍,2023-12-19 14:40,纪嘉澍,2023-12-19 14:40
安徽艺术职业学院,安徽艺术职业学院,2285,,1785687733676089,纪嘉澍,2023-12-19 14:40,纪嘉澍,2023-12-19 14:40
四川司法警官职业学院,四川司法警官职业学院,2286,,1785687733679129,纪嘉澍,2023-12-19 14:40,纪嘉澍,2023-12-19 14:40
湖北医药学院药护学院,湖北医药学院药护学院,2287,,1785687733681209,纪嘉澍,2023-12-19 14:40,纪嘉澍,2023-12-19 14:40
长沙职业技术学院,长沙职业技术学院,2288,,1785687733672137,纪嘉澍,2023-12-19 14:40,纪嘉澍,2023-12-19 14:40
山东体育学院,山东体育学院,2289,,1785687733676057,纪嘉澍,2023-12-19 14:40,纪嘉澍,2023-12-19 14:40
宝鸡职业技术学院,宝鸡职业技术学院,2290,,1785687733680233,纪嘉澍,2023-12-19 14:40,纪嘉澍,2023-12-19 14:40
中国人民解放军陆军防化学院,中国人民解放军陆军防化学院,2291,,1785687733676041,纪嘉澍,2023-12-19 14:40,纪嘉澍,2023-12-19 14:40
山西经济管理干部学院,山西经济管理干部学院,2292,,1785687733672105,纪嘉澍,2023-12-19 14:40,纪嘉澍,2023-12-19 14:40
云南工商学院,云南工商学院,2293,,1785687733678121,纪嘉澍,2023-12-19 14:40,纪嘉澍,2023-12-19 14:40
江苏工程职业技术学院,江苏工程职业技术学院,2294,,1785687733678105,纪嘉澍,2023-12-19 14:40,纪嘉澍,2023-12-19 14:40
广西生态工程职业技术学院,广西生态工程职业技术学院,2295,,1785687733679161,纪嘉澍,2023-12-19 14:40,纪嘉澍,2023-12-19 14:40
安徽文达信息工程学院,安徽文达信息工程学院,2296,,1785687733684313,纪嘉澍,2023-12-19 14:40,纪嘉澍,2023-12-19 14:40
北京电影学院现代创意媒体学院,北京电影学院现代创意媒体学院,2297,,1785687733680201,纪嘉澍,2023-12-19 14:40,纪嘉澍,2023-12-19 14:40
中国人民解放军艺术学院,中国人民解放军艺术学院,2298,,1785687733676073,纪嘉澍,2023-12-19 14:40,纪嘉澍,2023-12-19 14:40
浙江海洋大学东海科学技术学院,浙江海洋大学东海科学技术学院,2299,,1785687733671097,纪嘉澍,2023-12-19 14:40,纪嘉澍,2023-12-19 14:40
苏州职业大学,苏州职业大学,2300,,1785687733674025,纪嘉澍,2023-12-19 14:40,纪嘉澍,2023-12-19 14:40
大连软件职业学院,大连软件职业学院,2301,,1785687733678089,纪嘉澍,2023-12-19 14:40,纪嘉澍,2023-12-19 14:40
河南测绘职业学院,河南测绘职业学院,2302,,1785687742613546,纪嘉澍,2023-12-19 14:40,纪嘉澍,2023-12-19 14:40
东营科技职业学院,东营科技职业学院,2303,,1785687742608442,纪嘉澍,2023-12-19 14:40,纪嘉澍,2023-12-19 14:40
珠海艺术职业学院,珠海艺术职业学院,2304,,1785687742613514,纪嘉澍,2023-12-19 14:40,纪嘉澍,2023-12-19 14:40
安徽涉外经济职业学院,安徽涉外经济职业学院,2305,,1785687742602282,纪嘉澍,2023-12-19 14:40,纪嘉澍,2023-12-19 14:40
上海立达学院,上海立达学院,2306,,1785687742610442,纪嘉澍,2023-12-19 14:40,纪嘉澍,2023-12-19 14:40
湛江幼儿师范专科学校,湛江幼儿师范专科学校,2307,,1785687742612538,纪嘉澍,2023-12-19 14:40,纪嘉澍,2023-12-19 14:40
漳州职业技术学院,漳州职业技术学院,2308,,1785687742611498,纪嘉澍,2023-12-19 14:40,纪嘉澍,2023-12-19 14:40
福州外语外贸学院,福州外语外贸学院,2309,,1785687742611514,纪嘉澍,2023-12-19 14:40,纪嘉澍,2023-12-19 14:40
洛阳一拖职业教育中心,洛阳一拖职业教育中心,2310,,1785687742605354,纪嘉澍,2023-12-19 14:40,纪嘉澍,2023-12-19 14:40
四川水利职业技术学院,四川水利职业技术学院,2311,,1785687742608410,纪嘉澍,2023-12-19 14:40,纪嘉澍,2023-12-19 14:40
温州肯恩大学,温州肯恩大学,2312,,1785687742612554,纪嘉澍,2023-12-19 14:40,纪嘉澍,2023-12-19 14:40
福州墨尔本理工职业学院,福州墨尔本理工职业学院,2313,,1785687742611466,纪嘉澍,2023-12-19 14:40,纪嘉澍,2023-12-19 14:40
黑龙江农垦管理干部学院,黑龙江农垦管理干部学院,2314,,1785687742611482,纪嘉澍,2023-12-19 14:40,纪嘉澍,2023-12-19 14:40
重庆经贸职业学院,重庆经贸职业学院,2315,,1785687742602298,纪嘉澍,2023-12-19 14:40,纪嘉澍,2023-12-19 14:40
金华职业技术学院,金华职业技术学院,2316,,1785687742604346,纪嘉澍,2023-12-19 14:40,纪嘉澍,2023-12-19 14:40
神木职业技术学院,神木职业技术学院,2317,,1785687742605370,纪嘉澍,2023-12-19 14:40,纪嘉澍,2023-12-19 14:40
河北女子职业技术学院,河北女子职业技术学院,2318,,1785687742607370,纪嘉澍,2023-12-19 14:40,纪嘉澍,2023-12-19 14:40
广东食品药品职业学院,广东食品药品职业学院,2319,,1785687742605338,纪嘉澍,2023-12-19 14:40,纪嘉澍,2023-12-19 14:40
浙江广厦建设职业技术学院,浙江广厦建设职业技术学院,2320,,1785687742610474,纪嘉澍,2023-12-19 14:40,纪嘉澍,2023-12-19 14:40
山东胜利职业学院,山东胜利职业学院,2321,,1785687742606378,纪嘉澍,2023-12-19 14:40,纪嘉澍,2023-12-19 14:40
湘潭大学兴湘学院,湘潭大学兴湘学院,2322,,1785687742602250,纪嘉澍,2023-12-19 14:40,纪嘉澍,2023-12-19 14:40
武汉科技职业学院,武汉科技职业学院,2323,,1785687742602266,纪嘉澍,2023-12-19 14:40,纪嘉澍,2023-12-19 14:40
茂名职业技术学院,茂名职业技术学院,2324,,1785687742613562,纪嘉澍,2023-12-19 14:40,纪嘉澍,2023-12-19 14:40
湖州师范学院求真学院,湖州师范学院求真学院,2325,,1785687742603322,纪嘉澍,2023-12-19 14:40,纪嘉澍,2023-12-19 14:40
大连装备制造职业技术学院,大连装备制造职业技术学院,2326,,1785687742606346,纪嘉澍,2023-12-19 14:40,纪嘉澍,2023-12-19 14:40
石家庄信息工程职业学院,石家庄信息工程职业学院,2327,,1785687742610490,纪嘉澍,2023-12-19 14:40,纪嘉澍,2023-12-19 14:40
黑龙江三江美术职业学院,黑龙江三江美术职业学院,2328,,1785687742606362,纪嘉澍,2023-12-19 14:40,纪嘉澍,2023-12-19 14:40
黑龙江幼儿师范高等专科学校,黑龙江幼儿师范高等专科学校,2329,,1785687742612506,纪嘉澍,2023-12-19 14:40,纪嘉澍,2023-12-19 14:40
广西电力职业技术学院,广西电力职业技术学院,2330,,1785687742613530,纪嘉澍,2023-12-19 14:40,纪嘉澍,2023-12-19 14:40
江西枫林涉外经贸职业学院,江西枫林涉外经贸职业学院,2331,,1785687742603274,纪嘉澍,2023-12-19 14:40,纪嘉澍,2023-12-19 14:40
广西外国语学院,广西外国语学院,2332,,1785687742612522,纪嘉澍,2023-12-19 14:40,纪嘉澍,2023-12-19 14:40
山东杏林科技职业学院,山东杏林科技职业学院,2333,,1785687742604298,纪嘉澍,2023-12-19 14:40,纪嘉澍,2023-12-19 14:40
上海民远职业技术学院,上海民远职业技术学院,2334,,1785687742609418,纪嘉澍,2023-12-19 14:40,纪嘉澍,2023-12-19 14:40
甘肃农业职业技术学院,甘肃农业职业技术学院,2335,,1785687742607386,纪嘉澍,2023-12-19 14:40,纪嘉澍,2023-12-19 14:40
泉州轻工职业学院,泉州轻工职业学院,2336,,1785687742609466,纪嘉澍,2023-12-19 14:40,纪嘉澍,2023-12-19 14:40
大理护理职业学院,大理护理职业学院,2337,,1785687742607402,纪嘉澍,2023-12-19 14:40,纪嘉澍,2023-12-19 14:40
渤海理工职业学院,渤海理工职业学院,2338,,1785687742614554,纪嘉澍,2023-12-19 14:40,纪嘉澍,2023-12-19 14:40
南昌教育学院,南昌教育学院,2339,,1785687742605322,纪嘉澍,2023-12-19 14:40,纪嘉澍,2023-12-19 14:40
深圳技术大学,深圳技术大学,2340,,1785687742614538,纪嘉澍,2023-12-19 14:40,纪嘉澍,2023-12-19 14:40
池州职业技术学院,池州职业技术学院,2341,,1785687742604314,纪嘉澍,2023-12-19 14:40,纪嘉澍,2023-12-19 14:40
广西民族大学相思湖学院,广西民族大学相思湖学院,2342,,1785687742608426,纪嘉澍,2023-12-19 14:40,纪嘉澍,2023-12-19 14:40
安徽审计职业学院,安徽审计职业学院,2343,,1785687742607418,纪嘉澍,2023-12-19 14:40,纪嘉澍,2023-12-19 14:40
广东财贸职业学院,广东财贸职业学院,2344,,1785687742606394,纪嘉澍,2023-12-19 14:40,纪嘉澍,2023-12-19 14:40
淄博师范高等专科学校,淄博师范高等专科学校,2345,,1785687742603290,纪嘉澍,2023-12-19 14:40,纪嘉澍,2023-12-19 14:40
浙江大学医学院,浙江大学医学院,2346,,1785687742604330,纪嘉澍,2023-12-19 14:40,纪嘉澍,2023-12-19 14:40
江西软件职业技术大学,江西软件职业技术大学,2347,,1785687742610458,纪嘉澍,2023-12-19 14:40,纪嘉澍,2023-12-19 14:40
太原城市职业技术学院,太原城市职业技术学院,2348,,1785687742603306,纪嘉澍,2023-12-19 14:40,纪嘉澍,2023-12-19 14:40
许昌电气职业学院,许昌电气职业学院,2349,,1785687742609450,纪嘉澍,2023-12-19 14:40,纪嘉澍,2023-12-19 14:40
湖南环境生物职业技术学院,湖南环境生物职业技术学院,2350,,1785687742609434,纪嘉澍,2023-12-19 14:40,纪嘉澍,2023-12-19 14:40
广西经贸职业技术学院,广西经贸职业技术学院,2351,,1785687742608394,纪嘉澍,2023-12-19 14:40,纪嘉澍,2023-12-19 14:40
盐城师范学院黄海学院,盐城师范学院黄海学院,2352,,1785687745266793,纪嘉澍,2023-12-19 14:40,纪嘉澍,2023-12-19 14:40
四川国际标榜职业学院,四川国际标榜职业学院,2353,,1785687745146939,纪嘉澍,2023-12-19 14:40,纪嘉澍,2023-12-19 14:40
浙江工商职业技术学院,浙江工商职业技术学院,2354,,1785687745264729,纪嘉澍,2023-12-19 14:40,纪嘉澍,2023-12-19 14:40
北京体育职业学院,北京体育职业学院,2355,,1785687745273881,纪嘉澍,2023-12-19 14:40,纪嘉澍,2023-12-19 14:40
常州机电职业技术学院,常州机电职业技术学院,2356,,1785687745270905,纪嘉澍,2023-12-19 14:40,纪嘉澍,2023-12-19 14:40
天津音乐学院,天津音乐学院,2357,,1785687745271849,纪嘉澍,2023-12-19 14:40,纪嘉澍,2023-12-19 14:40
绵阳职业技术学院,绵阳职业技术学院,2358,,1785687745148027,纪嘉澍,2023-12-19 14:40,纪嘉澍,2023-12-19 14:40
厦门海洋职业技术学院,厦门海洋职业技术学院,2359,,1785687745261641,纪嘉澍,2023-12-19 14:40,纪嘉澍,2023-12-19 14:40
温州商学院,温州商学院,2360,,1785687745261689,纪嘉澍,2023-12-19 14:40,纪嘉澍,2023-12-19 14:40
包头职业技术学院,包头职业技术学院,2361,,1785687745275929,纪嘉澍,2023-12-19 14:40,纪嘉澍,2023-12-19 14:40
承德护理职业学院,承德护理职业学院,2362,,1785687745262777,纪嘉澍,2023-12-19 14:40,纪嘉澍,2023-12-19 14:40
营口职业技术学院,营口职业技术学院,2363,,1785687745146907,纪嘉澍,2023-12-19 14:40,纪嘉澍,2023-12-19 14:40
香港大学,香港大学,2364,,1785687745265673,纪嘉澍,2023-12-19 14:40,纪嘉澍,2023-12-19 14:40
广东茂名幼儿师范专科学校,广东茂名幼儿师范专科学校,2365,,1785687745260681,纪嘉澍,2023-12-19 14:40,纪嘉澍,2023-12-19 14:40
嘉兴学院南湖学院,嘉兴学院南湖学院,2366,,1785687745264713,纪嘉澍,2023-12-19 14:40,纪嘉澍,2023-12-19 14:40
四川卫生康复职业学院,四川卫生康复职业学院,2367,,1785687745148987,纪嘉澍,2023-12-19 14:40,纪嘉澍,2023-12-19 14:40
广西科技大学鹿山学院,广西科技大学鹿山学院,2368,,1785687745265721,纪嘉澍,2023-12-19 14:40,纪嘉澍,2023-12-19 14:40
渤海船舶职业学院,渤海船舶职业学院,2369,,1785687745271833,纪嘉澍,2023-12-19 14:40,纪嘉澍,2023-12-19 14:40
达州职业技术学院,达州职业技术学院,2370,,1785687745266777,纪嘉澍,2023-12-19 14:40,纪嘉澍,2023-12-19 14:40
河北科技学院,河北科技学院,2371,,1785687745147995,纪嘉澍,2023-12-19 14:40,纪嘉澍,2023-12-19 14:40
四川文轩职业学院,四川文轩职业学院,2372,,1785687745260713,纪嘉澍,2023-12-19 14:40,纪嘉澍,2023-12-19 14:40
大理农林职业技术学院,大理农林职业技术学院,2373,,1785687745273897,纪嘉澍,2023-12-19 14:40,纪嘉澍,2023-12-19 14:40
商洛职业技术学院,商洛职业技术学院,2374,,1785687745265689,纪嘉澍,2023-12-19 14:40,纪嘉澍,2023-12-19 14:40
公安消防部队高等专科学校,公安消防部队高等专科学校,2375,,1785687745274969,纪嘉澍,2023-12-19 14:40,纪嘉澍,2023-12-19 14:40
湖南铁路科技职业技术学院,湖南铁路科技职业技术学院,2376,,1785687745268857,纪嘉澍,2023-12-19 14:40,纪嘉澍,2023-12-19 14:40
广西建设职业技术学院,广西建设职业技术学院,2377,,1785687745148955,纪嘉澍,2023-12-19 14:40,纪嘉澍,2023-12-19 14:40
厦门理工学院软件工程学院,厦门理工学院软件工程学院,2378,,1785687745268809,纪嘉澍,2023-12-19 14:40,纪嘉澍,2023-12-19 14:40
承德应用技术职业学院,承德应用技术职业学院,2379,,1785687745259705,纪嘉澍,2023-12-19 14:40,纪嘉澍,2023-12-19 14:40
安徽大学江淮学院,安徽大学江淮学院,2380,,1785687745259657,纪嘉澍,2023-12-19 14:40,纪嘉澍,2023-12-19 14:40
河南林业职业学院,河南林业职业学院,2381,,1785687745146923,纪嘉澍,2023-12-19 14:40,纪嘉澍,2023-12-19 14:40
黑龙江公安警官职业学院,黑龙江公安警官职业学院,2382,,1785687745260729,纪嘉澍,2023-12-19 14:40,纪嘉澍,2023-12-19 14:40
泉州经贸职业技术学院,泉州经贸职业技术学院,2383,,1785687745272953,纪嘉澍,2023-12-19 14:40,纪嘉澍,2023-12-19 14:40
白城医学高等专科学校,白城医学高等专科学校,2384,,1785687745266761,纪嘉澍,2023-12-19 14:40,纪嘉澍,2023-12-19 14:40
苏州工业园区职业技术学院,苏州工业园区职业技术学院,2385,,1785687745262761,纪嘉澍,2023-12-19 14:40,纪嘉澍,2023-12-19 14:40
曲阜远东职业技术学院,曲阜远东职业技术学院,2386,,1785687745270873,纪嘉澍,2023-12-19 14:40,纪嘉澍,2023-12-19 14:40
山东中医药高等专科学校,山东中医药高等专科学校,2387,,1785687745275001,纪嘉澍,2023-12-19 14:40,纪嘉澍,2023-12-19 14:40
安徽交通职业技术学院,安徽交通职业技术学院,2388,,1785687745272921,纪嘉澍,2023-12-19 14:40,纪嘉澍,2023-12-19 14:40
武汉海事职业学院,武汉海事职业学院,2389,,1785687745267769,纪嘉澍,2023-12-19 14:40,纪嘉澍,2023-12-19 14:40
白城职业技术学院,白城职业技术学院,2390,,1785687745271865,纪嘉澍,2023-12-19 14:40,纪嘉澍,2023-12-19 14:40
红河卫生职业学院,红河卫生职业学院,2391,,1785687745268825,纪嘉澍,2023-12-19 14:40,纪嘉澍,2023-12-19 14:40
陕西电子信息职业技术学院,陕西电子信息职业技术学院,2392,,1785687745263737,纪嘉澍,2023-12-19 14:40,纪嘉澍,2023-12-19 14:40
金肯职业技术学院,金肯职业技术学院,2393,,1785687745145963,纪嘉澍,2023-12-19 14:40,纪嘉澍,2023-12-19 14:40
河北轨道运输职业技术学院,河北轨道运输职业技术学院,2394,,1785687745263753,纪嘉澍,2023-12-19 14:40,纪嘉澍,2023-12-19 14:40
重庆海联职业技术学院,重庆海联职业技术学院,2395,,1785687745272905,纪嘉澍,2023-12-19 14:40,纪嘉澍,2023-12-19 14:40
石家庄工商职业学院,石家庄工商职业学院,2396,,1785687745267753,纪嘉澍,2023-12-19 14:40,纪嘉澍,2023-12-19 14:40
山东外国语职业技术大学,山东外国语职业技术大学,2397,,1785687745274985,纪嘉澍,2023-12-19 14:40,纪嘉澍,2023-12-19 14:40
许昌陶瓷职业学院,许昌陶瓷职业学院,2398,,1785687745268841,纪嘉澍,2023-12-19 14:40,纪嘉澍,2023-12-19 14:40
铜仁职业技术学院,铜仁职业技术学院,2399,,1785687745266809,纪嘉澍,2023-12-19 14:40,纪嘉澍,2023-12-19 14:40
辽宁体育运动职业技术学院,辽宁体育运动职业技术学院,2400,,1785687745148971,纪嘉澍,2023-12-19 14:40,纪嘉澍,2023-12-19 14:40
重庆机电职业技术大学,重庆机电职业技术大学,2401,,1785687745262729,纪嘉澍,2023-12-19 14:40,纪嘉澍,2023-12-19 14:40
澳门镜湖护理学院,澳门镜湖护理学院,2402,,1785687776616537,纪嘉澍,2023-12-19 14:40,纪嘉澍,2023-12-19 14:40
江西工业工程职业技术学院,江西工业工程职业技术学院,2403,,1785687776832560,纪嘉澍,2023-12-19 14:40,纪嘉澍,2023-12-19 14:40
天津交通职业学院,天津交通职业学院,2404,,1785687776616553,纪嘉澍,2023-12-19 14:40,纪嘉澍,2023-12-19 14:40
上海邦德职业技术学院,上海邦德职业技术学院,2405,,1785687776617625,纪嘉澍,2023-12-19 14:40,纪嘉澍,2023-12-19 14:40
新疆政法学院,新疆政法学院,2406,,1785687776832544,纪嘉澍,2023-12-19 14:40,纪嘉澍,2023-12-19 14:40
福州软件职业技术学院,福州软件职业技术学院,2407,,1785687776617641,纪嘉澍,2023-12-19 14:40,纪嘉澍,2023-12-19 14:40
商丘职业技术学院,商丘职业技术学院,2408,,1785687776823344,纪嘉澍,2023-12-19 14:40,纪嘉澍,2023-12-19 14:40
大连医科大学中山学院,大连医科大学中山学院,2409,,1785687776824320,纪嘉澍,2023-12-19 14:40,纪嘉澍,2023-12-19 14:40
濮阳职业技术学院,濮阳职业技术学院,2410,,1785687776825376,纪嘉澍,2023-12-19 14:40,纪嘉澍,2023-12-19 14:40
上海城建职业学院,上海城建职业学院,2411,,1785687776830496,纪嘉澍,2023-12-19 14:40,纪嘉澍,2023-12-19 14:40
杭州师范大学钱江学院,杭州师范大学钱江学院,2412,,1785687776826400,纪嘉澍,2023-12-19 14:40,纪嘉澍,2023-12-19 14:40
盐城工业职业技术学院,盐城工业职业技术学院,2413,,1785687776824368,纪嘉澍,2023-12-19 14:40,纪嘉澍,2023-12-19 14:40
湖南信息职业技术学院,湖南信息职业技术学院,2414,,1785687776617657,纪嘉澍,2023-12-19 14:40,纪嘉澍,2023-12-19 14:40
赣西科技职业学院,赣西科技职业学院,2415,,1785687776830512,纪嘉澍,2023-12-19 14:40,纪嘉澍,2023-12-19 14:40
菏泽家政职业学院,菏泽家政职业学院,2416,,1785687776832528,纪嘉澍,2023-12-19 14:40,纪嘉澍,2023-12-19 14:40
山西财经大学中德学院,山西财经大学中德学院,2417,,1785687776615465,纪嘉澍,2023-12-19 14:40,纪嘉澍,2023-12-19 14:40
苏州高博软件技术职业学院,苏州高博软件技术职业学院,2418,,1785687776827408,纪嘉澍,2023-12-19 14:40,纪嘉澍,2023-12-19 14:40
江西工程学院,江西工程学院,2419,,1785687776825392,纪嘉澍,2023-12-19 14:40,纪嘉澍,2023-12-19 14:40
云南国土资源职业学院,云南国土资源职业学院,2420,,1785687776615433,纪嘉澍,2023-12-19 14:40,纪嘉澍,2023-12-19 14:40
榆林职业技术学院,榆林职业技术学院,2421,,1785687776615481,纪嘉澍,2023-12-19 14:40,纪嘉澍,2023-12-19 14:40
合肥信息技术职业学院,合肥信息技术职业学院,2422,,1785687776827440,纪嘉澍,2023-12-19 14:40,纪嘉澍,2023-12-19 14:40
山东信息职业技术学院,山东信息职业技术学院,2423,,1785687776616569,纪嘉澍,2023-12-19 14:40,纪嘉澍,2023-12-19 14:40
德阳城市轨道交通职业学院,德阳城市轨道交通职业学院,2424,,1785687776824336,纪嘉澍,2023-12-19 14:40,纪嘉澍,2023-12-19 14:40
江西农业工程职业学院,江西农业工程职业学院,2425,,1785687776823296,纪嘉澍,2023-12-19 14:40,纪嘉澍,2023-12-19 14:40
北海职业学院,北海职业学院,2426,,1785687776827392,纪嘉澍,2023-12-19 14:40,纪嘉澍,2023-12-19 14:40
湘西民族职业技术学院,湘西民族职业技术学院,2427,,1785687776831536,纪嘉澍,2023-12-19 14:40,纪嘉澍,2023-12-19 14:40
山东理工职业学院,山东理工职业学院,2428,,1785687776833536,纪嘉澍,2023-12-19 14:40,纪嘉澍,2023-12-19 14:40
运城师范高等专科学校,运城师范高等专科学校,2429,,1785687776823312,纪嘉澍,2023-12-19 14:40,纪嘉澍,2023-12-19 14:40
吉林交通职业技术学院,吉林交通职业技术学院,2430,,1785687776831488,纪嘉澍,2023-12-19 14:40,纪嘉澍,2023-12-19 14:40
宿迁职业技术学院,宿迁职业技术学院,2431,,1785687776825344,纪嘉澍,2023-12-19 14:40,纪嘉澍,2023-12-19 14:40
合肥财经职业学院,合肥财经职业学院,2432,,1785687776833552,纪嘉澍,2023-12-19 14:40,纪嘉澍,2023-12-19 14:40
云南民族大学应用技术学院,云南民族大学应用技术学院,2433,,1785687776828528,纪嘉澍,2023-12-19 14:40,纪嘉澍,2023-12-19 14:40
大同师范高等专科学校,大同师范高等专科学校,2434,,1785687776831504,纪嘉澍,2023-12-19 14:40,纪嘉澍,2023-12-19 14:40
北京经济管理职业学院,北京经济管理职业学院,2435,,1785687776826384,纪嘉澍,2023-12-19 14:40,纪嘉澍,2023-12-19 14:40
和田师范专科学校,和田师范专科学校,2436,,1785687776832512,纪嘉澍,2023-12-19 14:40,纪嘉澍,2023-12-19 14:40
景德镇陶瓷职业技术学院,景德镇陶瓷职业技术学院,2437,,1785687776831520,纪嘉澍,2023-12-19 14:40,纪嘉澍,2023-12-19 14:40
江西旅游商贸职业学院,江西旅游商贸职业学院,2438,,1785687776826368,纪嘉澍,2023-12-19 14:40,纪嘉澍,2023-12-19 14:40
沈阳工学院,沈阳工学院,2439,,1785687776828496,纪嘉澍,2023-12-19 14:40,纪嘉澍,2023-12-19 14:40
四川城市职业学院,四川城市职业学院,2440,,1785687776828512,纪嘉澍,2023-12-19 14:40,纪嘉澍,2023-12-19 14:40
青海卫生职业技术学院,青海卫生职业技术学院,2441,,1785687776826416,纪嘉澍,2023-12-19 14:40,纪嘉澍,2023-12-19 14:40
山西财贸职业技术学院,山西财贸职业技术学院,2442,,1785687776830464,纪嘉澍,2023-12-19 14:40,纪嘉澍,2023-12-19 14:40
泉州纺织服装职业学院,泉州纺织服装职业学院,2443,,1785687776825360,纪嘉澍,2023-12-19 14:40,纪嘉澍,2023-12-19 14:40
辽河石油职业技术学院,辽河石油职业技术学院,2444,,1785687776615449,纪嘉澍,2023-12-19 14:40,纪嘉澍,2023-12-19 14:40
江西服装学院,江西服装学院,2445,,1785687776830480,纪嘉澍,2023-12-19 14:40,纪嘉澍,2023-12-19 14:40
菏泽职业学院,菏泽职业学院,2446,,1785687776823328,纪嘉澍,2023-12-19 14:40,纪嘉澍,2023-12-19 14:40
广东舞蹈戏剧职业学院,广东舞蹈戏剧职业学院,2447,,1785687776616521,纪嘉澍,2023-12-19 14:40,纪嘉澍,2023-12-19 14:40
湖北体育职业学院,湖北体育职业学院,2448,,1785687776824352,纪嘉澍,2023-12-19 14:40,纪嘉澍,2023-12-19 14:40
安庆医药高等专科学校,安庆医药高等专科学校,2449,,1785687776617609,纪嘉澍,2023-12-19 14:40,纪嘉澍,2023-12-19 14:40
安徽国防科技职业学院,安徽国防科技职业学院,2450,,1785687776827424,纪嘉澍,2023-12-19 14:40,纪嘉澍,2023-12-19 14:40
桐城师范高等专科学校,桐城师范高等专科学校,2451,,1785687776828480,纪嘉澍,2023-12-19 14:40,纪嘉澍,2023-12-19 14:40
中国人民解放军空军指挥学院,中国人民解放军空军指挥学院,2452,,1785687742755001,纪嘉澍,2023-12-19 14:40,纪嘉澍,2023-12-19 14:40
鄂尔多斯应用技术学院,鄂尔多斯应用技术学院,2453,,1785687742751897,纪嘉澍,2023-12-19 14:40,纪嘉澍,2023-12-19 14:40
黑龙江农垦科技职业学院,黑龙江农垦科技职业学院,2454,,1785687742758953,纪嘉澍,2023-12-19 14:40,纪嘉澍,2023-12-19 14:40
江苏联合职业技术学院,江苏联合职业技术学院,2455,,1785687742759993,纪嘉澍,2023-12-19 14:40,纪嘉澍,2023-12-19 14:40
广西现代职业技术学院,广西现代职业技术学院,2456,,1785687742753945,纪嘉澍,2023-12-19 14:40,纪嘉澍,2023-12-19 14:40
安徽工业职业技术学院,安徽工业职业技术学院,2457,,1785687742756969,纪嘉澍,2023-12-19 14:40,纪嘉澍,2023-12-19 14:40
香港浸会大学,香港浸会大学,2458,,1785687742761017,纪嘉澍,2023-12-19 14:40,纪嘉澍,2023-12-19 14:40
石家庄科技信息职业学院,石家庄科技信息职业学院,2459,,1785687742763065,纪嘉澍,2023-12-19 14:40,纪嘉澍,2023-12-19 14:40
克孜勒苏职业技术学院,克孜勒苏职业技术学院,2460,,1785687742759961,纪嘉澍,2023-12-19 14:40,纪嘉澍,2023-12-19 14:40
共青科技职业学院,共青科技职业学院,2461,,1785687742759977,纪嘉澍,2023-12-19 14:40,纪嘉澍,2023-12-19 14:40
德州职业技术学院,德州职业技术学院,2462,,1785687742758969,纪嘉澍,2023-12-19 14:40,纪嘉澍,2023-12-19 14:40
吉林省经济管理干部学院,吉林省经济管理干部学院,2463,,1785687742754969,纪嘉澍,2023-12-19 14:40,纪嘉澍,2023-12-19 14:40
新疆第二医学院,新疆第二医学院,2464,,1785687742758921,纪嘉澍,2023-12-19 14:40,纪嘉澍,2023-12-19 14:40
达州中医药职业学院,达州中医药职业学院,2465,,1785687742757929,纪嘉澍,2023-12-19 14:40,纪嘉澍,2023-12-19 14:40
哈尔滨华德学院,哈尔滨华德学院,2466,,1785687742757897,纪嘉澍,2023-12-19 14:40,纪嘉澍,2023-12-19 14:40
福建水利电力职业技术学院,福建水利电力职业技术学院,2467,,1785687742763033,纪嘉澍,2023-12-19 14:40,纪嘉澍,2023-12-19 14:40
河南科技学院新科学院,河南科技学院新科学院,2468,,1785687742753961,纪嘉澍,2023-12-19 14:40,纪嘉澍,2023-12-19 14:40
乌兰察布医学高等专科学校,乌兰察布医学高等专科学校,2469,,1785687742763049,纪嘉澍,2023-12-19 14:40,纪嘉澍,2023-12-19 14:40
海南大学应用科技学院,海南大学应用科技学院,2470,,1785687742615610,纪嘉澍,2023-12-19 14:40,纪嘉澍,2023-12-19 14:40
甘肃医学院,甘肃医学院,2471,,1785687742617626,纪嘉澍,2023-12-19 14:40,纪嘉澍,2023-12-19 14:40
黑龙江商业职业学院,黑龙江商业职业学院,2472,,1785687742757913,纪嘉澍,2023-12-19 14:40,纪嘉澍,2023-12-19 14:40
安徽医科大学临床医学院,安徽医科大学临床医学院,2473,,1785687742760969,纪嘉澍,2023-12-19 14:40,纪嘉澍,2023-12-19 14:40
云南工程职业学院,云南工程职业学院,2474,,1785687742756025,纪嘉澍,2023-12-19 14:40,纪嘉澍,2023-12-19 14:40
云南机电职业技术学院,云南机电职业技术学院,2475,,1785687742616634,纪嘉澍,2023-12-19 14:40,纪嘉澍,2023-12-19 14:40
上海中华职业技术学院,上海中华职业技术学院,2476,,1785687742615594,纪嘉澍,2023-12-19 14:40,纪嘉澍,2023-12-19 14:40
湖北职业技术学院,湖北职业技术学院,2477,,1785687742761993,纪嘉澍,2023-12-19 14:40,纪嘉澍,2023-12-19 14:40
闽江师范高等专科学校,闽江师范高等专科学校,2478,,1785687742756937,纪嘉澍,2023-12-19 14:40,纪嘉澍,2023-12-19 14:40
湖南师范大学树达学院,湖南师范大学树达学院,2479,,1785687742754985,纪嘉澍,2023-12-19 14:40,纪嘉澍,2023-12-19 14:40
黑龙江省教育学院,黑龙江省教育学院,2480,,1785687742752841,纪嘉澍,2023-12-19 14:40,纪嘉澍,2023-12-19 14:40
长春健康职业学院,长春健康职业学院,2481,,1785687742762041,纪嘉澍,2023-12-19 14:40,纪嘉澍,2023-12-19 14:40
山东外贸职业学院,山东外贸职业学院,2482,,1785687742753929,纪嘉澍,2023-12-19 14:40,纪嘉澍,2023-12-19 14:40
广西水利电力职业技术学院,广西水利电力职业技术学院,2483,,1785687742754953,纪嘉澍,2023-12-19 14:40,纪嘉澍,2023-12-19 14:40
青海警官职业学院,青海警官职业学院,2484,,1785687742762009,纪嘉澍,2023-12-19 14:40,纪嘉澍,2023-12-19 14:40
山东经贸职业学院,山东经贸职业学院,2485,,1785687742751929,纪嘉澍,2023-12-19 14:40,纪嘉澍,2023-12-19 14:40
兰州资源环境职业技术学院,兰州资源环境职业技术学院,2486,,1785687742758937,纪嘉澍,2023-12-19 14:40,纪嘉澍,2023-12-19 14:40
安徽长江职业学院,安徽长江职业学院,2487,,1785687742762025,纪嘉澍,2023-12-19 14:40,纪嘉澍,2023-12-19 14:40
嵩山少林武术职业学院,嵩山少林武术职业学院,2488,,1785687742617642,纪嘉澍,2023-12-19 14:40,纪嘉澍,2023-12-19 14:40
哈尔滨音乐学院,哈尔滨音乐学院,2489,,1785687742617610,纪嘉澍,2023-12-19 14:40,纪嘉澍,2023-12-19 14:40
郑州信息工程职业学院,郑州信息工程职业学院,2490,,1785687742616602,纪嘉澍,2023-12-19 14:40,纪嘉澍,2023-12-19 14:40
湖北工程职业学院,湖北工程职业学院,2491,,1785687742752857,纪嘉澍,2023-12-19 14:40,纪嘉澍,2023-12-19 14:40
邵阳医学高等专科学校,邵阳医学高等专科学校,2492,,1785687742751881,纪嘉澍,2023-12-19 14:40,纪嘉澍,2023-12-19 14:40
河南信息统计职业学院,河南信息统计职业学院,2493,,1785687742757945,纪嘉澍,2023-12-19 14:40,纪嘉澍,2023-12-19 14:40
陕西工运学院,陕西工运学院,2494,,1785687742756009,纪嘉澍,2023-12-19 14:40,纪嘉澍,2023-12-19 14:40
浙江交通职业技术学院,浙江交通职业技术学院,2495,,1785687742752873,纪嘉澍,2023-12-19 14:40,纪嘉澍,2023-12-19 14:40
广东东软学院,广东东软学院,2496,,1785687742761001,纪嘉澍,2023-12-19 14:40,纪嘉澍,2023-12-19 14:40
北京培黎职业学院,北京培黎职业学院,2497,,1785687742751913,纪嘉澍,2023-12-19 14:40,纪嘉澍,2023-12-19 14:40
唐山职业技术学院,唐山职业技术学院,2498,,1785687742616618,纪嘉澍,2023-12-19 14:40,纪嘉澍,2023-12-19 14:40
甘肃工业职业技术学院,甘肃工业职业技术学院,2499,,1785687742755993,纪嘉澍,2023-12-19 14:40,纪嘉澍,2023-12-19 14:40
贵州工业职业技术学院,贵州工业职业技术学院,2500,,1785687742753977,纪嘉澍,2023-12-19 14:40,纪嘉澍,2023-12-19 14:40
北京舞蹈学院,北京舞蹈学院,2501,,1785687742756953,纪嘉澍,2023-12-19 14:40,纪嘉澍,2023-12-19 14:40
南华大学船山学院,南华大学船山学院,2502,,1785687777012747,纪嘉澍,2023-12-19 14:40,纪嘉澍,2023-12-19 14:40
陕西铁路工程职业技术学院,陕西铁路工程职业技术学院,2503,,1785687777007675,纪嘉澍,2023-12-19 14:40,纪嘉澍,2023-12-19 14:40
东华理工大学长江学院,东华理工大学长江学院,2504,,1785687777012763,纪嘉澍,2023-12-19 14:40,纪嘉澍,2023-12-19 14:40
黑龙江农垦职业学院,黑龙江农垦职业学院,2505,,1785687777010715,纪嘉澍,2023-12-19 14:40,纪嘉澍,2023-12-19 14:40
西安汽车职业大学,西安汽车职业大学,2506,,1785687777005579,纪嘉澍,2023-12-19 14:40,纪嘉澍,2023-12-19 14:40
江西冶金职业技术学院,江西冶金职业技术学院,2507,,1785687777001707,纪嘉澍,2023-12-19 14:40,纪嘉澍,2023-12-19 14:40
甘肃机电职业技术学院,甘肃机电职业技术学院,2508,,1785687777014811,纪嘉澍,2023-12-19 14:40,纪嘉澍,2023-12-19 14:40
海南政法职业学院,海南政法职业学院,2509,,1785687777002731,纪嘉澍,2023-12-19 14:40,纪嘉澍,2023-12-19 14:40
黑龙江生态工程职业学院,黑龙江生态工程职业学院,2510,,1785687777010747,纪嘉澍,2023-12-19 14:40,纪嘉澍,2023-12-19 14:40
福建教育学院,福建教育学院,2511,,1785687777002747,纪嘉澍,2023-12-19 14:40,纪嘉澍,2023-12-19 14:40
四川电影电视学院,四川电影电视学院,2512,,1785687777003707,纪嘉澍,2023-12-19 14:40,纪嘉澍,2023-12-19 14:40
深圳北理莫斯科大学,深圳北理莫斯科大学,2513,,1785687777013787,纪嘉澍,2023-12-19 14:40,纪嘉澍,2023-12-19 14:40
天府新区信息职业学院,天府新区信息职业学院,2514,,1785687777012779,纪嘉澍,2023-12-19 14:40,纪嘉澍,2023-12-19 14:40
黑龙江交通职业技术学院,黑龙江交通职业技术学院,2515,,1785687777005611,纪嘉澍,2023-12-19 14:40,纪嘉澍,2023-12-19 14:40
长沙航空职业技术学院,长沙航空职业技术学院,2516,,1785687777006651,纪嘉澍,2023-12-19 14:40,纪嘉澍,2023-12-19 14:40
河南质量工程职业学院,河南质量工程职业学院,2517,,1785687777011755,纪嘉澍,2023-12-19 14:40,纪嘉澍,2023-12-19 14:40
四川希望汽车职业学院,四川希望汽车职业学院,2518,,1785687777012795,纪嘉澍,2023-12-19 14:40,纪嘉澍,2023-12-19 14:40
广东碧桂园职业学院,广东碧桂园职业学院,2519,,1785687777013803,纪嘉澍,2023-12-19 14:40,纪嘉澍,2023-12-19 14:40
浙江体育职业技术学院,浙江体育职业技术学院,2520,,1785687777009707,纪嘉澍,2023-12-19 14:40,纪嘉澍,2023-12-19 14:40
山西应用科技学院,山西应用科技学院,2521,,1785687777008747,纪嘉澍,2023-12-19 14:40,纪嘉澍,2023-12-19 14:40
河北地质职工大学,河北地质职工大学,2522,,1785687777005595,纪嘉澍,2023-12-19 14:40,纪嘉澍,2023-12-19 14:40
玉柴职业技术学院,玉柴职业技术学院,2523,,1785687777003659,纪嘉澍,2023-12-19 14:40,纪嘉澍,2023-12-19 14:40
云南司法警官职业学院,云南司法警官职业学院,2524,,1785687777014843,纪嘉澍,2023-12-19 14:40,纪嘉澍,2023-12-19 14:40
山东工业职业学院,山东工业职业学院,2525,,1785687777009675,纪嘉澍,2023-12-19 14:40,纪嘉澍,2023-12-19 14:40
沧州医学高等专科学校,沧州医学高等专科学校,2526,,1785687777008731,纪嘉澍,2023-12-19 14:40,纪嘉澍,2023-12-19 14:40
北京警察学院,北京警察学院,2527,,1785687777014827,纪嘉澍,2023-12-19 14:40,纪嘉澍,2023-12-19 14:40
中国人民解放军空军第一航空学院,中国人民解放军空军第一航空学院,2528,,1785687777011739,纪嘉澍,2023-12-19 14:40,纪嘉澍,2023-12-19 14:40
巴中职业技术学院,巴中职业技术学院,2529,,1785687777006619,纪嘉澍,2023-12-19 14:40,纪嘉澍,2023-12-19 14:40
云南特殊教育职业学院,云南特殊教育职业学院,2530,,1785687777008715,纪嘉澍,2023-12-19 14:40,纪嘉澍,2023-12-19 14:40
辽宁医药职业学院,辽宁医药职业学院,2531,,1785687777009691,纪嘉澍,2023-12-19 14:40,纪嘉澍,2023-12-19 14:40
黄河水利职业技术学院,黄河水利职业技术学院,2532,,1785687777007627,纪嘉澍,2023-12-19 14:40,纪嘉澍,2023-12-19 14:40
湖南应用技术学院,湖南应用技术学院,2533,,1785687777007659,纪嘉澍,2023-12-19 14:40,纪嘉澍,2023-12-19 14:40
上海体育大学,上海体育大学,2534,,1785687777010731,纪嘉澍,2023-12-19 14:40,纪嘉澍,2023-12-19 14:40
中国人民武装警察部队警种指挥学院,中国人民武装警察部队警种指挥学院,2535,,1785687777013771,纪嘉澍,2023-12-19 14:40,纪嘉澍,2023-12-19 14:40
河南交通职业技术学院,河南交通职业技术学院,2536,,1785687777002715,纪嘉澍,2023-12-19 14:40,纪嘉澍,2023-12-19 14:40
中国人民解放军战略支援部队航天工程大学,中国人民解放军战略支援部队航天工程大学,2537,,1785687777003675,纪嘉澍,2023-12-19 14:40,纪嘉澍,2023-12-19 14:40
陇南师范高等专科学校,陇南师范高等专科学校,2538,,1785687777006603,纪嘉澍,2023-12-19 14:40,纪嘉澍,2023-12-19 14:40
广西经济职业学院,广西经济职业学院,2539,,1785687777007643,纪嘉澍,2023-12-19 14:40,纪嘉澍,2023-12-19 14:40
贵州医科大学神奇民族医药学院,贵州医科大学神奇民族医药学院,2540,,1785687777006635,纪嘉澍,2023-12-19 14:40,纪嘉澍,2023-12-19 14:40
厦门兴才职业技术学院,厦门兴才职业技术学院,2541,,1785687777011723,纪嘉澍,2023-12-19 14:40,纪嘉澍,2023-12-19 14:40
辽宁地质工程职业学院,辽宁地质工程职业学院,2542,,1785687777011771,纪嘉澍,2023-12-19 14:40,纪嘉澍,2023-12-19 14:40
云南艺术学院,云南艺术学院,2543,,1785687777001723,纪嘉澍,2023-12-19 14:40,纪嘉澍,2023-12-19 14:40
惠州工程职业学院,惠州工程职业学院,2544,,1785687777008763,纪嘉澍,2023-12-19 14:40,纪嘉澍,2023-12-19 14:40
闽北职业技术学院,闽北职业技术学院,2545,,1785687777013819,纪嘉澍,2023-12-19 14:40,纪嘉澍,2023-12-19 14:40
辽宁理工职业学院,辽宁理工职业学院,2546,,1785687777010699,纪嘉澍,2023-12-19 14:40,纪嘉澍,2023-12-19 14:40
江西航空职业技术学院,江西航空职业技术学院,2547,,1785687777005627,纪嘉澍,2023-12-19 14:40,纪嘉澍,2023-12-19 14:40
香港中文大学,香港中文大学,2548,,1785687777002763,纪嘉澍,2023-12-19 14:40,纪嘉澍,2023-12-19 14:40
上海思博职业技术学院,上海思博职业技术学院,2549,,1785687777014795,纪嘉澍,2023-12-19 14:40,纪嘉澍,2023-12-19 14:40
桂林理工大学博文管理学院,桂林理工大学博文管理学院,2550,,1785687777003691,纪嘉澍,2023-12-19 14:40,纪嘉澍,2023-12-19 14:40
安顺职业技术学院,安顺职业技术学院,2551,,1785687777009723,纪嘉澍,2023-12-19 14:40,纪嘉澍,2023-12-19 14:40
洛阳职业技术学院,洛阳职业技术学院,2552,,1785687777153051,纪嘉澍,2023-12-19 14:40,纪嘉澍,2023-12-19 14:40
辽宁省交通高等专科学校,辽宁省交通高等专科学校,2553,,1785687777101881,纪嘉澍,2023-12-19 14:40,纪嘉澍,2023-12-19 14:40
郑州西亚斯学院,郑州西亚斯学院,2554,,1785687777151035,纪嘉澍,2023-12-19 14:40,纪嘉澍,2023-12-19 14:40
天津生物工程职业技术学院,天津生物工程职业技术学院,2555,,1785687777152043,纪嘉澍,2023-12-19 14:40,纪嘉澍,2023-12-19 14:40
湖北中医药大学生物医药工程学院,湖北中医药大学生物医药工程学院,2556,,1785687777155115,纪嘉澍,2023-12-19 14:40,纪嘉澍,2023-12-19 14:40
郑州卫生健康职业学院,郑州卫生健康职业学院,2557,,1785687777153067,纪嘉澍,2023-12-19 14:40,纪嘉澍,2023-12-19 14:40
新疆应用职业技术学院,新疆应用职业技术学院,2558,,1785687777147931,纪嘉澍,2023-12-19 14:40,纪嘉澍,2023-12-19 14:40
贵州师范大学求是学院,贵州师范大学求是学院,2559,,1785687777147947,纪嘉澍,2023-12-19 14:40,纪嘉澍,2023-12-19 14:40
长白山职业技术学院,长白山职业技术学院,2560,,1785687777147963,纪嘉澍,2023-12-19 14:40,纪嘉澍,2023-12-19 14:40
山东职业学院,山东职业学院,2561,,1785687777152027,纪嘉澍,2023-12-19 14:40,纪嘉澍,2023-12-19 14:40
长江工程职业技术学院,长江工程职业技术学院,2562,,1785687777149979,纪嘉澍,2023-12-19 14:40,纪嘉澍,2023-12-19 14:40
上海工会管理职业学院,上海工会管理职业学院,2563,,1785687777146907,纪嘉澍,2023-12-19 14:40,纪嘉澍,2023-12-19 14:40
武警广州指挥学院,武警广州指挥学院,2564,,1785687777155099,纪嘉澍,2023-12-19 14:40,纪嘉澍,2023-12-19 14:40
资阳环境科技职业学院,资阳环境科技职业学院,2565,,1785687777153083,纪嘉澍,2023-12-19 14:40,纪嘉澍,2023-12-19 14:40
武警北京指挥学院,武警北京指挥学院,2566,,1785687777145883,纪嘉澍,2023-12-19 14:40,纪嘉澍,2023-12-19 14:40
云南现代职业技术学院,云南现代职业技术学院,2567,,1785687777152059,纪嘉澍,2023-12-19 14:40,纪嘉澍,2023-12-19 14:40
厦门南洋职业学院,厦门南洋职业学院,2568,,1785687777148955,纪嘉澍,2023-12-19 14:40,纪嘉澍,2023-12-19 14:40
云南农业职业技术学院,云南农业职业技术学院,2569,,1785687777156139,纪嘉澍,2023-12-19 14:40,纪嘉澍,2023-12-19 14:40
民办安徽旅游职业学院,民办安徽旅游职业学院,2570,,1785687777145867,纪嘉澍,2023-12-19 14:40,纪嘉澍,2023-12-19 14:40
广州商学院,广州商学院,2571,,1785687777149963,纪嘉澍,2023-12-19 14:40,纪嘉澍,2023-12-19 14:40
上海建峰职业技术学院,上海建峰职业技术学院,2572,,1785687777147915,纪嘉澍,2023-12-19 14:40,纪嘉澍,2023-12-19 14:40
福建商学院,福建商学院,2573,,1785687777154059,纪嘉澍,2023-12-19 14:40,纪嘉澍,2023-12-19 14:40
安阳幼儿师范高等专科学校,安阳幼儿师范高等专科学校,2574,,1785687777156123,纪嘉澍,2023-12-19 14:40,纪嘉澍,2023-12-19 14:40
安徽经济管理干部学院,安徽经济管理干部学院,2575,,1785687777154107,纪嘉澍,2023-12-19 14:40,纪嘉澍,2023-12-19 14:40
云南医药健康职业学院,云南医药健康职业学院,2576,,1785687777154091,纪嘉澍,2023-12-19 14:40,纪嘉澍,2023-12-19 14:40
四川托普信息技术职业学院,四川托普信息技术职业学院,2577,,1785687777144891,纪嘉澍,2023-12-19 14:40,纪嘉澍,2023-12-19 14:40
厦门华天涉外职业技术学院,厦门华天涉外职业技术学院,2578,,1785687777153099,纪嘉澍,2023-12-19 14:40,纪嘉澍,2023-12-19 14:40
中国人民解放军陆军特种作战学院,中国人民解放军陆军特种作战学院,2579,,1785687777146923,纪嘉澍,2023-12-19 14:40,纪嘉澍,2023-12-19 14:40
昆山登云科技职业学院,昆山登云科技职业学院,2580,,1785687777152011,纪嘉澍,2023-12-19 14:40,纪嘉澍,2023-12-19 14:40
青岛求实职业技术学院,青岛求实职业技术学院,2581,,1785687777155083,纪嘉澍,2023-12-19 14:40,纪嘉澍,2023-12-19 14:40
朝阳师范高等专科学校,朝阳师范高等专科学校,2582,,1785687777148971,纪嘉澍,2023-12-19 14:40,纪嘉澍,2023-12-19 14:40
辽宁商贸职业学院,辽宁商贸职业学院,2583,,1785687777144843,纪嘉澍,2023-12-19 14:40,纪嘉澍,2023-12-19 14:40
河北软件职业技术学院,河北软件职业技术学院,2584,,1785687777148987,纪嘉澍,2023-12-19 14:40,纪嘉澍,2023-12-19 14:40
内蒙古民族幼儿师范高等专科学校,内蒙古民族幼儿师范高等专科学校,2585,,1785687777151003,纪嘉澍,2023-12-19 14:40,纪嘉澍,2023-12-19 14:40
长垣烹饪职业技术学院,长垣烹饪职业技术学院,2586,,1785687777145915,纪嘉澍,2023-12-19 14:40,纪嘉澍,2023-12-19 14:40
锦州医科大学医疗学院,锦州医科大学医疗学院,2587,,1785687777150011,纪嘉澍,2023-12-19 14:40,纪嘉澍,2023-12-19 14:40
山西金融职业学院,山西金融职业学院,2588,,1785687777145899,纪嘉澍,2023-12-19 14:40,纪嘉澍,2023-12-19 14:40
香港岭南大学,香港岭南大学,2589,,1785687777156155,纪嘉澍,2023-12-19 14:40,纪嘉澍,2023-12-19 14:40
宜春幼儿师范高等专科学校,宜春幼儿师范高等专科学校,2590,,1785687777146891,纪嘉澍,2023-12-19 14:40,纪嘉澍,2023-12-19 14:40
贵州航天职业技术学院,贵州航天职业技术学院,2591,,1785687777156107,纪嘉澍,2023-12-19 14:40,纪嘉澍,2023-12-19 14:40
广西科技职业学院,广西科技职业学院,2592,,1785687777155131,纪嘉澍,2023-12-19 14:40,纪嘉澍,2023-12-19 14:40
浙江经贸职业技术学院,浙江经贸职业技术学院,2593,,1785687777149995,纪嘉澍,2023-12-19 14:40,纪嘉澍,2023-12-19 14:40
泸州职业技术学院,泸州职业技术学院,2594,,1785687777154075,纪嘉澍,2023-12-19 14:40,纪嘉澍,2023-12-19 14:40
湖南科技大学潇湘学院,湖南科技大学潇湘学院,2595,,1785687777148939,纪嘉澍,2023-12-19 14:40,纪嘉澍,2023-12-19 14:40
辽宁建筑职业学院,辽宁建筑职业学院,2596,,1785687777144875,纪嘉澍,2023-12-19 14:40,纪嘉澍,2023-12-19 14:40
西安航空职工大学,西安航空职工大学,2597,,1785687777146939,纪嘉澍,2023-12-19 14:40,纪嘉澍,2023-12-19 14:40
河北科技师范学院欧美学院,河北科技师范学院欧美学院,2598,,1785687777101865,纪嘉澍,2023-12-19 14:40,纪嘉澍,2023-12-19 14:40
陕西艺术职业学院,陕西艺术职业学院,2599,,1785687777144859,纪嘉澍,2023-12-19 14:40,纪嘉澍,2023-12-19 14:40
广东行政职业学院,广东行政职业学院,2600,,1785687777150987,纪嘉澍,2023-12-19 14:40,纪嘉澍,2023-12-19 14:40
随州职业技术学院,随州职业技术学院,2601,,1785687777151019,纪嘉澍,2023-12-19 14:40,纪嘉澍,2023-12-19 14:40
开封文化艺术职业学院,开封文化艺术职业学院,2602,,1785687777164299,纪嘉澍,2023-12-19 14:40,纪嘉澍,2023-12-19 14:40
武汉大学医学职业技术学院,武汉大学医学职业技术学院,2603,,1785687777160283,纪嘉澍,2023-12-19 14:40,纪嘉澍,2023-12-19 14:40
南京工程学院康尼学院,南京工程学院康尼学院,2604,,1785687777166379,纪嘉澍,2023-12-19 14:40,纪嘉澍,2023-12-19 14:40
皖北卫生职业学院,皖北卫生职业学院,2605,,1785687777160299,纪嘉澍,2023-12-19 14:40,纪嘉澍,2023-12-19 14:40
广西农业职业技术学院,广西农业职业技术学院,2606,,1785687777163275,纪嘉澍,2023-12-19 14:40,纪嘉澍,2023-12-19 14:40
齐齐哈尔高等师范专科学校,齐齐哈尔高等师范专科学校,2607,,1785687777157307,纪嘉澍,2023-12-19 14:40,纪嘉澍,2023-12-19 14:40
荆门职业学院,荆门职业学院,2608,,1785687777163307,纪嘉澍,2023-12-19 14:40,纪嘉澍,2023-12-19 14:40
上海工艺美术职业学院,上海工艺美术职业学院,2609,,1785687777163323,纪嘉澍,2023-12-19 14:40,纪嘉澍,2023-12-19 14:40
南宁学院,南宁学院,2610,,1785687777165355,纪嘉澍,2023-12-19 14:40,纪嘉澍,2023-12-19 14:40
马鞍山学院,马鞍山学院,2611,,1785687777169451,纪嘉澍,2023-12-19 14:40,纪嘉澍,2023-12-19 14:40
硅湖职业技术学院,硅湖职业技术学院,2612,,1785687777158267,纪嘉澍,2023-12-19 14:40,纪嘉澍,2023-12-19 14:40
贵州护理职业技术学院,贵州护理职业技术学院,2613,,1785687777166347,纪嘉澍,2023-12-19 14:40,纪嘉澍,2023-12-19 14:40
四川华新现代职业学院,四川华新现代职业学院,2614,,1785687777164331,纪嘉澍,2023-12-19 14:40,纪嘉澍,2023-12-19 14:40
南京信息职业技术学院,南京信息职业技术学院,2615,,1785687777166363,纪嘉澍,2023-12-19 14:40,纪嘉澍,2023-12-19 14:40
陕西能源职业技术学院,陕西能源职业技术学院,2616,,1785687777162251,纪嘉澍,2023-12-19 14:40,纪嘉澍,2023-12-19 14:40
安徽冶金科技职业学院,安徽冶金科技职业学院,2617,,1785687777170459,纪嘉澍,2023-12-19 14:40,纪嘉澍,2023-12-19 14:40
湖北开放职业学院,湖北开放职业学院,2618,,1785687777167387,纪嘉澍,2023-12-19 14:40,纪嘉澍,2023-12-19 14:40
贵州盛华职业学院,贵州盛华职业学院,2619,,1785687777159243,纪嘉澍,2023-12-19 14:40,纪嘉澍,2023-12-19 14:40
昌吉职业技术学院,昌吉职业技术学院,2620,,1785687777168427,纪嘉澍,2023-12-19 14:40,纪嘉澍,2023-12-19 14:40
江西建设职业技术学院,江西建设职业技术学院,2621,,1785687777162267,纪嘉澍,2023-12-19 14:40,纪嘉澍,2023-12-19 14:40
泊头职业学院,泊头职业学院,2622,,1785687777170443,纪嘉澍,2023-12-19 14:40,纪嘉澍,2023-12-19 14:40
长江艺术工程职业学院,长江艺术工程职业学院,2623,,1785687777157259,纪嘉澍,2023-12-19 14:40,纪嘉澍,2023-12-19 14:40
江西医学高等专科学校,江西医学高等专科学校,2624,,1785687777160315,纪嘉澍,2023-12-19 14:40,纪嘉澍,2023-12-19 14:40
山西药科职业学院,山西药科职业学院,2625,,1785687777160267,纪嘉澍,2023-12-19 14:40,纪嘉澍,2023-12-19 14:40
江西青年职业学院,江西青年职业学院,2626,,1785687777165371,纪嘉澍,2023-12-19 14:40,纪嘉澍,2023-12-19 14:40
江西现代职业技术学院,江西现代职业技术学院,2627,,1785687777165323,纪嘉澍,2023-12-19 14:40,纪嘉澍,2023-12-19 14:40
新疆科信职业技术学院,新疆科信职业技术学院,2628,,1785687777164347,纪嘉澍,2023-12-19 14:40,纪嘉澍,2023-12-19 14:40
东营职业学院,东营职业学院,2629,,1785687777167371,纪嘉澍,2023-12-19 14:40,纪嘉澍,2023-12-19 14:40
郑州电力职业技术学院,郑州电力职业技术学院,2630,,1785687777166395,纪嘉澍,2023-12-19 14:40,纪嘉澍,2023-12-19 14:40
烟台工程职业技术学院,烟台工程职业技术学院,2631,,1785687777158219,纪嘉澍,2023-12-19 14:40,纪嘉澍,2023-12-19 14:40
大庆医学高等专科学校,大庆医学高等专科学校,2632,,1785687777168443,纪嘉澍,2023-12-19 14:40,纪嘉澍,2023-12-19 14:40
杭州科技职业技术学院,杭州科技职业技术学院,2633,,1785687777159291,纪嘉澍,2023-12-19 14:40,纪嘉澍,2023-12-19 14:40
三亚理工职业学院,三亚理工职业学院,2634,,1785687777168411,纪嘉澍,2023-12-19 14:40,纪嘉澍,2023-12-19 14:40
温州职业技术学院,温州职业技术学院,2635,,1785687777157291,纪嘉澍,2023-12-19 14:40,纪嘉澍,2023-12-19 14:40
抚顺师范高等专科学校,抚顺师范高等专科学校,2636,,1785687777169435,纪嘉澍,2023-12-19 14:40,纪嘉澍,2023-12-19 14:40
武汉工程科技学院,武汉工程科技学院,2637,,1785687777164315,纪嘉澍,2023-12-19 14:40,纪嘉澍,2023-12-19 14:40
信阳职业技术学院,信阳职业技术学院,2638,,1785687777167419,纪嘉澍,2023-12-19 14:40,纪嘉澍,2023-12-19 14:40
中国人民解放军国防信息学院,中国人民解放军国防信息学院,2639,,1785687777169467,纪嘉澍,2023-12-19 14:40,纪嘉澍,2023-12-19 14:40
马鞍山职业技术学院,马鞍山职业技术学院,2640,,1785687777159275,纪嘉澍,2023-12-19 14:40,纪嘉澍,2023-12-19 14:40
澳门理工学院,澳门理工学院,2641,,1785687777162299,纪嘉澍,2023-12-19 14:40,纪嘉澍,2023-12-19 14:40
内蒙古科技职业学院,内蒙古科技职业学院,2642,,1785687777168395,纪嘉澍,2023-12-19 14:40,纪嘉澍,2023-12-19 14:40
贵州民族大学人文科技学院,贵州民族大学人文科技学院,2643,,1785687777167403,纪嘉澍,2023-12-19 14:40,纪嘉澍,2023-12-19 14:40
澳门城市大学,澳门城市大学,2644,,1785687777163291,纪嘉澍,2023-12-19 14:40,纪嘉澍,2023-12-19 14:40
台州职业技术学院,台州职业技术学院,2645,,1785687777162283,纪嘉澍,2023-12-19 14:40,纪嘉澍,2023-12-19 14:40
湖南工业职业技术学院,湖南工业职业技术学院,2646,,1785687777157275,纪嘉澍,2023-12-19 14:40,纪嘉澍,2023-12-19 14:40
江苏城乡建设职业学院,江苏城乡建设职业学院,2647,,1785687777158235,纪嘉澍,2023-12-19 14:40,纪嘉澍,2023-12-19 14:40
河南司法警官职业学院,河南司法警官职业学院,2648,,1785687777158251,纪嘉澍,2023-12-19 14:40,纪嘉澍,2023-12-19 14:40
上海出版印刷高等专科学校,上海出版印刷高等专科学校,2649,,1785687777169419,纪嘉澍,2023-12-19 14:40,纪嘉澍,2023-12-19 14:40
长沙教育学院,长沙教育学院,2650,,1785687777165339,纪嘉澍,2023-12-19 14:40,纪嘉澍,2023-12-19 14:40
武汉音乐学院,武汉音乐学院,2651,,1785687777159259,纪嘉澍,2023-12-19 14:40,纪嘉澍,2023-12-19 14:40
福建农业职业技术学院,福建农业职业技术学院,2652,,1785687777249386,纪嘉澍,2023-12-19 14:40,纪嘉澍,2023-12-19 14:40
合肥通用职业技术学院,合肥通用职业技术学院,2653,,1785687777247290,纪嘉澍,2023-12-19 14:40,纪嘉澍,2023-12-19 14:40
吐鲁番职业技术学院,吐鲁番职业技术学院,2654,,1785687777244186,纪嘉澍,2023-12-19 14:40,纪嘉澍,2023-12-19 14:40
浙江经济职业技术学院,浙江经济职业技术学院,2655,,1785687777252426,纪嘉澍,2023-12-19 14:40,纪嘉澍,2023-12-19 14:40
华中科技大学高等技术学院,华中科技大学高等技术学院,2656,,1785687777245226,纪嘉澍,2023-12-19 14:40,纪嘉澍,2023-12-19 14:40
运城护理职业学院,运城护理职业学院,2657,,1785687777170491,纪嘉澍,2023-12-19 14:40,纪嘉澍,2023-12-19 14:40
广州华立科技职业学院,广州华立科技职业学院,2658,,1785687777255498,纪嘉澍,2023-12-19 14:40,纪嘉澍,2023-12-19 14:40
海南健康管理职业技术学院,海南健康管理职业技术学院,2659,,1785687777170475,纪嘉澍,2023-12-19 14:40,纪嘉澍,2023-12-19 14:40
上海科学技术职业学院,上海科学技术职业学院,2660,,1785687777250394,纪嘉澍,2023-12-19 14:40,纪嘉澍,2023-12-19 14:40
中国石油大学(北京)(克拉玛依校区),中国石油大学(北京)(克拉玛依校区),2661,,1785687777248282,纪嘉澍,2023-12-19 14:40,纪嘉澍,2023-12-19 14:40
山东司法警官职业学院,山东司法警官职业学院,2662,,1785687777249402,纪嘉澍,2023-12-19 14:40,纪嘉澍,2023-12-19 14:40
泉州职业技术大学,泉州职业技术大学,2663,,1785687777252458,纪嘉澍,2023-12-19 14:40,纪嘉澍,2023-12-19 14:40
中国人民解放军石家庄陆军指挥学院,中国人民解放军石家庄陆军指挥学院,2664,,1785687777247242,纪嘉澍,2023-12-19 14:40,纪嘉澍,2023-12-19 14:40
中山火炬职业技术学院,中山火炬职业技术学院,2665,,1785687777250410,纪嘉澍,2023-12-19 14:40,纪嘉澍,2023-12-19 14:40
中国人民解放军空军哈尔滨飞行学院,中国人民解放军空军哈尔滨飞行学院,2666,,1785687777245210,纪嘉澍,2023-12-19 14:40,纪嘉澍,2023-12-19 14:40
天津市工会管理干部学院,天津市工会管理干部学院,2667,,1785687777254474,纪嘉澍,2023-12-19 14:40,纪嘉澍,2023-12-19 14:40
山东药品食品职业学院,山东药品食品职业学院,2668,,1785687777251402,纪嘉澍,2023-12-19 14:40,纪嘉澍,2023-12-19 14:40
大同煤炭职业技术学院,大同煤炭职业技术学院,2669,,1785687777246234,纪嘉澍,2023-12-19 14:40,纪嘉澍,2023-12-19 14:40
宁夏工业职业学院,宁夏工业职业学院,2670,,1785687777245242,纪嘉澍,2023-12-19 14:40,纪嘉澍,2023-12-19 14:40
安徽中澳科技职业学院,安徽中澳科技职业学院,2671,,1785687777246218,纪嘉澍,2023-12-19 14:40,纪嘉澍,2023-12-19 14:40
贵州航空职业技术学院,贵州航空职业技术学院,2672,,1785687777253450,纪嘉澍,2023-12-19 14:40,纪嘉澍,2023-12-19 14:40
西安职业技术学院,西安职业技术学院,2673,,1785687777253466,纪嘉澍,2023-12-19 14:40,纪嘉澍,2023-12-19 14:40
吉首大学张家界学院,吉首大学张家界学院,2674,,1785687777253482,纪嘉澍,2023-12-19 14:40,纪嘉澍,2023-12-19 14:40
吉林工业职业技术学院,吉林工业职业技术学院,2675,,1785687777255514,纪嘉澍,2023-12-19 14:40,纪嘉澍,2023-12-19 14:40
广东松山职业技术学院,广东松山职业技术学院,2676,,1785687777247258,纪嘉澍,2023-12-19 14:40,纪嘉澍,2023-12-19 14:40
潞安职业技术学院,潞安职业技术学院,2677,,1785687777252474,纪嘉澍,2023-12-19 14:40,纪嘉澍,2023-12-19 14:40
齐鲁医药学院,齐鲁医药学院,2678,,1785687777255530,纪嘉澍,2023-12-19 14:40,纪嘉澍,2023-12-19 14:40
炎黄职业技术学院,炎黄职业技术学院,2679,,1785687777246266,纪嘉澍,2023-12-19 14:40,纪嘉澍,2023-12-19 14:40
绍兴文理学院元培学院,绍兴文理学院元培学院,2680,,1785687777251450,纪嘉澍,2023-12-19 14:40,纪嘉澍,2023-12-19 14:40
武汉铁路桥梁职业学院,武汉铁路桥梁职业学院,2681,,1785687777255546,纪嘉澍,2023-12-19 14:40,纪嘉澍,2023-12-19 14:40
清华大学美术学院,清华大学美术学院,2682,,1785687777245194,纪嘉澍,2023-12-19 14:40,纪嘉澍,2023-12-19 14:40
衢州职业技术学院,衢州职业技术学院,2683,,1785687777244170,纪嘉澍,2023-12-19 14:40,纪嘉澍,2023-12-19 14:40
南阳农业职业学院,南阳农业职业学院,2684,,1785687777249370,纪嘉澍,2023-12-19 14:40,纪嘉澍,2023-12-19 14:40
天津国土资源和房屋职业学院,天津国土资源和房屋职业学院,2685,,1785687777250378,纪嘉澍,2023-12-19 14:40,纪嘉澍,2023-12-19 14:40
江西应用技术职业学院,江西应用技术职业学院,2686,,1785687777244202,纪嘉澍,2023-12-19 14:40,纪嘉澍,2023-12-19 14:40
石河子工程职业技术学院,石河子工程职业技术学院,2687,,1785687777248314,纪嘉澍,2023-12-19 14:40,纪嘉澍,2023-12-19 14:40
湖南国防工业职业技术学院,湖南国防工业职业技术学院,2688,,1785687777251418,纪嘉澍,2023-12-19 14:40,纪嘉澍,2023-12-19 14:40
衡阳财经工业学院,衡阳财经工业学院,2689,,1785687777254490,纪嘉澍,2023-12-19 14:40,纪嘉澍,2023-12-19 14:40
山西工商学院,山西工商学院,2690,,1785687777244218,纪嘉澍,2023-12-19 14:40,纪嘉澍,2023-12-19 14:40
云南林业职业技术学院,云南林业职业技术学院,2691,,1785687777251434,纪嘉澍,2023-12-19 14:40,纪嘉澍,2023-12-19 14:40
重庆工商职业学院,重庆工商职业学院,2692,,1785687777247274,纪嘉澍,2023-12-19 14:40,纪嘉澍,2023-12-19 14:40
吕梁职业技术学院,吕梁职业技术学院,2693,,1785687777248266,纪嘉澍,2023-12-19 14:40,纪嘉澍,2023-12-19 14:40
阜阳职业技术学院,阜阳职业技术学院,2694,,1785687777249354,纪嘉澍,2023-12-19 14:40,纪嘉澍,2023-12-19 14:40
遵义医科大学医学与科技学院,遵义医科大学医学与科技学院,2695,,1785687777254506,纪嘉澍,2023-12-19 14:40,纪嘉澍,2023-12-19 14:40
保险职业学院,保险职业学院,2696,,1785687777253498,纪嘉澍,2023-12-19 14:40,纪嘉澍,2023-12-19 14:40
武汉船舶职业技术学院,武汉船舶职业技术学院,2697,,1785687777254522,纪嘉澍,2023-12-19 14:40,纪嘉澍,2023-12-19 14:40
周口职业技术学院,周口职业技术学院,2698,,1785687777252442,纪嘉澍,2023-12-19 14:40,纪嘉澍,2023-12-19 14:40
汕头大学医学院,汕头大学医学院,2699,,1785687777246250,纪嘉澍,2023-12-19 14:40,纪嘉澍,2023-12-19 14:40
福建船政交通职业学院,福建船政交通职业学院,2700,,1785687777250426,纪嘉澍,2023-12-19 14:40,纪嘉澍,2023-12-19 14:40
陕西电子工业职工大学,陕西电子工业职工大学,2701,,1785687777248298,纪嘉澍,2023-12-19 14:40,纪嘉澍,2023-12-19 14:40
长沙社会安全职业技术学院,长沙社会安全职业技术学院,2702,,1785687805418505,纪嘉澍,2023-12-19 14:40,纪嘉澍,2023-12-19 14:40
廊坊燕京职业技术学院,廊坊燕京职业技术学院,2703,,1785687805412409,纪嘉澍,2023-12-19 14:40,纪嘉澍,2023-12-19 14:40
河南推拿职业学院,河南推拿职业学院,2704,,1785687805414441,纪嘉澍,2023-12-19 14:40,纪嘉澍,2023-12-19 14:40
广州华南商贸职业学院,广州华南商贸职业学院,2705,,1785687805416473,纪嘉澍,2023-12-19 14:40,纪嘉澍,2023-12-19 14:40
无锡商业职业技术学院,无锡商业职业技术学院,2706,,1785687805612153,纪嘉澍,2023-12-19 14:40,纪嘉澍,2023-12-19 14:40
鹰潭职业技术学院,鹰潭职业技术学院,2707,,1785687805615225,纪嘉澍,2023-12-19 14:40,纪嘉澍,2023-12-19 14:40
浙江长征职业技术学院,浙江长征职业技术学院,2708,,1785687805414457,纪嘉澍,2023-12-19 14:40,纪嘉澍,2023-12-19 14:40
黑龙江大学软件学院,黑龙江大学软件学院,2709,,1785687805614185,纪嘉澍,2023-12-19 14:40,纪嘉澍,2023-12-19 14:40
山西运城农业职业技术学院,山西运城农业职业技术学院,2710,,1785687805416505,纪嘉澍,2023-12-19 14:40,纪嘉澍,2023-12-19 14:40
新疆石河子职业技术学院,新疆石河子职业技术学院,2711,,1785687805414409,纪嘉澍,2023-12-19 14:40,纪嘉澍,2023-12-19 14:40
陕西航天职工大学,陕西航天职工大学,2712,,1785687805615193,纪嘉澍,2023-12-19 14:40,纪嘉澍,2023-12-19 14:40
新疆能源职业技术学院,新疆能源职业技术学院,2713,,1785687805616249,纪嘉澍,2023-12-19 14:40,纪嘉澍,2023-12-19 14:40
锡林郭勒职业学院,锡林郭勒职业学院,2714,,1785687805415433,纪嘉澍,2023-12-19 14:40,纪嘉澍,2023-12-19 14:40
北京北大方正软件职业技术学院,北京北大方正软件职业技术学院,2715,,1785687805415481,纪嘉澍,2023-12-19 14:40,纪嘉澍,2023-12-19 14:40
中国人民解放军陆军军事交通学院,中国人民解放军陆军军事交通学院,2716,,1785687805616265,纪嘉澍,2023-12-19 14:40,纪嘉澍,2023-12-19 14:40
黑龙江粮食职业学院,黑龙江粮食职业学院,2717,,1785687805419577,纪嘉澍,2023-12-19 14:40,纪嘉澍,2023-12-19 14:40
哈尔滨电力职业技术学院,哈尔滨电力职业技术学院,2718,,1785687805615209,纪嘉澍,2023-12-19 14:40,纪嘉澍,2023-12-19 14:40
江苏农牧科技职业学院,江苏农牧科技职业学院,2719,,1785687805613145,纪嘉澍,2023-12-19 14:40,纪嘉澍,2023-12-19 14:40
宁波职业技术学院,宁波职业技术学院,2720,,1785687805415449,纪嘉澍,2023-12-19 14:40,纪嘉澍,2023-12-19 14:40
上海兴伟学院,上海兴伟学院,2721,,1785687805612105,纪嘉澍,2023-12-19 14:40,纪嘉澍,2023-12-19 14:40
上海电子信息职业技术学院,上海电子信息职业技术学院,2722,,1785687805413417,纪嘉澍,2023-12-19 14:40,纪嘉澍,2023-12-19 14:40
湖北幼儿师范高等专科学校,湖北幼儿师范高等专科学校,2723,,1785687805611113,纪嘉澍,2023-12-19 14:40,纪嘉澍,2023-12-19 14:40
澳门科技大学,澳门科技大学,2724,,1785687805612121,纪嘉澍,2023-12-19 14:40,纪嘉澍,2023-12-19 14:40
重庆城市职业学院,重庆城市职业学院,2725,,1785687805611081,纪嘉澍,2023-12-19 14:40,纪嘉澍,2023-12-19 14:40
贵州警察学院,贵州警察学院,2726,,1785687805418553,纪嘉澍,2023-12-19 14:40,纪嘉澍,2023-12-19 14:40
太湖创意职业技术学院,太湖创意职业技术学院,2727,,1785687805611097,纪嘉澍,2023-12-19 14:40,纪嘉澍,2023-12-19 14:40
茅台学院,茅台学院,2728,,1785687805416489,纪嘉澍,2023-12-19 14:40,纪嘉澍,2023-12-19 14:40
湖南科技职业学院,湖南科技职业学院,2729,,1785687805614201,纪嘉澍,2023-12-19 14:40,纪嘉澍,2023-12-19 14:40
山东劳动职业技术学院,山东劳动职业技术学院,2730,,1785687805419545,纪嘉澍,2023-12-19 14:40,纪嘉澍,2023-12-19 14:40
广西自然资源职业技术学院,广西自然资源职业技术学院,2731,,1785687805415465,纪嘉澍,2023-12-19 14:40,纪嘉澍,2023-12-19 14:40
鄂尔多斯职业学院,鄂尔多斯职业学院,2732,,1785687805416457,纪嘉澍,2023-12-19 14:40,纪嘉澍,2023-12-19 14:40
鄂州职业大学,鄂州职业大学,2733,,1785687805413401,纪嘉澍,2023-12-19 14:40,纪嘉澍,2023-12-19 14:40
南方科技大学,南方科技大学,2734,,1785687805617225,纪嘉澍,2023-12-19 14:40,纪嘉澍,2023-12-19 14:40
抚顺职业技术学院,抚顺职业技术学院,2735,,1785687805414425,纪嘉澍,2023-12-19 14:40,纪嘉澍,2023-12-19 14:40
泰山护理职业学院,泰山护理职业学院,2736,,1785687805413385,纪嘉澍,2023-12-19 14:40,纪嘉澍,2023-12-19 14:40
三亚中瑞酒店管理职业学院,三亚中瑞酒店管理职业学院,2737,,1785687805418537,纪嘉澍,2023-12-19 14:40,纪嘉澍,2023-12-19 14:40
江西传媒职业学院,江西传媒职业学院,2738,,1785687805412361,纪嘉澍,2023-12-19 14:40,纪嘉澍,2023-12-19 14:40
巴音郭楞职业技术学院,巴音郭楞职业技术学院,2739,,1785687805614169,纪嘉澍,2023-12-19 14:40,纪嘉澍,2023-12-19 14:40
沧州职业技术学院,沧州职业技术学院,2740,,1785687805419529,纪嘉澍,2023-12-19 14:40,纪嘉澍,2023-12-19 14:40
上海民航职业技术学院,上海民航职业技术学院,2741,,1785687805412377,纪嘉澍,2023-12-19 14:40,纪嘉澍,2023-12-19 14:40
湖南九嶷职业技术学院,湖南九嶷职业技术学院,2742,,1785687805616217,纪嘉澍,2023-12-19 14:40,纪嘉澍,2023-12-19 14:40
贵州职业技术学院,贵州职业技术学院,2743,,1785687805412393,纪嘉澍,2023-12-19 14:40,纪嘉澍,2023-12-19 14:40
三峡旅游职业技术学院,三峡旅游职业技术学院,2744,,1785687805611129,纪嘉澍,2023-12-19 14:40,纪嘉澍,2023-12-19 14:40
益阳职业技术学院,益阳职业技术学院,2745,,1785687805613129,纪嘉澍,2023-12-19 14:40,纪嘉澍,2023-12-19 14:40
宁夏警官职业学院,宁夏警官职业学院,2746,,1785687805419561,纪嘉澍,2023-12-19 14:40,纪嘉澍,2023-12-19 14:40
西安高新科技职业学院,西安高新科技职业学院,2747,,1785687805613161,纪嘉澍,2023-12-19 14:40,纪嘉澍,2023-12-19 14:40
北京民族大学,北京民族大学,2748,,1785687805615177,纪嘉澍,2023-12-19 14:40,纪嘉澍,2023-12-19 14:40
新疆艺术学院,新疆艺术学院,2749,,1785687805613177,纪嘉澍,2023-12-19 14:40,纪嘉澍,2023-12-19 14:40
云南农业大学热带作物学院,云南农业大学热带作物学院,2750,,1785687805614153,纪嘉澍,2023-12-19 14:40,纪嘉澍,2023-12-19 14:40
盐城幼儿师范高等专科学校,盐城幼儿师范高等专科学校,2751,,1785687805617241,纪嘉澍,2023-12-19 14:40,纪嘉澍,2023-12-19 14:40
阜阳科技职业学院,阜阳科技职业学院,2752,,1785687805299747,纪嘉澍,2023-12-19 14:40,纪嘉澍,2023-12-19 14:40
淮南联合大学,淮南联合大学,2753,,1785687805302819,纪嘉澍,2023-12-19 14:40,纪嘉澍,2023-12-19 14:40
山东科技职业学院,山东科技职业学院,2754,,1785687805299763,纪嘉澍,2023-12-19 14:40,纪嘉澍,2023-12-19 14:40
浙江树人学院,浙江树人学院,2755,,1785687805299715,纪嘉澍,2023-12-19 14:40,纪嘉澍,2023-12-19 14:40
厦门华厦学院,厦门华厦学院,2756,,1785687805297715,纪嘉澍,2023-12-19 14:40,纪嘉澍,2023-12-19 14:40
桂林旅游学院,桂林旅游学院,2757,,1785687805292547,纪嘉澍,2023-12-19 14:40,纪嘉澍,2023-12-19 14:40
天门职业学院,天门职业学院,2758,,1785687805298691,纪嘉澍,2023-12-19 14:40,纪嘉澍,2023-12-19 14:40
山东交通职业学院,山东交通职业学院,2759,,1785687805296675,纪嘉澍,2023-12-19 14:40,纪嘉澍,2023-12-19 14:40
辽宁职业学院,辽宁职业学院,2760,,1785687805299731,纪嘉澍,2023-12-19 14:40,纪嘉澍,2023-12-19 14:40
山西机电职业技术学院,山西机电职业技术学院,2761,,1785687805301763,纪嘉澍,2023-12-19 14:40,纪嘉澍,2023-12-19 14:40
广西城市职业大学,广西城市职业大学,2762,,1785687805297683,纪嘉澍,2023-12-19 14:40,纪嘉澍,2023-12-19 14:40
辽宁广告职业学院,辽宁广告职业学院,2763,,1785687805294627,纪嘉澍,2023-12-19 14:40,纪嘉澍,2023-12-19 14:40
黔南民族职业技术学院,黔南民族职业技术学院,2764,,1785687805291523,纪嘉澍,2023-12-19 14:40,纪嘉澍,2023-12-19 14:40
江苏旅游职业学院,江苏旅游职业学院,2765,,1785687805295635,纪嘉澍,2023-12-19 14:40,纪嘉澍,2023-12-19 14:40
山东现代学院,山东现代学院,2766,,1785687805300739,纪嘉澍,2023-12-19 14:40,纪嘉澍,2023-12-19 14:40
山西交通职业技术学院,山西交通职业技术学院,2767,,1785687805296643,纪嘉澍,2023-12-19 14:40,纪嘉澍,2023-12-19 14:40
重庆轻工职业学院,重庆轻工职业学院,2768,,1785687805302835,纪嘉澍,2023-12-19 14:40,纪嘉澍,2023-12-19 14:40
中国工程物理研究院职工工学院,中国工程物理研究院职工工学院,2769,,1785687805294643,纪嘉澍,2023-12-19 14:40,纪嘉澍,2023-12-19 14:40
浙江商业职业技术学院,浙江商业职业技术学院,2770,,1785687805294595,纪嘉澍,2023-12-19 14:40,纪嘉澍,2023-12-19 14:40
苏州信息职业技术学院,苏州信息职业技术学院,2771,,1785687805292563,纪嘉澍,2023-12-19 14:40,纪嘉澍,2023-12-19 14:40
许昌职业技术学院,许昌职业技术学院,2772,,1785687805300787,纪嘉澍,2023-12-19 14:40,纪嘉澍,2023-12-19 14:40
武汉软件工程职业学院,武汉软件工程职业学院,2773,,1785687805297699,纪嘉澍,2023-12-19 14:40,纪嘉澍,2023-12-19 14:40
湖南生物机电职业技术学院,湖南生物机电职业技术学院,2774,,1785687805297667,纪嘉澍,2023-12-19 14:40,纪嘉澍,2023-12-19 14:40
武威职业学院,武威职业学院,2775,,1785687805301795,纪嘉澍,2023-12-19 14:40,纪嘉澍,2023-12-19 14:40
曹妃甸职业技术学院,曹妃甸职业技术学院,2776,,1785687805293603,纪嘉澍,2023-12-19 14:40,纪嘉澍,2023-12-19 14:40
中国人民解放军陆军边海防学院,中国人民解放军陆军边海防学院,2777,,1785687805295651,纪嘉澍,2023-12-19 14:40,纪嘉澍,2023-12-19 14:40
哈尔滨理工大学软件学院,哈尔滨理工大学软件学院,2778,,1785687805295667,纪嘉澍,2023-12-19 14:40,纪嘉澍,2023-12-19 14:40
郑州商贸旅游职业学院,郑州商贸旅游职业学院,2779,,1785687805302803,纪嘉澍,2023-12-19 14:40,纪嘉澍,2023-12-19 14:40
福建应用技术学院,福建应用技术学院,2780,,1785687805291571,纪嘉澍,2023-12-19 14:40,纪嘉澍,2023-12-19 14:40
山东旅游职业学院,山东旅游职业学院,2781,,1785687805293571,纪嘉澍,2023-12-19 14:40,纪嘉澍,2023-12-19 14:40
新疆大学科学技术学院,新疆大学科学技术学院,2782,,1785687805303811,纪嘉澍,2023-12-19 14:40,纪嘉澍,2023-12-19 14:40
运城职业技术学院,运城职业技术学院,2783,,1785687805300755,纪嘉澍,2023-12-19 14:40,纪嘉澍,2023-12-19 14:40
哈尔滨工业大学(深圳),哈尔滨工业大学(深圳),2784,,1785687805294611,纪嘉澍,2023-12-19 14:40,纪嘉澍,2023-12-19 14:40
威海海洋职业学院,威海海洋职业学院,2785,,1785687805298707,纪嘉澍,2023-12-19 14:40,纪嘉澍,2023-12-19 14:40
陕西旅游烹饪职业学院,陕西旅游烹饪职业学院,2786,,1785687805301811,纪嘉澍,2023-12-19 14:40,纪嘉澍,2023-12-19 14:40
辽宁机电职业技术学院,辽宁机电职业技术学院,2787,,1785687805291539,纪嘉澍,2023-12-19 14:40,纪嘉澍,2023-12-19 14:40
河北环境工程学院,河北环境工程学院,2788,,1785687805293587,纪嘉澍,2023-12-19 14:40,纪嘉澍,2023-12-19 14:40
济南职业学院,济南职业学院,2789,,1785687805301779,纪嘉澍,2023-12-19 14:40,纪嘉澍,2023-12-19 14:40
安徽电气工程职业技术学院,安徽电气工程职业技术学院,2790,,1785687805296659,纪嘉澍,2023-12-19 14:40,纪嘉澍,2023-12-19 14:40
临沂职业学院,临沂职业学院,2791,,1785687805295619,纪嘉澍,2023-12-19 14:40,纪嘉澍,2023-12-19 14:40
扬州中瑞酒店职业学院,扬州中瑞酒店职业学院,2792,,1785687805293619,纪嘉澍,2023-12-19 14:40,纪嘉澍,2023-12-19 14:40
新乡职业技术学院,新乡职业技术学院,2793,,1785687805298723,纪嘉澍,2023-12-19 14:40,纪嘉澍,2023-12-19 14:40
山东传媒职业学院,山东传媒职业学院,2794,,1785687805296691,纪嘉澍,2023-12-19 14:40,纪嘉澍,2023-12-19 14:40
河南地矿职业学院,河南地矿职业学院,2795,,1785687805303827,纪嘉澍,2023-12-19 14:40,纪嘉澍,2023-12-19 14:40
清华大学医学部,清华大学医学部,2796,,1785687805292579,纪嘉澍,2023-12-19 14:40,纪嘉澍,2023-12-19 14:40
金山职业技术学院,金山职业技术学院,2797,,1785687805302787,纪嘉澍,2023-12-19 14:40,纪嘉澍,2023-12-19 14:40
沈阳职业技术学院,沈阳职业技术学院,2798,,1785687805300771,纪嘉澍,2023-12-19 14:40,纪嘉澍,2023-12-19 14:40
保定幼儿师范高等专科学校,保定幼儿师范高等专科学校,2799,,1785687805291555,纪嘉澍,2023-12-19 14:40,纪嘉澍,2023-12-19 14:40
浙江工业职业技术学院,浙江工业职业技术学院,2800,,1785687805292595,纪嘉澍,2023-12-19 14:40,纪嘉澍,2023-12-19 14:40
扬州工业职业技术学院,扬州工业职业技术学院,2801,,1785687805298739,纪嘉澍,2023-12-19 14:40,纪嘉澍,2023-12-19 14:40
广州科技贸易职业学院,广州科技贸易职业学院,2802,,1785687813198860,纪嘉澍,2023-12-19 14:40,纪嘉澍,2023-12-19 14:40
徐州幼儿师范高等专科学校,徐州幼儿师范高等专科学校,2803,,1785687813192748,纪嘉澍,2023-12-19 14:40,纪嘉澍,2023-12-19 14:40
苏州工业职业技术学院,苏州工业职业技术学院,2804,,1785687813200908,纪嘉澍,2023-12-19 14:40,纪嘉澍,2023-12-19 14:40
南昌大学人民武装学院,南昌大学人民武装学院,2805,,1785687813191708,纪嘉澍,2023-12-19 14:40,纪嘉澍,2023-12-19 14:40
上饶幼儿师范高等专科学校,上饶幼儿师范高等专科学校,2806,,1785687813199916,纪嘉澍,2023-12-19 14:40,纪嘉澍,2023-12-19 14:40
阳泉职业技术学院,阳泉职业技术学院,2807,,1785687813196812,纪嘉澍,2023-12-19 14:40,纪嘉澍,2023-12-19 14:40
鹤壁汽车工程职业学院,鹤壁汽车工程职业学院,2808,,1785687813194764,纪嘉澍,2023-12-19 14:40,纪嘉澍,2023-12-19 14:40
河南工业和信息化职业学院,河南工业和信息化职业学院,2809,,1785687813189676,纪嘉澍,2023-12-19 14:40,纪嘉澍,2023-12-19 14:40
湖南电气职业技术学院,湖南电气职业技术学院,2810,,1785687813196828,纪嘉澍,2023-12-19 14:40,纪嘉澍,2023-12-19 14:40
伊春职业学院,伊春职业学院,2811,,1785687813190684,纪嘉澍,2023-12-19 14:40,纪嘉澍,2023-12-19 14:40
广西国际商务职业技术学院,广西国际商务职业技术学院,2812,,1785687813190700,纪嘉澍,2023-12-19 14:40,纪嘉澍,2023-12-19 14:40
江苏省青年管理干部学院,江苏省青年管理干部学院,2813,,1785687813190716,纪嘉澍,2023-12-19 14:40,纪嘉澍,2023-12-19 14:40
江苏护理职业学院,江苏护理职业学院,2814,,1785687813191724,纪嘉澍,2023-12-19 14:40,纪嘉澍,2023-12-19 14:40
黑龙江工程学院昆仑旅游学院,黑龙江工程学院昆仑旅游学院,2815,,1785687813191740,纪嘉澍,2023-12-19 14:40,纪嘉澍,2023-12-19 14:40
荆州职业技术学院,荆州职业技术学院,2816,,1785687813196844,纪嘉澍,2023-12-19 14:40,纪嘉澍,2023-12-19 14:40
六盘水职业技术学院,六盘水职业技术学院,2817,,1785687813200940,纪嘉澍,2023-12-19 14:40,纪嘉澍,2023-12-19 14:40
湘中幼儿师范高等专科学校,湘中幼儿师范高等专科学校,2818,,1785687813192716,纪嘉澍,2023-12-19 14:40,纪嘉澍,2023-12-19 14:40
北京工业大学北京-都柏林国际学院,北京工业大学北京-都柏林国际学院,2819,,1785687813195788,纪嘉澍,2023-12-19 14:40,纪嘉澍,2023-12-19 14:40
金陵科技学院龙蟠学院,金陵科技学院龙蟠学院,2820,,1785687813193788,纪嘉澍,2023-12-19 14:40,纪嘉澍,2023-12-19 14:40
贵州中医药大学时珍学院,贵州中医药大学时珍学院,2821,,1785687813192764,纪嘉澍,2023-12-19 14:40,纪嘉澍,2023-12-19 14:40
河北艺术职业学院,河北艺术职业学院,2822,,1785687813189644,纪嘉澍,2023-12-19 14:40,纪嘉澍,2023-12-19 14:40
太原旅游职业学院,太原旅游职业学院,2823,,1785687813197852,纪嘉澍,2023-12-19 14:40,纪嘉澍,2023-12-19 14:40
浙江邮电职业技术学院,浙江邮电职业技术学院,2824,,1785687813194796,纪嘉澍,2023-12-19 14:40,纪嘉澍,2023-12-19 14:40
兰州航空工业职工大学,兰州航空工业职工大学,2825,,1785687813197836,纪嘉澍,2023-12-19 14:40,纪嘉澍,2023-12-19 14:40
安庆职业技术学院,安庆职业技术学院,2826,,1785687813197868,纪嘉澍,2023-12-19 14:40,纪嘉澍,2023-12-19 14:40
长春职业技术学院,长春职业技术学院,2827,,1785687813187676,纪嘉澍,2023-12-19 14:40,纪嘉澍,2023-12-19 14:40
昆山杜克大学,昆山杜克大学,2828,,1785687813194812,纪嘉澍,2023-12-19 14:40,纪嘉澍,2023-12-19 14:40
浙江东方职业技术学院,浙江东方职业技术学院,2829,,1785687813198892,纪嘉澍,2023-12-19 14:40,纪嘉澍,2023-12-19 14:40
贵州健康职业学院,贵州健康职业学院,2830,,1785687813195804,纪嘉澍,2023-12-19 14:40,纪嘉澍,2023-12-19 14:40
山西农业大学信息学院,山西农业大学信息学院,2831,,1785687813193740,纪嘉澍,2023-12-19 14:40,纪嘉澍,2023-12-19 14:40
湘南幼儿师范高等专科学校,湘南幼儿师范高等专科学校,2832,,1785687813187708,纪嘉澍,2023-12-19 14:40,纪嘉澍,2023-12-19 14:40
丽江师范高等专科学校,丽江师范高等专科学校,2833,,1785687813191692,纪嘉澍,2023-12-19 14:40,纪嘉澍,2023-12-19 14:40
义乌工商职业技术学院,义乌工商职业技术学院,2834,,1785687813189692,纪嘉澍,2023-12-19 14:40,纪嘉澍,2023-12-19 14:40
柳州铁道职业技术学院,柳州铁道职业技术学院,2835,,1785687813195820,纪嘉澍,2023-12-19 14:40,纪嘉澍,2023-12-19 14:40
山东工程职业技术大学,山东工程职业技术大学,2836,,1785687813192732,纪嘉澍,2023-12-19 14:40,纪嘉澍,2023-12-19 14:40
浙江医药高等专科学校,浙江医药高等专科学校,2837,,1785687813198876,纪嘉澍,2023-12-19 14:40,纪嘉澍,2023-12-19 14:40
郑州澍青医学高等专科学校,郑州澍青医学高等专科学校,2838,,1785687813195836,纪嘉澍,2023-12-19 14:40,纪嘉澍,2023-12-19 14:40
西安交通工程学院,西安交通工程学院,2839,,1785687813194780,纪嘉澍,2023-12-19 14:40,纪嘉澍,2023-12-19 14:40
湖北工程学院新技术学院,湖北工程学院新技术学院,2840,,1785687813193772,纪嘉澍,2023-12-19 14:40,纪嘉澍,2023-12-19 14:40
安徽汽车职业技术学院,安徽汽车职业技术学院,2841,,1785687813200956,纪嘉澍,2023-12-19 14:40,纪嘉澍,2023-12-19 14:40
山西能源学院,山西能源学院,2842,,1785687813200924,纪嘉澍,2023-12-19 14:40,纪嘉澍,2023-12-19 14:40
博尔塔拉职业技术学院,博尔塔拉职业技术学院,2843,,1785687813198908,纪嘉澍,2023-12-19 14:40,纪嘉澍,2023-12-19 14:40
安徽国际商务职业学院,安徽国际商务职业学院,2844,,1785687813418075,纪嘉澍,2023-12-19 14:40,纪嘉澍,2023-12-19 14:40
福建生物工程职业技术学院,福建生物工程职业技术学院,2845,,1785687813199932,纪嘉澍,2023-12-19 14:40,纪嘉澍,2023-12-19 14:40
中国人民解放军陆军炮兵防空兵学院,中国人民解放军陆军炮兵防空兵学院,2846,,1785687813190668,纪嘉澍,2023-12-19 14:40,纪嘉澍,2023-12-19 14:40
河南大学迈阿密学院,河南大学迈阿密学院,2847,,1785687813189660,纪嘉澍,2023-12-19 14:40,纪嘉澍,2023-12-19 14:40
南京晓庄学院行知学院,南京晓庄学院行知学院,2848,,1785687813197884,纪嘉澍,2023-12-19 14:40,纪嘉澍,2023-12-19 14:40
中国人民解放军西安通信学院,中国人民解放军西安通信学院,2849,,1785687813199884,纪嘉澍,2023-12-19 14:40,纪嘉澍,2023-12-19 14:40
内蒙古体育职业学院,内蒙古体育职业学院,2850,,1785687813193756,纪嘉澍,2023-12-19 14:40,纪嘉澍,2023-12-19 14:40
盘锦职业技术学院,盘锦职业技术学院,2851,,1785687813187692,纪嘉澍,2023-12-19 14:40,纪嘉澍,2023-12-19 14:40
包头铁道职业技术学院,包头铁道职业技术学院,2852,,1785687805745241,纪嘉澍,2023-12-19 14:40,纪嘉澍,2023-12-19 14:40
山西同文职业技术学院,山西同文职业技术学院,2853,,1785687805750297,纪嘉澍,2023-12-19 14:40,纪嘉澍,2023-12-19 14:40
哈尔滨应用职业技术学院,哈尔滨应用职业技术学院,2854,,1785687805754377,纪嘉澍,2023-12-19 14:40,纪嘉澍,2023-12-19 14:40
上海中侨职业技术学院,上海中侨职业技术学院,2855,,1785687805750329,纪嘉澍,2023-12-19 14:40,纪嘉澍,2023-12-19 14:40
银川能源学院,银川能源学院,2856,,1785687805754425,纪嘉澍,2023-12-19 14:40,纪嘉澍,2023-12-19 14:40
眉山职业技术学院,眉山职业技术学院,2857,,1785687805753385,纪嘉澍,2023-12-19 14:40,纪嘉澍,2023-12-19 14:40
广西工业职业技术学院,广西工业职业技术学院,2858,,1785687805748265,纪嘉澍,2023-12-19 14:40,纪嘉澍,2023-12-19 14:40
海南工商职业学院,海南工商职业学院,2859,,1785687805752329,纪嘉澍,2023-12-19 14:40,纪嘉澍,2023-12-19 14:40
安徽师范大学皖江学院,安徽师范大学皖江学院,2860,,1785687805749289,纪嘉澍,2023-12-19 14:40,纪嘉澍,2023-12-19 14:40
中国人民解放军外国语学院,中国人民解放军外国语学院,2861,,1785687805749273,纪嘉澍,2023-12-19 14:40,纪嘉澍,2023-12-19 14:40
安徽卫生健康职业学院,安徽卫生健康职业学院,2862,,1785687805742121,纪嘉澍,2023-12-19 14:40,纪嘉澍,2023-12-19 14:40
重庆公共运输职业学院,重庆公共运输职业学院,2863,,1785687805743209,纪嘉澍,2023-12-19 14:40,纪嘉澍,2023-12-19 14:40
香港理工大学,香港理工大学,2864,,1785687805743225,纪嘉澍,2023-12-19 14:40,纪嘉澍,2023-12-19 14:40
重庆艺术工程职业学院,重庆艺术工程职业学院,2865,,1785687805753401,纪嘉澍,2023-12-19 14:40,纪嘉澍,2023-12-19 14:40
赣南师范大学科技学院,赣南师范大学科技学院,2866,,1785687805748281,纪嘉澍,2023-12-19 14:40,纪嘉澍,2023-12-19 14:40
泉州医学高等专科学校,泉州医学高等专科学校,2867,,1785687805747241,纪嘉澍,2023-12-19 14:40,纪嘉澍,2023-12-19 14:40
青岛远洋船员职业学院,青岛远洋船员职业学院,2868,,1785687805743193,纪嘉澍,2023-12-19 14:40,纪嘉澍,2023-12-19 14:40
伊犁职业技术学院,伊犁职业技术学院,2869,,1785687805744233,纪嘉澍,2023-12-19 14:40,纪嘉澍,2023-12-19 14:40
亳州职业技术学院,亳州职业技术学院,2870,,1785687805752377,纪嘉澍,2023-12-19 14:40,纪嘉澍,2023-12-19 14:40
湖南高速铁路职业技术学院,湖南高速铁路职业技术学院,2871,,1785687805754409,纪嘉澍,2023-12-19 14:40,纪嘉澍,2023-12-19 14:40
上饶职业技术学院,上饶职业技术学院,2872,,1785687805745225,纪嘉澍,2023-12-19 14:40,纪嘉澍,2023-12-19 14:40
宁夏财经职业技术学院,宁夏财经职业技术学院,2873,,1785687805750281,纪嘉澍,2023-12-19 14:40,纪嘉澍,2023-12-19 14:40
赣州职业技术学院,赣州职业技术学院,2874,,1785687805751337,纪嘉澍,2023-12-19 14:40,纪嘉澍,2023-12-19 14:40
泉州幼儿师范高等专科学校,泉州幼儿师范高等专科学校,2875,,1785687805747257,纪嘉澍,2023-12-19 14:40,纪嘉澍,2023-12-19 14:40
河南检察职业学院,河南检察职业学院,2876,,1785687805748249,纪嘉澍,2023-12-19 14:40,纪嘉澍,2023-12-19 14:40
泉州华光职业学院,泉州华光职业学院,2877,,1785687805751305,纪嘉澍,2023-12-19 14:40,纪嘉澍,2023-12-19 14:40
江苏航空职业技术学院,江苏航空职业技术学院,2878,,1785687805753353,纪嘉澍,2023-12-19 14:40,纪嘉澍,2023-12-19 14:40
广州东华职业学院,广州东华职业学院,2879,,1785687805745273,纪嘉澍,2023-12-19 14:40,纪嘉澍,2023-12-19 14:40
浙江纺织服装职业技术学院,浙江纺织服装职业技术学院,2880,,1785687805742153,纪嘉澍,2023-12-19 14:40,纪嘉澍,2023-12-19 14:40
重庆科创职业学院,重庆科创职业学院,2881,,1785687805743177,纪嘉澍,2023-12-19 14:40,纪嘉澍,2023-12-19 14:40
潍坊职业学院,潍坊职业学院,2882,,1785687805750313,纪嘉澍,2023-12-19 14:40,纪嘉澍,2023-12-19 14:40
山西体育职业学院,山西体育职业学院,2883,,1785687805749257,纪嘉澍,2023-12-19 14:40,纪嘉澍,2023-12-19 14:40
滁州职业技术学院,滁州职业技术学院,2884,,1785687805753369,纪嘉澍,2023-12-19 14:40,纪嘉澍,2023-12-19 14:40
重庆商务职业学院,重庆商务职业学院,2885,,1785687805752345,纪嘉澍,2023-12-19 14:40,纪嘉澍,2023-12-19 14:40
广西英华国际职业学院,广西英华国际职业学院,2886,,1785687805752361,纪嘉澍,2023-12-19 14:40,纪嘉澍,2023-12-19 14:40
酒泉职业技术学院,酒泉职业技术学院,2887,,1785687805751353,纪嘉澍,2023-12-19 14:40,纪嘉澍,2023-12-19 14:40
武汉光谷职业学院,武汉光谷职业学院,2888,,1785687805744217,纪嘉澍,2023-12-19 14:40,纪嘉澍,2023-12-19 14:40
山西医科大学汾阳学院,山西医科大学汾阳学院,2889,,1785687805747225,纪嘉澍,2023-12-19 14:40,纪嘉澍,2023-12-19 14:40
新疆体育职业技术学院,新疆体育职业技术学院,2890,,1785687805748233,纪嘉澍,2023-12-19 14:40,纪嘉澍,2023-12-19 14:40
内蒙古农业大学(专业志愿),内蒙古农业大学(专业志愿),2891,,1785687805751321,纪嘉澍,2023-12-19 14:40,纪嘉澍,2023-12-19 14:40
呼和浩特民族学院(校企合作软件外包专业),呼和浩特民族学院(校企合作软件外包专业),2892,,1785687805742105,纪嘉澍,2023-12-19 14:40,纪嘉澍,2023-12-19 14:40
北京大学(国防生),北京大学(国防生),2893,,1785687805755417,纪嘉澍,2023-12-19 14:40,纪嘉澍,2023-12-19 14:40
北京大学国际法学院,北京大学国际法学院,2894,,1785687805745257,纪嘉澍,2023-12-19 14:40,纪嘉澍,2023-12-19 14:40
北京大学深圳研究生院,北京大学深圳研究生院,2895,,1785687805744249,纪嘉澍,2023-12-19 14:40,纪嘉澍,2023-12-19 14:40
中国人民大学(国防生),中国人民大学(国防生),2896,,1785687805754393,纪嘉澍,2023-12-19 14:40,纪嘉澍,2023-12-19 14:40
中国人民大学国际学院(苏州研究院),中国人民大学国际学院(苏州研究院),2897,,1785687805742137,纪嘉澍,2023-12-19 14:40,纪嘉澍,2023-12-19 14:40
中国人民大学(苏州校区)(中外合作办学),中国人民大学(苏州校区)(中外合作办学),2898,,1785687805755401,纪嘉澍,2023-12-19 14:40,纪嘉澍,2023-12-19 14:40
清华大学北京协和医学院(医学部),清华大学北京协和医学院(医学部),2899,,1785687805747209,纪嘉澍,2023-12-19 14:40,纪嘉澍,2023-12-19 14:40
清华大学台湾,清华大学台湾,2900,,1785687805744201,纪嘉澍,2023-12-19 14:40,纪嘉澍,2023-12-19 14:40
清华大学(国防生),清华大学(国防生),2901,,1785687805749305,纪嘉澍,2023-12-19 14:40,纪嘉澍,2023-12-19 14:40
清华大学深圳研究生院,清华大学深圳研究生院,2902,,1785687813184604,纪嘉澍,2023-12-19 14:40,纪嘉澍,2023-12-19 14:40
清华大学(飞行员班),清华大学(飞行员班),2903,,1785687813175308,纪嘉澍,2023-12-19 14:40,纪嘉澍,2023-12-19 14:40
北京交通大学(中外合作办学),北京交通大学(中外合作办学),2904,,1785687813182508,纪嘉澍,2023-12-19 14:40,纪嘉澍,2023-12-19 14:40
北京交通大学(威海校区)(中外合作办学),北京交通大学(威海校区)(中外合作办学),2905,,1785687805755449,纪嘉澍,2023-12-19 14:40,纪嘉澍,2023-12-19 14:40
北京工业大学(中外合作办学),北京工业大学(中外合作办学),2906,,1785687813177388,纪嘉澍,2023-12-19 14:40,纪嘉澍,2023-12-19 14:40
北京工业大学(实验学院),北京工业大学(实验学院),2907,,1785687813175340,纪嘉澍,2023-12-19 14:40,纪嘉澍,2023-12-19 14:40
北京理工大学(中外合作),北京理工大学(中外合作),2908,,1785687813182476,纪嘉澍,2023-12-19 14:40,纪嘉澍,2023-12-19 14:40
北京理工大学(国防生),北京理工大学(国防生),2909,,1785687813186620,纪嘉澍,2023-12-19 14:40,纪嘉澍,2023-12-19 14:40
北京科技大学延庆分校,北京科技大学延庆分校,2910,,1785687813184588,纪嘉澍,2023-12-19 14:40,纪嘉澍,2023-12-19 14:40
北京化工大学(中外合作办学),北京化工大学(中外合作办学),2911,,1785687813186572,纪嘉澍,2023-12-19 14:40,纪嘉澍,2023-12-19 14:40
北京工商大学(中外合作办学),北京工商大学(中外合作办学),2912,,1785687813177404,纪嘉澍,2023-12-19 14:40,纪嘉澍,2023-12-19 14:40
北京邮电大学(宏福校区)(中外合作办学),北京邮电大学(宏福校区)(中外合作办学),2913,,1785687813180444,纪嘉澍,2023-12-19 14:40,纪嘉澍,2023-12-19 14:40
北京建筑大学(中外合作办学),北京建筑大学(中外合作办学),2914,,1785687813183548,纪嘉澍,2023-12-19 14:40,纪嘉澍,2023-12-19 14:40
北京建筑大学北京建筑工程学院(曾用名),北京建筑大学北京建筑工程学院(曾用名),2915,,1785687813179436,纪嘉澍,2023-12-19 14:40,纪嘉澍,2023-12-19 14:40
中国农业大学(专业志愿),中国农业大学(专业志愿),2916,,1785687813180476,纪嘉澍,2023-12-19 14:40,纪嘉澍,2023-12-19 14:40
中国农业大学(中外合作办学),中国农业大学(中外合作办学),2917,,1785687813177356,纪嘉澍,2023-12-19 14:40,纪嘉澍,2023-12-19 14:40
北京农学院(中外合作办学),北京农学院(中外合作办学),2918,,1785687813183516,纪嘉澍,2023-12-19 14:40,纪嘉澍,2023-12-19 14:40
北京农学院(预科),北京农学院(预科),2919,,1785687813175356,纪嘉澍,2023-12-19 14:40,纪嘉澍,2023-12-19 14:40
北京林业大学(中外合作办学),北京林业大学(中外合作办学),2920,,1785687813185564,纪嘉澍,2023-12-19 14:40,纪嘉澍,2023-12-19 14:40
北京林业大学(国防生),北京林业大学(国防生),2921,,1785687813179420,纪嘉澍,2023-12-19 14:40,纪嘉澍,2023-12-19 14:40
北京师范大学一香港浸会大学联合国际学院,北京师范大学一香港浸会大学联合国际学院,2922,,1785687813176348,纪嘉澍,2023-12-19 14:40,纪嘉澍,2023-12-19 14:40
北京外国语大学(中外合作办学),北京外国语大学(中外合作办学),2923,,1785687813182524,纪嘉澍,2023-12-19 14:40,纪嘉澍,2023-12-19 14:40
北京语言大学(预科),北京语言大学(预科),2924,,1785687813181468,纪嘉澍,2023-12-19 14:40,纪嘉澍,2023-12-19 14:40
中国传媒大学(中外合作办学),中国传媒大学(中外合作办学),2925,,1785687813180428,纪嘉澍,2023-12-19 14:40,纪嘉澍,2023-12-19 14:40
中央财经大学(中外合作办学),中央财经大学(中外合作办学),2926,,1785687813176332,纪嘉澍,2023-12-19 14:40,纪嘉澍,2023-12-19 14:40
中央民族大学(专业志愿),中央民族大学(专业志愿),2927,,1785687813181484,纪嘉澍,2023-12-19 14:40,纪嘉澍,2023-12-19 14:40
中央民族大学(少数民族预科班),中央民族大学(少数民族预科班),2928,,1785687813178412,纪嘉澍,2023-12-19 14:40,纪嘉澍,2023-12-19 14:40
中国政法大学(国防生),中国政法大学(国防生),2929,,1785687813182492,纪嘉澍,2023-12-19 14:40,纪嘉澍,2023-12-19 14:40
中国地质大学(北京)(专业志愿),中国地质大学(北京)(专业志愿),2930,,1785687813178396,纪嘉澍,2023-12-19 14:40,纪嘉澍,2023-12-19 14:40
北京联合大学广告学院,北京联合大学广告学院,2931,,1785687813176364,纪嘉澍,2023-12-19 14:40,纪嘉澍,2023-12-19 14:40
北京联合大学廊坊东方大学城,北京联合大学廊坊东方大学城,2932,,1785687813179452,纪嘉澍,2023-12-19 14:40,纪嘉澍,2023-12-19 14:40
北京城市学院(校企合作软件外包专业),北京城市学院(校企合作软件外包专业),2933,,1785687813179404,纪嘉澍,2023-12-19 14:40,纪嘉澍,2023-12-19 14:40
北京协和医学院(清华大学医学部),北京协和医学院(清华大学医学部),2934,,1785687805755433,纪嘉澍,2023-12-19 14:40,纪嘉澍,2023-12-19 14:40
北京政法职业学院(中外合作办学),北京政法职业学院(中外合作办学),2935,,1785687813185580,纪嘉澍,2023-12-19 14:40,纪嘉澍,2023-12-19 14:40
北京经济技术职业学院廊坊东方大学城,北京经济技术职业学院廊坊东方大学城,2936,,1785687813177372,纪嘉澍,2023-12-19 14:40,纪嘉澍,2023-12-19 14:40
北京大学医学部(院校特定要求),北京大学医学部(院校特定要求),2937,,1785687813184572,纪嘉澍,2023-12-19 14:40,纪嘉澍,2023-12-19 14:40
北京经济管理职业学院(中外合作办学),北京经济管理职业学院(中外合作办学),2938,,1785687813186588,纪嘉澍,2023-12-19 14:40,纪嘉澍,2023-12-19 14:40
北京信息职业技术学院(中外合作办学),北京信息职业技术学院(中外合作办学),2939,,1785687813178380,纪嘉澍,2023-12-19 14:40,纪嘉澍,2023-12-19 14:40
武汉纺织大学职业技术学院,武汉纺织大学职业技术学院,2940,,1785687813184556,纪嘉澍,2023-12-19 14:40,纪嘉澍,2023-12-19 14:40
武汉理工大学(中外合作办学),武汉理工大学(中外合作办学),2941,,1785687813178428,纪嘉澍,2023-12-19 14:40,纪嘉澍,2023-12-19 14:40
湖北工业大学(中外合作办学),湖北工业大学(中外合作办学),2942,,1785687813185612,纪嘉澍,2023-12-19 14:40,纪嘉澍,2023-12-19 14:40
湖北工业大学商贸学院,湖北工业大学商贸学院,2943,,1785687813176380,纪嘉澍,2023-12-19 14:40,纪嘉澍,2023-12-19 14:40
华中农业大学(中外合作办学),华中农业大学(中外合作办学),2944,,1785687813180460,纪嘉澍,2023-12-19 14:40,纪嘉澍,2023-12-19 14:40
华中农业大学楚天学院,华中农业大学楚天学院,2945,,1785687813175324,纪嘉澍,2023-12-19 14:40,纪嘉澍,2023-12-19 14:40
华中师范大学(中外合作办学),华中师范大学(中外合作办学),2946,,1785687813181500,纪嘉澍,2023-12-19 14:40,纪嘉澍,2023-12-19 14:40
湖北大学(中外合作办学),湖北大学(中外合作办学),2947,,1785687813183532,纪嘉澍,2023-12-19 14:40,纪嘉澍,2023-12-19 14:40
中南财经政法大学武汉学院,中南财经政法大学武汉学院,2948,,1785687813185596,纪嘉澍,2023-12-19 14:40,纪嘉澍,2023-12-19 14:40
湖北美术学院继续教育学院,湖北美术学院继续教育学院,2949,,1785687813186604,纪嘉澍,2023-12-19 14:40,纪嘉澍,2023-12-19 14:40
中南民族大学(非汉族)(中外合作办学),中南民族大学(非汉族)(中外合作办学),2950,,1785687813183500,纪嘉澍,2023-12-19 14:40,纪嘉澍,2023-12-19 14:40
中南民族大学(少数民族预科班),中南民族大学(少数民族预科班),2951,,1785687813181452,纪嘉澍,2023-12-19 14:40,纪嘉澍,2023-12-19 14:40
中南民族大学(汉族),中南民族大学(汉族),2952,,1785687825663019,纪嘉澍,2023-12-19 14:40,纪嘉澍,2023-12-19 14:40
中南民族大学(非汉族),中南民族大学(非汉族),2953,,1785687825666059,纪嘉澍,2023-12-19 14:40,纪嘉澍,2023-12-19 14:40
湖北理工学院(中外合作办学),湖北理工学院(中外合作办学),2954,,1785687825655931,纪嘉澍,2023-12-19 14:40,纪嘉澍,2023-12-19 14:40
三峡大学(中外合作办学),三峡大学(中外合作办学),2955,,1785687825667099,纪嘉澍,2023-12-19 14:40,纪嘉澍,2023-12-19 14:40
湖北警察学院,湖北警察学院,2956,,1785687825659947,纪嘉澍,2023-12-19 14:40,纪嘉澍,2023-12-19 14:40
汉口学院(中外合作办学),汉口学院(中外合作办学),2957,,1785687825658907,纪嘉澍,2023-12-19 14:40,纪嘉澍,2023-12-19 14:40
武昌理工学院(中外合作办学),武昌理工学院(中外合作办学),2958,,1785687825662027,纪嘉澍,2023-12-19 14:40,纪嘉澍,2023-12-19 14:40
武汉商贸职业学院(中外合作办学),武汉商贸职业学院(中外合作办学),2959,,1785687825664059,纪嘉澍,2023-12-19 14:40,纪嘉澍,2023-12-19 14:40
武汉商贸职业学院(面试要求),武汉商贸职业学院(面试要求),2960,,1785687825666091,纪嘉澍,2023-12-19 14:40,纪嘉澍,2023-12-19 14:40
武汉工商学院(少数民族预科班),武汉工商学院(少数民族预科班),2961,,1785687825663035,纪嘉澍,2023-12-19 14:40,纪嘉澍,2023-12-19 14:40
武昌职业学院(定向培养士官计划其它),武昌职业学院(定向培养士官计划其它),2962,,1785687825665083,纪嘉澍,2023-12-19 14:40,纪嘉澍,2023-12-19 14:40
海南大学(专业志愿),海南大学(专业志愿),2963,,1785687825661979,纪嘉澍,2023-12-19 14:40,纪嘉澍,2023-12-19 14:40
海南大学(中外合作办学),海南大学(中外合作办学),2964,,1785687825660939,纪嘉澍,2023-12-19 14:40,纪嘉澍,2023-12-19 14:40
海南大学(院校特定要求),海南大学(院校特定要求),2965,,1785687825661995,纪嘉澍,2023-12-19 14:40,纪嘉澍,2023-12-19 14:40
海口经济学院(面试要求),海口经济学院(面试要求),2966,,1785687825669131,纪嘉澍,2023-12-19 14:40,纪嘉澍,2023-12-19 14:40
三亚航空旅游职业学院(面试要求),三亚航空旅游职业学院(面试要求),2967,,1785687825658923,纪嘉澍,2023-12-19 14:40,纪嘉澍,2023-12-19 14:40
海南热带海洋学院(中外合作办学),海南热带海洋学院(中外合作办学),2968,,1785687825667083,纪嘉澍,2023-12-19 14:40,纪嘉澍,2023-12-19 14:40
山西大学(大东关校区),山西大学(大东关校区),2969,,1785687825659963,纪嘉澍,2023-12-19 14:40,纪嘉澍,2023-12-19 14:40
山西大学(软件),山西大学(软件),2970,,1785687825665035,纪嘉澍,2023-12-19 14:40,纪嘉澍,2023-12-19 14:40
太原科技大学(中外合作办学),太原科技大学(中外合作办学),2971,,1785687825668123,纪嘉澍,2023-12-19 14:40,纪嘉澍,2023-12-19 14:40
太原科技大学(晋城校区),太原科技大学(晋城校区),2972,,1785687825668155,纪嘉澍,2023-12-19 14:40,纪嘉澍,2023-12-19 14:40
中北大学(朔州校区),中北大学(朔州校区),2973,,1785687825669163,纪嘉澍,2023-12-19 14:40,纪嘉澍,2023-12-19 14:40
中北大学(软件高费),中北大学(软件高费),2974,,1785687825659931,纪嘉澍,2023-12-19 14:40,纪嘉澍,2023-12-19 14:40
太原理工大学(软件高费),太原理工大学(软件高费),2975,,1785687825658939,纪嘉澍,2023-12-19 14:40,纪嘉澍,2023-12-19 14:40
山西农业大学太原畜牧兽医学院,山西农业大学太原畜牧兽医学院,2976,,1785687825657899,纪嘉澍,2023-12-19 14:40,纪嘉澍,2023-12-19 14:40
山西农业大学平遥机电学院,山西农业大学平遥机电学院,2977,,1785687825663003,纪嘉澍,2023-12-19 14:40,纪嘉澍,2023-12-19 14:40
山西农业大学(软件),山西农业大学(软件),2978,,1785687825667131,纪嘉澍,2023-12-19 14:40,纪嘉澍,2023-12-19 14:40
山西大同大学(大同师范分校),山西大同大学(大同师范分校),2979,,1785687825666107,纪嘉澍,2023-12-19 14:40,纪嘉澍,2023-12-19 14:40
运城学院山西财经大学,运城学院山西财经大学,2980,,1785687825666075,纪嘉澍,2023-12-19 14:40,纪嘉澍,2023-12-19 14:40
山西财经大学(中外),山西财经大学(中外),2981,,1785687825657915,纪嘉澍,2023-12-19 14:40,纪嘉澍,2023-12-19 14:40
山西财经大学(中德学院),山西财经大学(中德学院),2982,,1785687825660955,纪嘉澍,2023-12-19 14:40,纪嘉澍,2023-12-19 14:40
山西财经大学经济技术学院,山西财经大学经济技术学院,2983,,1785687825664043,纪嘉澍,2023-12-19 14:40,纪嘉澍,2023-12-19 14:40
山西财经大学运城学院,山西财经大学运城学院,2984,,1785687825665051,纪嘉澍,2023-12-19 14:40,纪嘉澍,2023-12-19 14:40
吕梁学院(吕梁市离石区),吕梁学院(吕梁市离石区),2985,,1785687825662987,纪嘉澍,2023-12-19 14:40,纪嘉澍,2023-12-19 14:40
吕梁学院(汾阳师范分校),吕梁学院(汾阳师范分校),2986,,1785687825657867,纪嘉澍,2023-12-19 14:40,纪嘉澍,2023-12-19 14:40
吕梁学院(离石师范分校),吕梁学院(离石师范分校),2987,,1785687825655899,纪嘉澍,2023-12-19 14:40,纪嘉澍,2023-12-19 14:40
晋中学院师范分院,晋中学院师范分院,2988,,1785687825662011,纪嘉澍,2023-12-19 14:40,纪嘉澍,2023-12-19 14:40
太原学院(太原),太原学院(太原),2989,,1785687825665067,纪嘉澍,2023-12-19 14:40,纪嘉澍,2023-12-19 14:40
哈尔滨工程大学(中外合作办学),哈尔滨工程大学(中外合作办学),2990,,1785687825655915,纪嘉澍,2023-12-19 14:40,纪嘉澍,2023-12-19 14:40
东北农业大学(中外合作办学),东北农业大学(中外合作办学),2991,,1785687825668139,纪嘉澍,2023-12-19 14:40,纪嘉澍,2023-12-19 14:40
东北农业大学成栋学院,东北农业大学成栋学院,2992,,1785687825660971,纪嘉澍,2023-12-19 14:40,纪嘉澍,2023-12-19 14:40
东北林业大学(中外合作办学),东北林业大学(中外合作办学),2993,,1785687825664011,纪嘉澍,2023-12-19 14:40,纪嘉澍,2023-12-19 14:40
哈尔滨医科大学(院校特定要求),哈尔滨医科大学(院校特定要求),2994,,1785687825667115,纪嘉澍,2023-12-19 14:40,纪嘉澍,2023-12-19 14:40
哈尔滨师范大学呼兰学院,哈尔滨师范大学呼兰学院,2995,,1785687825659915,纪嘉澍,2023-12-19 14:40,纪嘉澍,2023-12-19 14:40
哈尔滨师范大学阿城学院,哈尔滨师范大学阿城学院,2996,,1785687825668107,纪嘉澍,2023-12-19 14:40,纪嘉澍,2023-12-19 14:40
佳木斯大学继续教育学院,佳木斯大学继续教育学院,2997,,1785687825669147,纪嘉澍,2023-12-19 14:40,纪嘉澍,2023-12-19 14:40
哈尔滨理工大学荣成校区,哈尔滨理工大学荣成校区,2998,,1785687825658891,纪嘉澍,2023-12-19 14:40,纪嘉澍,2023-12-19 14:40
黑河学院(校企合作软件外包专业),黑河学院(校企合作软件外包专业),2999,,1785687825657883,纪嘉澍,2023-12-19 14:40,纪嘉澍,2023-12-19 14:40
黑龙江交通职业技术学院(哈尔滨),黑龙江交通职业技术学院(哈尔滨),3000,,1785687825660987,纪嘉澍,2023-12-19 14:40,纪嘉澍,2023-12-19 14:40
黑龙江司法警官职业学院(男),黑龙江司法警官职业学院(男),3001,,1785687825664027,纪嘉澍,2023-12-19 14:40,纪嘉澍,2023-12-19 14:40
华东交通大学(中外合作办学),华东交通大学(中外合作办学),3002,,1785687826163723,纪嘉澍,2023-12-19 14:40,纪嘉澍,2023-12-19 14:40
华东交通大学(国防生),华东交通大学(国防生),3003,,1785687826164779,纪嘉澍,2023-12-19 14:40,纪嘉澍,2023-12-19 14:40
华东交通大学(地方专项计划),华东交通大学(地方专项计划),3004,,1785687826172971,纪嘉澍,2023-12-19 14:40,纪嘉澍,2023-12-19 14:40
华东交通大学(少数民族预科班),华东交通大学(少数民族预科班),3005,,1785687826164795,纪嘉澍,2023-12-19 14:40,纪嘉澍,2023-12-19 14:40
华东交通大学(职教本科合作实验班),华东交通大学(职教本科合作实验班),3006,,1785687826174011,纪嘉澍,2023-12-19 14:40,纪嘉澍,2023-12-19 14:40
华东交通大学(苏区专项计划),华东交通大学(苏区专项计划),3007,,1785687826168939,纪嘉澍,2023-12-19 14:40,纪嘉澍,2023-12-19 14:40
华东交通大学(院校特定要求),华东交通大学(院校特定要求),3008,,1785687826169947,纪嘉澍,2023-12-19 14:40,纪嘉澍,2023-12-19 14:40
华东交通大学(高费),华东交通大学(高费),3009,,1785687826167915,纪嘉澍,2023-12-19 14:40,纪嘉澍,2023-12-19 14:40
东华理工大学(中外合作办学),东华理工大学(中外合作办学),3010,,1785687826161723,纪嘉澍,2023-12-19 14:40,纪嘉澍,2023-12-19 14:40
东华理工大学(职教本科合作实验班),东华理工大学(职教本科合作实验班),3011,,1785687826167931,纪嘉澍,2023-12-19 14:40,纪嘉澍,2023-12-19 14:40
东华理工大学(苏区专项计划),东华理工大学(苏区专项计划),3012,,1785687826161675,纪嘉澍,2023-12-19 14:40,纪嘉澍,2023-12-19 14:40
南昌航空大学(中外合作办学),南昌航空大学(中外合作办学),3013,,1785687826167883,纪嘉澍,2023-12-19 14:40,纪嘉澍,2023-12-19 14:40
南昌航空大学(地方专项计划),南昌航空大学(地方专项计划),3014,,1785687826162715,纪嘉澍,2023-12-19 14:40,纪嘉澍,2023-12-19 14:40
南昌航空大学(职教本科合作实验班),南昌航空大学(职教本科合作实验班),3015,,1785687826172939,纪嘉澍,2023-12-19 14:40,纪嘉澍,2023-12-19 14:40
南昌航空大学(苏区专项计划),南昌航空大学(苏区专项计划),3016,,1785687826161691,纪嘉澍,2023-12-19 14:40,纪嘉澍,2023-12-19 14:40
江西理工大学(地方专项计划),江西理工大学(地方专项计划),3017,,1785687826162699,纪嘉澍,2023-12-19 14:40,纪嘉澍,2023-12-19 14:40
江西理工大学(苏区专项计划),江西理工大学(苏区专项计划),3018,,1785687826165803,纪嘉澍,2023-12-19 14:40,纪嘉澍,2023-12-19 14:40
江西理工大学(院校特定要求),江西理工大学(院校特定要求),3019,,1785687826166827,纪嘉澍,2023-12-19 14:40,纪嘉澍,2023-12-19 14:40
景德镇陶瓷大学(地方专项计划),景德镇陶瓷大学(地方专项计划),3020,,1785687826169963,纪嘉澍,2023-12-19 14:40,纪嘉澍,2023-12-19 14:40
景德镇陶瓷大学(少数民族预科班),景德镇陶瓷大学(少数民族预科班),3021,,1785687826162731,纪嘉澍,2023-12-19 14:40,纪嘉澍,2023-12-19 14:40
景德镇陶瓷大学(职教本科合作实验班),景德镇陶瓷大学(职教本科合作实验班),3022,,1785687826166859,纪嘉澍,2023-12-19 14:40,纪嘉澍,2023-12-19 14:40
江西农业大学(地方专项计划),江西农业大学(地方专项计划),3023,,1785687826167899,纪嘉澍,2023-12-19 14:40,纪嘉澍,2023-12-19 14:40
江西农业大学(苏区专项计划),江西农业大学(苏区专项计划),3024,,1785687826165819,纪嘉澍,2023-12-19 14:40,纪嘉澍,2023-12-19 14:40
江西中医药大学(苏区专项计划),江西中医药大学(苏区专项计划),3025,,1785687826169979,纪嘉澍,2023-12-19 14:40,纪嘉澍,2023-12-19 14:40
赣南医学院(少数民族预科班),赣南医学院(少数民族预科班),3026,,1785687826162747,纪嘉澍,2023-12-19 14:40,纪嘉澍,2023-12-19 14:40
赣南医学院(职教本科合作实验班),赣南医学院(职教本科合作实验班),3027,,1785687826165787,纪嘉澍,2023-12-19 14:40,纪嘉澍,2023-12-19 14:40
赣南医学院(苏区专项计划),赣南医学院(苏区专项计划),3028,,1785687826173963,纪嘉澍,2023-12-19 14:40,纪嘉澍,2023-12-19 14:40
江西师范大学(地方专项计划),江西师范大学(地方专项计划),3029,,1785687826168907,纪嘉澍,2023-12-19 14:40,纪嘉澍,2023-12-19 14:40
江西师范大学(少数民族预科班),江西师范大学(少数民族预科班),3030,,1785687826171931,纪嘉澍,2023-12-19 14:40,纪嘉澍,2023-12-19 14:40
江西师范大学(苏区专项计划),江西师范大学(苏区专项计划),3031,,1785687826172987,纪嘉澍,2023-12-19 14:40,纪嘉澍,2023-12-19 14:40
上饶师范学院(农林类),上饶师范学院(农林类),3032,,1785687826163739,纪嘉澍,2023-12-19 14:40,纪嘉澍,2023-12-19 14:40
上饶师范学院(少数民族预科班),上饶师范学院(少数民族预科班),3033,,1785687826166811,纪嘉澍,2023-12-19 14:40,纪嘉澍,2023-12-19 14:40
宜春学院(少数民族预科班),宜春学院(少数民族预科班),3034,,1785687826165835,纪嘉澍,2023-12-19 14:40,纪嘉澍,2023-12-19 14:40
宜春学院(服务外包类),宜春学院(服务外包类),3035,,1785687826171947,纪嘉澍,2023-12-19 14:40,纪嘉澍,2023-12-19 14:40
赣南师范大学(地方专项计划),赣南师范大学(地方专项计划),3036,,1785687831552019,纪嘉澍,2023-12-19 14:40,纪嘉澍,2023-12-19 14:40
赣南师范大学(少数民族预科班),赣南师范大学(少数民族预科班),3037,,1785687826173979,纪嘉澍,2023-12-19 14:40,纪嘉澍,2023-12-19 14:40
赣南师范大学(苏区专项计划),赣南师范大学(苏区专项计划),3038,,1785687831552003,纪嘉澍,2023-12-19 14:40,纪嘉澍,2023-12-19 14:40
井冈山大学(职教本科合作实验班),井冈山大学(职教本科合作实验班),3039,,1785687826161707,纪嘉澍,2023-12-19 14:40,纪嘉澍,2023-12-19 14:40
井冈山大学(苏区专项计划),井冈山大学(苏区专项计划),3040,,1785687826171915,纪嘉澍,2023-12-19 14:40,纪嘉澍,2023-12-19 14:40
江西财经大学(地方专项计划),江西财经大学(地方专项计划),3041,,1785687826168923,纪嘉澍,2023-12-19 14:40,纪嘉澍,2023-12-19 14:40
江西财经大学(职教本科合作实验班),江西财经大学(职教本科合作实验班),3042,,1785687826163755,纪嘉澍,2023-12-19 14:40,纪嘉澍,2023-12-19 14:40
江西财经大学(苏区专项计划),江西财经大学(苏区专项计划),3043,,1785687826164763,纪嘉澍,2023-12-19 14:40,纪嘉澍,2023-12-19 14:40
江西科技学院(少数民族预科班),江西科技学院(少数民族预科班),3044,,1785687826164747,纪嘉澍,2023-12-19 14:40,纪嘉澍,2023-12-19 14:40
江西科技学院(面试要求),江西科技学院(面试要求),3045,,1785687826172955,纪嘉澍,2023-12-19 14:40,纪嘉澍,2023-12-19 14:40
江西科技师范大学(职教本科合作实,江西科技师范大学(职教本科合作实,3046,,1785687826166843,纪嘉澍,2023-12-19 14:40,纪嘉澍,2023-12-19 14:40
江西科技师范大学(职教本科合作实验班),江西科技师范大学(职教本科合作实验班),3047,,1785687826171963,纪嘉澍,2023-12-19 14:40,纪嘉澍,2023-12-19 14:40
江西科技师范大学(苏区专项计划),江西科技师范大学(苏区专项计划),3048,,1785687826169931,纪嘉澍,2023-12-19 14:40,纪嘉澍,2023-12-19 14:40
新余学院(少数民族预科班),新余学院(少数民族预科班),3049,,1785687826168955,纪嘉澍,2023-12-19 14:40,纪嘉澍,2023-12-19 14:40
新余学院(职教本科合作实验班),新余学院(职教本科合作实验班),3050,,1785687826163771,纪嘉澍,2023-12-19 14:40,纪嘉澍,2023-12-19 14:40
九江学院(少数民族预科班),九江学院(少数民族预科班),3051,,1785687826173995,纪嘉澍,2023-12-19 14:40,纪嘉澍,2023-12-19 14:40
九江学院(职教本科合作实验班),九江学院(职教本科合作实验班),3052,,1785687831713849,纪嘉澍,2023-12-19 14:40,纪嘉澍,2023-12-19 14:40
南昌大学(中外合作办学),南昌大学(中外合作办学),3053,,1785687837540379,纪嘉澍,2023-12-19 14:40,纪嘉澍,2023-12-19 14:40
南昌大学(地方专项计划),南昌大学(地方专项计划),3054,,1785687837546603,纪嘉澍,2023-12-19 14:40,纪嘉澍,2023-12-19 14:40
南昌大学(少数民族预科班),南昌大学(少数民族预科班),3055,,1785687837546619,纪嘉澍,2023-12-19 14:40,纪嘉澍,2023-12-19 14:40
南昌大学(苏区专项计划),南昌大学(苏区专项计划),3056,,1785687837541435,纪嘉澍,2023-12-19 14:40,纪嘉澍,2023-12-19 14:40
南昌理工学院(少数民族预科班),南昌理工学院(少数民族预科班),3057,,1785687837547691,纪嘉澍,2023-12-19 14:40,纪嘉澍,2023-12-19 14:40
南昌理工学院(面试要求),南昌理工学院(面试要求),3058,,1785687837538315,纪嘉澍,2023-12-19 14:40,纪嘉澍,2023-12-19 14:40
南昌工学院(少数民族预科班),南昌工学院(少数民族预科班),3059,,1785687837538347,纪嘉澍,2023-12-19 14:40,纪嘉澍,2023-12-19 14:40
南昌工学院(民族班),南昌工学院(民族班),3060,,1785687837541419,纪嘉澍,2023-12-19 14:40,纪嘉澍,2023-12-19 14:40
江西科技师范大学理工学院(少数民族预科班),江西科技师范大学理工学院(少数民族预科班),3061,,1785687837539403,纪嘉澍,2023-12-19 14:40,纪嘉澍,2023-12-19 14:40
南昌影视传播职业学院(面试要求),南昌影视传播职业学院(面试要求),3062,,1785687831712825,纪嘉澍,2023-12-19 14:40,纪嘉澍,2023-12-19 14:40
重庆大学(中外合作办学),重庆大学(中外合作办学),3063,,1785687831712777,纪嘉澍,2023-12-19 14:40,纪嘉澍,2023-12-19 14:40
重庆邮电大学(中外合作办学),重庆邮电大学(中外合作办学),3064,,1785687831714873,纪嘉澍,2023-12-19 14:40,纪嘉澍,2023-12-19 14:40
重庆邮电大学(院校特定要求),重庆邮电大学(院校特定要求),3065,,1785687837544539,纪嘉澍,2023-12-19 14:40,纪嘉澍,2023-12-19 14:40
重庆交通大学(中外),重庆交通大学(中外),3066,,1785687831713801,纪嘉澍,2023-12-19 14:40,纪嘉澍,2023-12-19 14:40
重庆医科大学(缙云校区),重庆医科大学(缙云校区),3067,,1785687837542459,纪嘉澍,2023-12-19 14:40,纪嘉澍,2023-12-19 14:40
西南大学(中外合作办学),西南大学(中外合作办学),3068,,1785687837540395,纪嘉澍,2023-12-19 14:40,纪嘉澍,2023-12-19 14:40
西南大学应用技术学院,西南大学应用技术学院,3069,,1785687837543451,纪嘉澍,2023-12-19 14:40,纪嘉澍,2023-12-19 14:40
重庆三峡学院(校企合作软件外包专业),重庆三峡学院(校企合作软件外包专业),3070,,1785687837543483,纪嘉澍,2023-12-19 14:40,纪嘉澍,2023-12-19 14:40
长江师范学院(校企合作软件外包专业),长江师范学院(校企合作软件外包专业),3071,,1785687837537307,纪嘉澍,2023-12-19 14:40,纪嘉澍,2023-12-19 14:40
西南政法大学(中外合作办学),西南政法大学(中外合作办学),3072,,1785687837537291,纪嘉澍,2023-12-19 14:40,纪嘉澍,2023-12-19 14:40
重庆理工大学(中外合作办学),重庆理工大学(中外合作办学),3073,,1785687837538331,纪嘉澍,2023-12-19 14:40,纪嘉澍,2023-12-19 14:40
重庆工商大学(中外合作办学),重庆工商大学(中外合作办学),3074,,1785687837547675,纪嘉澍,2023-12-19 14:40,纪嘉澍,2023-12-19 14:40
重庆人文科技学院(少数民族预科班),重庆人文科技学院(少数民族预科班),3075,,1785687831713817,纪嘉澍,2023-12-19 14:40,纪嘉澍,2023-12-19 14:40
重庆人文科技学院(预科),重庆人文科技学院(预科),3076,,1785687831712793,纪嘉澍,2023-12-19 14:40,纪嘉澍,2023-12-19 14:40
重庆第二师范学院(中外合作办学),重庆第二师范学院(中外合作办学),3077,,1785687837543467,纪嘉澍,2023-12-19 14:40,纪嘉澍,2023-12-19 14:40
"华北水利水电大学(与嵩山少林武术职业学院联办,就读地详见专业说明)","华北水利水电大学(与嵩山少林武术职业学院联办,就读地详见专业说明)",3078,,1785687837542443,纪嘉澍,2023-12-19 14:40,纪嘉澍,2023-12-19 14:40
华北水利水电大学(与河南经贸职业学院联办，就读在河南经贸职业学院),华北水利水电大学(与河南经贸职业学院联办，就读在河南经贸职业学院),3079,,1785687837541387,纪嘉澍,2023-12-19 14:40,纪嘉澍,2023-12-19 14:40
"华北水利水电大学(与黄河水利职业技术学院联办,就读地在开封)","华北水利水电大学(与黄河水利职业技术学院联办,就读地在开封)",3080,,1785687837539435,纪嘉澍,2023-12-19 14:40,纪嘉澍,2023-12-19 14:40
华北水利水电大学(中外合作办学),华北水利水电大学(中外合作办学),3081,,1785687831712809,纪嘉澍,2023-12-19 14:40,纪嘉澍,2023-12-19 14:40
华北水利水电大学(少数民族预科班),华北水利水电大学(少数民族预科班),3082,,1785687837543435,纪嘉澍,2023-12-19 14:40,纪嘉澍,2023-12-19 14:40
郑州大学(中外合作办学),郑州大学(中外合作办学),3083,,1785687837537339,纪嘉澍,2023-12-19 14:40,纪嘉澍,2023-12-19 14:40
郑州大学西亚斯国际学院,郑州大学西亚斯国际学院,3084,,1785687837545547,纪嘉澍,2023-12-19 14:40,纪嘉澍,2023-12-19 14:40
郑州大学西亚斯国际学院与美国堪萨斯州富特海斯州立大学合办,郑州大学西亚斯国际学院与美国堪萨斯州富特海斯州立大学合办,3085,,1785687837546571,纪嘉澍,2023-12-19 14:40,纪嘉澍,2023-12-19 14:40
河南理工大学(与平顶山工业职业技术学院联办，就读地在平顶山),河南理工大学(与平顶山工业职业技术学院联办，就读地在平顶山),3086,,1785687837546587,纪嘉澍,2023-12-19 14:40,纪嘉澍,2023-12-19 14:40
河南理工大学(与鹤壁市政府联办工程技术学院)(就读在鹤壁),河南理工大学(与鹤壁市政府联办工程技术学院)(就读在鹤壁),3087,,1785687837539419,纪嘉澍,2023-12-19 14:40,纪嘉澍,2023-12-19 14:40
河南理工大学(中外合作办学),河南理工大学(中外合作办学),3088,,1785687837545563,纪嘉澍,2023-12-19 14:40,纪嘉澍,2023-12-19 14:40
河南理工大学(办学就读地在焦作市解放中路),河南理工大学(办学就读地在焦作市解放中路),3089,,1785687837539451,纪嘉澍,2023-12-19 14:40,纪嘉澍,2023-12-19 14:40
郑州轻工业大学(与济源职业技术学院联办)(就读在济源职业技术学院),郑州轻工业大学(与济源职业技术学院联办)(就读在济源职业技术学院),3090,,1785687831714825,纪嘉澍,2023-12-19 14:40,纪嘉澍,2023-12-19 14:40
郑州轻工业大学(中外合作办学),郑州轻工业大学(中外合作办学),3091,,1785687837540411,纪嘉澍,2023-12-19 14:40,纪嘉澍,2023-12-19 14:40
郑州轻工业大学易斯顿国际美术学院,郑州轻工业大学易斯顿国际美术学院,3092,,1785687837540363,纪嘉澍,2023-12-19 14:40,纪嘉澍,2023-12-19 14:40
郑州轻工业大学轻工职业学院,郑州轻工业大学轻工职业学院,3093,,1785687837541403,纪嘉澍,2023-12-19 14:40,纪嘉澍,2023-12-19 14:40
河南工业大学(与河南应用技术职业学院联办，就读在技术职业学院),河南工业大学(与河南应用技术职业学院联办，就读在技术职业学院),3094,,1785687837544523,纪嘉澍,2023-12-19 14:40,纪嘉澍,2023-12-19 14:40
河南工业大学(与漯河市政府合办漯河工学院),河南工业大学(与漯河市政府合办漯河工学院),3095,,1785687831713833,纪嘉澍,2023-12-19 14:40,纪嘉澍,2023-12-19 14:40
河南工业大学(中外合作办学),河南工业大学(中外合作办学),3096,,1785687837545595,纪嘉澍,2023-12-19 14:40,纪嘉澍,2023-12-19 14:40
河南工业大学(办学就读地点在河南辅读中等职业学校),河南工业大学(办学就读地点在河南辅读中等职业学校),3097,,1785687837542411,纪嘉澍,2023-12-19 14:40,纪嘉澍,2023-12-19 14:40
河南工业大学化学工业职业学院,河南工业大学化学工业职业学院,3098,,1785687837544571,纪嘉澍,2023-12-19 14:40,纪嘉澍,2023-12-19 14:40
"河南科技大学(与三门峡市政府联办应用工程学院,就读地在三门峡市)","河南科技大学(与三门峡市政府联办应用工程学院,就读地在三门峡市)",3099,,1785687837547707,纪嘉澍,2023-12-19 14:40,纪嘉澍,2023-12-19 14:40
河南科技大学(与河南工业职业技术学院联办，就读地在南阳市),河南科技大学(与河南工业职业技术学院联办，就读地在南阳市),3100,,1785687831714857,纪嘉澍,2023-12-19 14:40,纪嘉澍,2023-12-19 14:40
河南科技大学应用工程学院(三门峡职业技术学院),河南科技大学应用工程学院(三门峡职业技术学院),3101,,1785687837537323,纪嘉澍,2023-12-19 14:40,纪嘉澍,2023-12-19 14:40
"中原工学院(与河南职业技术学院联办,就读在河南职业技术学院)","中原工学院(与河南职业技术学院联办,就读在河南职业技术学院)",3102,,1785687831694345,纪嘉澍,2023-12-19 14:40,纪嘉澍,2023-12-19 14:40
中原工学院(中外合作办学),中原工学院(中外合作办学),3103,,1785687831691305,纪嘉澍,2023-12-19 14:40,纪嘉澍,2023-12-19 14:40
中原工学院(软件类),中原工学院(软件类),3104,,1785687831699465,纪嘉澍,2023-12-19 14:40,纪嘉澍,2023-12-19 14:40
河南农业大学(中外合作办学),河南农业大学(中外合作办学),3105,,1785687831702585,纪嘉澍,2023-12-19 14:40,纪嘉澍,2023-12-19 14:40
河南农业大学(办学就读地点在许昌),河南农业大学(办学就读地点在许昌),3106,,1785687831692345,纪嘉澍,2023-12-19 14:40,纪嘉澍,2023-12-19 14:40
河南牧业经济学院(中外合作)(英才校区),河南牧业经济学院(中外合作)(英才校区),3107,,1785687831697465,纪嘉澍,2023-12-19 14:40,纪嘉澍,2023-12-19 14:40
河南牧业经济学院(软件类)(龙子湖校区),河南牧业经济学院(软件类)(龙子湖校区),3108,,1785687831696425,纪嘉澍,2023-12-19 14:40,纪嘉澍,2023-12-19 14:40
河南中医药大学(与嵩山少林武术职业学院联合办学(前两年就读嵩山),河南中医药大学(与嵩山少林武术职业学院联合办学(前两年就读嵩山),3109,,1785687831695417,纪嘉澍,2023-12-19 14:40,纪嘉澍,2023-12-19 14:40
河南中医药大学(免费医学定向)定向就业县(市)见专业说明,河南中医药大学(免费医学定向)定向就业县(市)见专业说明,3110,,1785687831695369,纪嘉澍,2023-12-19 14:40,纪嘉澍,2023-12-19 14:40
河南中医药大学(软件类专业),河南中医药大学(软件类专业),3111,,1785687831696441,纪嘉澍,2023-12-19 14:40,纪嘉澍,2023-12-19 14:40
新乡医学院(中外课程合作),新乡医学院(中外课程合作),3112,,1785687831692313,纪嘉澍,2023-12-19 14:40,纪嘉澍,2023-12-19 14:40
新乡医学院(免费医学定向)定向就业县(市)见专业说明,新乡医学院(免费医学定向)定向就业县(市)见专业说明,3113,,1785687831695401,纪嘉澍,2023-12-19 14:40,纪嘉澍,2023-12-19 14:40
河南大学(与开封大学联合办学)(就读地点：开封大学),河南大学(与开封大学联合办学)(就读地点：开封大学),3114,,1785687831694361,纪嘉澍,2023-12-19 14:40,纪嘉澍,2023-12-19 14:40
河南大学(与濮阳市联办濮阳工学院),河南大学(与濮阳市联办濮阳工学院),3115,,1785687831700489,纪嘉澍,2023-12-19 14:40,纪嘉澍,2023-12-19 14:40
河南大学(中外合作办学),河南大学(中外合作办学),3116,,1785687831696393,纪嘉澍,2023-12-19 14:40,纪嘉澍,2023-12-19 14:40
河南大学(软件类),河南大学(软件类),3117,,1785687831702553,纪嘉澍,2023-12-19 14:40,纪嘉澍,2023-12-19 14:40
河南师范大学(中外合作办学),河南师范大学(中外合作办学),3118,,1785687831702601,纪嘉澍,2023-12-19 14:40,纪嘉澍,2023-12-19 14:40
信阳师范学院(中外合作办学),信阳师范学院(中外合作办学),3119,,1785687831693337,纪嘉澍,2023-12-19 14:40,纪嘉澍,2023-12-19 14:40
信阳师范学院(免费全科师范定向就业招生)定向县(市)见专业说明,信阳师范学院(免费全科师范定向就业招生)定向县(市)见专业说明,3120,,1785687831703577,纪嘉澍,2023-12-19 14:40,纪嘉澍,2023-12-19 14:40
周口师范学院(免费全科师范定向就业招生)定向县(市)见专业说明,周口师范学院(免费全科师范定向就业招生)定向县(市)见专业说明,3121,,1785687831699497,纪嘉澍,2023-12-19 14:40,纪嘉澍,2023-12-19 14:40
安阳师范学院(中外合作办学),安阳师范学院(中外合作办学),3122,,1785687831696409,纪嘉澍,2023-12-19 14:40,纪嘉澍,2023-12-19 14:40
安阳师范学院人文管理学院,安阳师范学院人文管理学院,3123,,1785687831691273,纪嘉澍,2023-12-19 14:40,纪嘉澍,2023-12-19 14:40
安阳师范学院(免费全科师范定向就业招生)定向县(市)见专业说明,安阳师范学院(免费全科师范定向就业招生)定向县(市)见专业说明,3124,,1785687831695385,纪嘉澍,2023-12-19 14:40,纪嘉澍,2023-12-19 14:40
安阳师范学院(软件类),安阳师范学院(软件类),3125,,1785687831701513,纪嘉澍,2023-12-19 14:40,纪嘉澍,2023-12-19 14:40
许昌学院(中外合作办学),许昌学院(中外合作办学),3126,,1785687831703561,纪嘉澍,2023-12-19 14:40,纪嘉澍,2023-12-19 14:40
南阳师范学院(专业志愿),南阳师范学院(专业志愿),3127,,1785687831697417,纪嘉澍,2023-12-19 14:40,纪嘉澍,2023-12-19 14:40
南阳师范学院(中外合作办学),南阳师范学院(中外合作办学),3128,,1785687831693369,纪嘉澍,2023-12-19 14:40,纪嘉澍,2023-12-19 14:40
南阳师范学院(免费全科师范定向就业招生),南阳师范学院(免费全科师范定向就业招生),3129,,1785687831692329,纪嘉澍,2023-12-19 14:40,纪嘉澍,2023-12-19 14:40
洛阳师范学院(中外合作办学),洛阳师范学院(中外合作办学),3130,,1785687831701561,纪嘉澍,2023-12-19 14:40,纪嘉澍,2023-12-19 14:40
洛阳师范学院(免费全科师范定向就业招生)定向县(市)见专业说明,洛阳师范学院(免费全科师范定向就业招生)定向县(市)见专业说明,3131,,1785687831698457,纪嘉澍,2023-12-19 14:40,纪嘉澍,2023-12-19 14:40
洛阳师范学院(软件类),洛阳师范学院(软件类),3132,,1785687831698489,纪嘉澍,2023-12-19 14:40,纪嘉澍,2023-12-19 14:40
洛阳师范学院(马来西亚城市大学河洛学院),洛阳师范学院(马来西亚城市大学河洛学院),3133,,1785687831699481,纪嘉澍,2023-12-19 14:40,纪嘉澍,2023-12-19 14:40
商丘师范学院(与商丘职业技术学院联办)(就读在商丘职业技术学院),商丘师范学院(与商丘职业技术学院联办)(就读在商丘职业技术学院),3134,,1785687831700505,纪嘉澍,2023-12-19 14:40,纪嘉澍,2023-12-19 14:40
商丘师范学院(中外合作办学),商丘师范学院(中外合作办学),3135,,1785687831701545,纪嘉澍,2023-12-19 14:40,纪嘉澍,2023-12-19 14:40
商丘师范学院(免费全科师范定向就业招生)定向县(市)见专业说明,商丘师范学院(免费全科师范定向就业招生)定向县(市)见专业说明,3136,,1785687831694393,纪嘉澍,2023-12-19 14:40,纪嘉澍,2023-12-19 14:40
河南财经政法大学(与俄罗斯人民友谊大学合办),河南财经政法大学(与俄罗斯人民友谊大学合办),3137,,1785687831691321,纪嘉澍,2023-12-19 14:40,纪嘉澍,2023-12-19 14:40
"河南财经政法大学(与河南省人民检察院联办,就读在河南检察职业学院)","河南财经政法大学(与河南省人民检察院联办,就读在河南检察职业学院)",3138,,1785687831697433,纪嘉澍,2023-12-19 14:40,纪嘉澍,2023-12-19 14:40
河南财经政法大学(与爱尔兰合办),河南财经政法大学(与爱尔兰合办),3139,,1785687831693321,纪嘉澍,2023-12-19 14:40,纪嘉澍,2023-12-19 14:40
河南财经政法大学(中外合作办学),河南财经政法大学(中外合作办学),3140,,1785687831691289,纪嘉澍,2023-12-19 14:40,纪嘉澍,2023-12-19 14:40
河南财经政法大学(软件类专业),河南财经政法大学(软件类专业),3141,,1785687831697449,纪嘉澍,2023-12-19 14:40,纪嘉澍,2023-12-19 14:40
郑州航空工业管理学院(与郑州信息科技职业学院联办),郑州航空工业管理学院(与郑州信息科技职业学院联办),3142,,1785687831692297,纪嘉澍,2023-12-19 14:40,纪嘉澍,2023-12-19 14:40
郑州航空工业管理学院(中外合作办学),郑州航空工业管理学院(中外合作办学),3143,,1785687831700521,纪嘉澍,2023-12-19 14:40,纪嘉澍,2023-12-19 14:40
郑州航空工业管理学院(面试要求),郑州航空工业管理学院(面试要求),3144,,1785687831699513,纪嘉澍,2023-12-19 14:40,纪嘉澍,2023-12-19 14:40
郑州铁路职业技术学院(中外合作办学),郑州铁路职业技术学院(中外合作办学),3145,,1785687831700537,纪嘉澍,2023-12-19 14:40,纪嘉澍,2023-12-19 14:40
郑州铁路职业技术学院(软件类),郑州铁路职业技术学院(软件类),3146,,1785687831693353,纪嘉澍,2023-12-19 14:40,纪嘉澍,2023-12-19 14:40
黄淮学院(中外合作办学),黄淮学院(中外合作办学),3147,,1785687831702569,纪嘉澍,2023-12-19 14:40,纪嘉澍,2023-12-19 14:40
平顶山学院(中外合作办学),平顶山学院(中外合作办学),3148,,1785687831698441,纪嘉澍,2023-12-19 14:40,纪嘉澍,2023-12-19 14:40
平顶山学院(软件类),平顶山学院(软件类),3149,,1785687831701529,纪嘉澍,2023-12-19 14:40,纪嘉澍,2023-12-19 14:40
郑州工程技术学院(中外合作办学),郑州工程技术学院(中外合作办学),3150,,1785687831698473,纪嘉澍,2023-12-19 14:40,纪嘉澍,2023-12-19 14:40
开封大学(中外合作办学),开封大学(中外合作办学),3151,,1785687831694377,纪嘉澍,2023-12-19 14:40,纪嘉澍,2023-12-19 14:40
开封大学(软件类),开封大学(软件类),3152,,1785687840960553,纪嘉澍,2023-12-19 14:40,纪嘉澍,2023-12-19 14:40
洛阳理工学院(与河南机电职业学院联办)(就读在河南机电职业学院),洛阳理工学院(与河南机电职业学院联办)(就读在河南机电职业学院),3153,,1785687840954393,纪嘉澍,2023-12-19 14:40,纪嘉澍,2023-12-19 14:40
洛阳理工学院(中外合作办学),洛阳理工学院(中外合作办学),3154,,1785687840960569,纪嘉澍,2023-12-19 14:40,纪嘉澍,2023-12-19 14:40
洛阳理工学院(软件类),洛阳理工学院(软件类),3155,,1785687840960537,纪嘉澍,2023-12-19 14:40,纪嘉澍,2023-12-19 14:40
新乡学院(中外合作办学),新乡学院(中外合作办学),3156,,1785687840957529,纪嘉澍,2023-12-19 14:40,纪嘉澍,2023-12-19 14:40
安阳工学院(中外),安阳工学院(中外),3157,,1785687840965641,纪嘉澍,2023-12-19 14:40,纪嘉澍,2023-12-19 14:40
河南工程学院(中外合作办学),河南工程学院(中外合作办学),3158,,1785687840961593,纪嘉澍,2023-12-19 14:40,纪嘉澍,2023-12-19 14:40
河南工程学院(软件类),河南工程学院(软件类),3159,,1785687840964649,纪嘉澍,2023-12-19 14:40,纪嘉澍,2023-12-19 14:40
"南阳理工学院(与南阳医学高等专科学校联办,就读在南阳医专)","南阳理工学院(与南阳医学高等专科学校联办,就读在南阳医专)",3160,,1785687840960521,纪嘉澍,2023-12-19 14:40,纪嘉澍,2023-12-19 14:40
南阳理工学院(专业志愿),南阳理工学院(专业志愿),3161,,1785687840958585,纪嘉澍,2023-12-19 14:40,纪嘉澍,2023-12-19 14:40
南阳理工学院(中外合作办学),南阳理工学院(中外合作办学),3162,,1785687840952377,纪嘉澍,2023-12-19 14:40,纪嘉澍,2023-12-19 14:40
南阳理工学院(软件类),南阳理工学院(软件类),3163,,1785687840963641,纪嘉澍,2023-12-19 14:40,纪嘉澍,2023-12-19 14:40
河南城建学院(中外合作办学),河南城建学院(中外合作办学),3164,,1785687840962569,纪嘉澍,2023-12-19 14:40,纪嘉澍,2023-12-19 14:40
黄河科技学院(中外合作办学),黄河科技学院(中外合作办学),3165,,1785687840964665,纪嘉澍,2023-12-19 14:40,纪嘉澍,2023-12-19 14:40
黄河科技学院(应用技术学院),黄河科技学院(应用技术学院),3166,,1785687840962585,纪嘉澍,2023-12-19 14:40,纪嘉澍,2023-12-19 14:40
焦作师范高等专科学校(免费全科师范定向就业招生)免学费宿费、给适量补助,焦作师范高等专科学校(免费全科师范定向就业招生)免学费宿费、给适量补助,3167,,1785687840953369,纪嘉澍,2023-12-19 14:40,纪嘉澍,2023-12-19 14:40
郑州师范学院(中外合作办学),郑州师范学院(中外合作办学),3168,,1785687840953353,纪嘉澍,2023-12-19 14:40,纪嘉澍,2023-12-19 14:40
郑州师范学院(免费全科师范定向就业招生)定向县(市)见专业说明,郑州师范学院(免费全科师范定向就业招生)定向县(市)见专业说明,3169,,1785687840952361,纪嘉澍,2023-12-19 14:40,纪嘉澍,2023-12-19 14:40
黄河水利职业技术学院(中外合作办学),黄河水利职业技术学院(中外合作办学),3170,,1785687840956505,纪嘉澍,2023-12-19 14:40,纪嘉澍,2023-12-19 14:40
商丘职业技术学院(软件类),商丘职业技术学院(软件类),3171,,1785687840962601,纪嘉澍,2023-12-19 14:40,纪嘉澍,2023-12-19 14:40
商丘医学高等专科学校(中外合作办学),商丘医学高等专科学校(中外合作办学),3172,,1785687840954441,纪嘉澍,2023-12-19 14:40,纪嘉澍,2023-12-19 14:40
商丘学院(应用科技学院),商丘学院(应用科技学院),3173,,1785687840958537,纪嘉澍,2023-12-19 14:40,纪嘉澍,2023-12-19 14:40
漯河医学高等专科学校(中外合作办学),漯河医学高等专科学校(中外合作办学),3174,,1785687840956537,纪嘉澍,2023-12-19 14:40,纪嘉澍,2023-12-19 14:40
南阳医学高等专科学校(中外合作办学),南阳医学高等专科学校(中外合作办学),3175,,1785687840955481,纪嘉澍,2023-12-19 14:40,纪嘉澍,2023-12-19 14:40
许昌职业技术学院(软件类),许昌职业技术学院(软件类),3176,,1785687840955497,纪嘉澍,2023-12-19 14:40,纪嘉澍,2023-12-19 14:40
河南经贸职业学院(中外合作办学),河南经贸职业学院(中外合作办学),3177,,1785687840957561,纪嘉澍,2023-12-19 14:40,纪嘉澍,2023-12-19 14:40
河南经贸职业学院(软件类),河南经贸职业学院(软件类),3178,,1785687840954409,纪嘉澍,2023-12-19 14:40,纪嘉澍,2023-12-19 14:40
河南农业职业学院(办学地点在河南省民族中等专业学校),河南农业职业学院(办学地点在河南省民族中等专业学校),3179,,1785687840965657,纪嘉澍,2023-12-19 14:40,纪嘉澍,2023-12-19 14:40
河南职业技术学院(软件类),河南职业技术学院(软件类),3180,,1785687840958569,纪嘉澍,2023-12-19 14:40,纪嘉澍,2023-12-19 14:40
"河南财政金融学院(中外合作办学,就读在象湖校区)","河南财政金融学院(中外合作办学,就读在象湖校区)",3181,,1785687840953385,纪嘉澍,2023-12-19 14:40,纪嘉澍,2023-12-19 14:40
"河南财政金融学院(中外合作办学,就读在龙子湖校区)","河南财政金融学院(中外合作办学,就读在龙子湖校区)",3182,,1785687840964617,纪嘉澍,2023-12-19 14:40,纪嘉澍,2023-12-19 14:40
河南财政金融学院(软件类),河南财政金融学院(软件类),3183,,1785687840963625,纪嘉澍,2023-12-19 14:40,纪嘉澍,2023-12-19 14:40
吉林大学(专业志愿),吉林大学(专业志愿),3184,,1785687840963609,纪嘉澍,2023-12-19 14:40,纪嘉澍,2023-12-19 14:40
吉林大学工商管理学院,吉林大学工商管理学院,3185,,1785687840961561,纪嘉澍,2023-12-19 14:40,纪嘉澍,2023-12-19 14:40
吉林大学(院校特定要求),吉林大学(院校特定要求),3186,,1785687840956521,纪嘉澍,2023-12-19 14:40,纪嘉澍,2023-12-19 14:40
延边大学(中外合作办学),延边大学(中外合作办学),3187,,1785687840955513,纪嘉澍,2023-12-19 14:40,纪嘉澍,2023-12-19 14:40
长春理工大学(中外合作办学),长春理工大学(中外合作办学),3188,,1785687840961545,纪嘉澍,2023-12-19 14:40,纪嘉澍,2023-12-19 14:40
长春理工大学(民族预科),长春理工大学(民族预科),3189,,1785687840961577,纪嘉澍,2023-12-19 14:40,纪嘉澍,2023-12-19 14:40
东北电力大学(中外合作办学),东北电力大学(中外合作办学),3190,,1785687840952345,纪嘉澍,2023-12-19 14:40,纪嘉澍,2023-12-19 14:40
长春工业大学(中外合作办学),长春工业大学(中外合作办学),3191,,1785687840957545,纪嘉澍,2023-12-19 14:40,纪嘉澍,2023-12-19 14:40
吉林建筑大学(中外合作办学),吉林建筑大学(中外合作办学),3192,,1785687840953401,纪嘉澍,2023-12-19 14:40,纪嘉澍,2023-12-19 14:40
吉林化工学院(中外合作办学),吉林化工学院(中外合作办学),3193,,1785687840955529,纪嘉澍,2023-12-19 14:40,纪嘉澍,2023-12-19 14:40
吉林农业大学(中外合作办学),吉林农业大学(中外合作办学),3194,,1785687840964633,纪嘉澍,2023-12-19 14:40,纪嘉澍,2023-12-19 14:40
东北师范大学(中外合作办学),东北师范大学(中外合作办学),3195,,1785687840957577,纪嘉澍,2023-12-19 14:40,纪嘉澍,2023-12-19 14:40
北华大学(中外合作办学),北华大学(中外合作办学),3196,,1785687840954425,纪嘉澍,2023-12-19 14:40,纪嘉澍,2023-12-19 14:40
通化师范学院(中外合作办学),通化师范学院(中外合作办学),3197,,1785687840962617,纪嘉澍,2023-12-19 14:40,纪嘉澍,2023-12-19 14:40
吉林师范大学(专业志愿),吉林师范大学(专业志愿),3198,,1785687840956489,纪嘉澍,2023-12-19 14:40,纪嘉澍,2023-12-19 14:40
吉林师范大学(中外合作办学),吉林师范大学(中外合作办学),3199,,1785687840952329,纪嘉澍,2023-12-19 14:40,纪嘉澍,2023-12-19 14:40
吉林师范大学(师范类),吉林师范大学(师范类),3200,,1785687840958553,纪嘉澍,2023-12-19 14:40,纪嘉澍,2023-12-19 14:40
吉林工程技术师范学院(中外合作办学),吉林工程技术师范学院(中外合作办学),3201,,1785687840963593,纪嘉澍,2023-12-19 14:40,纪嘉澍,2023-12-19 14:40
长春师范大学(中外合作办学),长春师范大学(中外合作办学),3202,,1785687841144947,纪嘉澍,2023-12-19 14:40,纪嘉澍,2023-12-19 14:40
白城师范学院(校企合作软件外包专业),白城师范学院(校企合作软件外包专业),3203,,1785687841138707,纪嘉澍,2023-12-19 14:40,纪嘉澍,2023-12-19 14:40
吉林财经大学(中外合作办学),吉林财经大学(中外合作办学),3204,,1785687841141827,纪嘉澍,2023-12-19 14:40,纪嘉澍,2023-12-19 14:40
吉林财经大学信息经济学院,吉林财经大学信息经济学院,3205,,1785687841142867,纪嘉澍,2023-12-19 14:40,纪嘉澍,2023-12-19 14:40
长春工程学院(中外合作办学),长春工程学院(中外合作办学),3206,,1785687841148019,纪嘉澍,2023-12-19 14:40,纪嘉澍,2023-12-19 14:40
长春工程学院(边防子女预科班),长春工程学院(边防子女预科班),3207,,1785687841143891,纪嘉澍,2023-12-19 14:40,纪嘉澍,2023-12-19 14:40
吉林农业科技学院(中外合作办学),吉林农业科技学院(中外合作办学),3208,,1785687841150067,纪嘉澍,2023-12-19 14:40,纪嘉澍,2023-12-19 14:40
长春金融高等专科学校(中外合作办学),长春金融高等专科学校(中外合作办学),3209,,1785687841146947,纪嘉澍,2023-12-19 14:40,纪嘉澍,2023-12-19 14:40
长春大学(专业志愿),长春大学(专业志愿),3210,,1785687841149043,纪嘉澍,2023-12-19 14:40,纪嘉澍,2023-12-19 14:40
长春大学(中外合作办学),长春大学(中外合作办学),3211,,1785687841141859,纪嘉澍,2023-12-19 14:40,纪嘉澍,2023-12-19 14:40
吉林工程职业学院(校企合作软件外包专业),吉林工程职业学院(校企合作软件外包专业),3212,,1785687841140771,纪嘉澍,2023-12-19 14:40,纪嘉澍,2023-12-19 14:40
遵义医学院珠海校区,遵义医学院珠海校区,3213,,1785687841136643,纪嘉澍,2023-12-19 14:40,纪嘉澍,2023-12-19 14:40
贵州中医药大学(少数民族预科班),贵州中医药大学(少数民族预科班),3214,,1785687841142851,纪嘉澍,2023-12-19 14:40,纪嘉澍,2023-12-19 14:40
贵州师范大学(花溪校区),贵州师范大学(花溪校区),3215,,1785687841137699,纪嘉澍,2023-12-19 14:40,纪嘉澍,2023-12-19 14:40
安顺学院(校企合作软件外包专业),安顺学院(校企合作软件外包专业),3216,,1785687841140739,纪嘉澍,2023-12-19 14:40,纪嘉澍,2023-12-19 14:40
贵州财经大学(中外合作办学),贵州财经大学(中外合作办学),3217,,1785687841150019,纪嘉澍,2023-12-19 14:40,纪嘉澍,2023-12-19 14:40
贵州理工学院(专业志愿),贵州理工学院(专业志愿),3218,,1785687841136675,纪嘉澍,2023-12-19 14:40,纪嘉澍,2023-12-19 14:40
贵州理工学院(中外合作办学),贵州理工学院(中外合作办学),3219,,1785687841150035,纪嘉澍,2023-12-19 14:40,纪嘉澍,2023-12-19 14:40
西北大学(中外合作办学),西北大学(中外合作办学),3220,,1785687841141875,纪嘉澍,2023-12-19 14:40,纪嘉澍,2023-12-19 14:40
西北大学(软件职业技术学院),西北大学(软件职业技术学院),3221,,1785687841142883,纪嘉澍,2023-12-19 14:40,纪嘉澍,2023-12-19 14:40
西北工业大学(中外合作),西北工业大学(中外合作),3222,,1785687841146963,纪嘉澍,2023-12-19 14:40,纪嘉澍,2023-12-19 14:40
西安电子科技大学(中外合作办学),西安电子科技大学(中外合作办学),3223,,1785687841150051,纪嘉澍,2023-12-19 14:40,纪嘉澍,2023-12-19 14:40
西安电子科技大学高等职业技术学院,西安电子科技大学高等职业技术学院,3224,,1785687841147971,纪嘉澍,2023-12-19 14:40,纪嘉澍,2023-12-19 14:40
西安建筑科技大学(中外合作办学),西安建筑科技大学(中外合作办学),3225,,1785687841144915,纪嘉澍,2023-12-19 14:40,纪嘉澍,2023-12-19 14:40
西安科技大学(中外合作办学),西安科技大学(中外合作办学),3226,,1785687841149011,纪嘉澍,2023-12-19 14:40,纪嘉澍,2023-12-19 14:40
长安大学(中外合作办学),长安大学(中外合作办学),3227,,1785687841149027,纪嘉澍,2023-12-19 14:40,纪嘉澍,2023-12-19 14:40
西北农林科技大学(中外合作办学),西北农林科技大学(中外合作办学),3228,,1785687841144931,纪嘉澍,2023-12-19 14:40,纪嘉澍,2023-12-19 14:40
西北农林科技大学(非西藏生源定藏就业),西北农林科技大学(非西藏生源定藏就业),3229,,1785687841138723,纪嘉澍,2023-12-19 14:40,纪嘉澍,2023-12-19 14:40
陕西师范大学高等职业技术学院,陕西师范大学高等职业技术学院,3230,,1785687841139763,纪嘉澍,2023-12-19 14:40,纪嘉澍,2023-12-19 14:40
渭南师范学院(中外合作办学),渭南师范学院(中外合作办学),3231,,1785687841145971,纪嘉澍,2023-12-19 14:40,纪嘉澍,2023-12-19 14:40
西安外国语大学(中外合作办学),西安外国语大学(中外合作办学),3232,,1785687841145923,纪嘉澍,2023-12-19 14:40,纪嘉澍,2023-12-19 14:40
西安外国语大学(少数民族预科班),西安外国语大学(少数民族预科班),3233,,1785687841146979,纪嘉澍,2023-12-19 14:40,纪嘉澍,2023-12-19 14:40
西安邮电大学(中外合作办学),西安邮电大学(中外合作办学),3234,,1785687841145939,纪嘉澍,2023-12-19 14:40,纪嘉澍,2023-12-19 14:40
西安邮电大学(边防军人子女预科班),西安邮电大学(边防军人子女预科班),3235,,1785687841136691,纪嘉澍,2023-12-19 14:40,纪嘉澍,2023-12-19 14:40
西安邮电大学(边防子女预科班),西安邮电大学(边防子女预科班),3236,,1785687841139715,纪嘉澍,2023-12-19 14:40,纪嘉澍,2023-12-19 14:40
西安航空学院(中外合作),西安航空学院(中外合作),3237,,1785687841138691,纪嘉澍,2023-12-19 14:40,纪嘉澍,2023-12-19 14:40
西安翻译学院(面试要求),西安翻译学院(面试要求),3238,,1785687841144963,纪嘉澍,2023-12-19 14:40,纪嘉澍,2023-12-19 14:40
西安铁路职业技术学院(中外合作),西安铁路职业技术学院(中外合作),3239,,1785687841145955,纪嘉澍,2023-12-19 14:40,纪嘉澍,2023-12-19 14:40
榆林学院(中外合作办学),榆林学院(中外合作办学),3240,,1785687841137667,纪嘉澍,2023-12-19 14:40,纪嘉澍,2023-12-19 14:40
榆林职业技术学院神木校区,榆林职业技术学院神木校区,3241,,1785687841148995,纪嘉澍,2023-12-19 14:40,纪嘉澍,2023-12-19 14:40
河北大学(医学部校区),河北大学(医学部校区),3242,,1785687841143907,纪嘉澍,2023-12-19 14:40,纪嘉澍,2023-12-19 14:40
河北地质大学(中外合作办学),河北地质大学(中外合作办学),3243,,1785687841140787,纪嘉澍,2023-12-19 14:40,纪嘉澍,2023-12-19 14:40
石家庄铁道大学(中外合作办学),石家庄铁道大学(中外合作办学),3244,,1785687841139747,纪嘉澍,2023-12-19 14:40,纪嘉澍,2023-12-19 14:40
燕山大学(中外合作办学),燕山大学(中外合作办学),3245,,1785687841146995,纪嘉澍,2023-12-19 14:40,纪嘉澍,2023-12-19 14:40
华北科技学院(专业志愿),华北科技学院(专业志愿),3246,,1785687841137683,纪嘉澍,2023-12-19 14:40,纪嘉澍,2023-12-19 14:40
华北科技学院(中外合作办学),华北科技学院(中外合作办学),3247,,1785687841140755,纪嘉澍,2023-12-19 14:40,纪嘉澍,2023-12-19 14:40
河北体育学院廊坊东方大学城,河北体育学院廊坊东方大学城,3248,,1785687841142899,纪嘉澍,2023-12-19 14:40,纪嘉澍,2023-12-19 14:40
河北金融学院(中外合作办学),河北金融学院(中外合作办学),3249,,1785687841147987,纪嘉澍,2023-12-19 14:40,纪嘉澍,2023-12-19 14:40
北华航天工业学院(中外合作办学),北华航天工业学院(中外合作办学),3250,,1785687841138739,纪嘉澍,2023-12-19 14:40,纪嘉澍,2023-12-19 14:40
河北农业大学海洋学院,河北农业大学海洋学院,3251,,1785687841143875,纪嘉澍,2023-12-19 14:40,纪嘉澍,2023-12-19 14:40
石家庄邮电职业技术学院(面试要求),石家庄邮电职业技术学院(面试要求),3252,,1785687841920019,纪嘉澍,2023-12-19 14:40,纪嘉澍,2023-12-19 14:40
河北外国语学院(中外合作办学),河北外国语学院(中外合作办学),3253,,1785687841921027,纪嘉澍,2023-12-19 14:40,纪嘉澍,2023-12-19 14:40
廊坊职业技术学院(廊坊),廊坊职业技术学院(廊坊),3254,,1785687841927203,纪嘉澍,2023-12-19 14:40,纪嘉澍,2023-12-19 14:40
廊坊职业技术学院廊坊东方大学城,廊坊职业技术学院廊坊东方大学城,3255,,1785687841924147,纪嘉澍,2023-12-19 14:40,纪嘉澍,2023-12-19 14:40
河北建材职业技术学院(校企合作软件外包专业),河北建材职业技术学院(校企合作软件外包专业),3256,,1785687841926195,纪嘉澍,2023-12-19 14:40,纪嘉澍,2023-12-19 14:40
河北对外经贸职业学院(校企合作软件外包专业),河北对外经贸职业学院(校企合作软件外包专业),3257,,1785687841916019,纪嘉澍,2023-12-19 14:40,纪嘉澍,2023-12-19 14:40
中山大学(国防生),中山大学(国防生),3258,,1785687841923123,纪嘉澍,2023-12-19 14:40,纪嘉澍,2023-12-19 14:40
中山大学(护理专业),中山大学(护理专业),3259,,1785687841929235,纪嘉澍,2023-12-19 14:40,纪嘉澍,2023-12-19 14:40
暨南大学(专业志愿),暨南大学(专业志愿),3260,,1785687841920051,纪嘉澍,2023-12-19 14:40,纪嘉澍,2023-12-19 14:40
暨南大学(中外合作办学),暨南大学(中外合作办学),3261,,1785687841923107,纪嘉澍,2023-12-19 14:40,纪嘉澍,2023-12-19 14:40
暨南大学深圳旅游学院,暨南大学深圳旅游学院,3262,,1785687841925155,纪嘉澍,2023-12-19 14:40,纪嘉澍,2023-12-19 14:40
暨南大学珠海学院,暨南大学珠海学院,3263,,1785687841921059,纪嘉澍,2023-12-19 14:40,纪嘉澍,2023-12-19 14:40
广东海洋大学海滨学院,广东海洋大学海滨学院,3264,,1785687841922051,纪嘉澍,2023-12-19 14:40,纪嘉澍,2023-12-19 14:40
广东医科大学(湛江市/东莞市),广东医科大学(湛江市/东莞市),3265,,1785687841924099,纪嘉澍,2023-12-19 14:40,纪嘉澍,2023-12-19 14:40
华南师范大学南海校区,华南师范大学南海校区,3266,,1785687841925123,纪嘉澍,2023-12-19 14:40,纪嘉澍,2023-12-19 14:40
华南师范大学增城学院,华南师范大学增城学院,3267,,1785687841927219,纪嘉澍,2023-12-19 14:40,纪嘉澍,2023-12-19 14:40
顺德职业技术学院(佛山市顺德区),顺德职业技术学院(佛山市顺德区),3268,,1785687841925139,纪嘉澍,2023-12-19 14:40,纪嘉澍,2023-12-19 14:40
广州大学市政技术学院,广州大学市政技术学院,3269,,1785687841920035,纪嘉澍,2023-12-19 14:40,纪嘉澍,2023-12-19 14:40
广州大学纺织服装学院,广州大学纺织服装学院,3270,,1785687841916931,纪嘉澍,2023-12-19 14:40,纪嘉澍,2023-12-19 14:40
广东外语外贸大学公开学院,广东外语外贸大学公开学院,3271,,1785687841916963,纪嘉澍,2023-12-19 14:40,纪嘉澍,2023-12-19 14:40
广州民航职业技术学院(中外合作办学),广州民航职业技术学院(中外合作办学),3272,,1785687841926147,纪嘉澍,2023-12-19 14:40,纪嘉澍,2023-12-19 14:40
广州民航职业技术学院(面试要求),广州民航职业技术学院(面试要求),3273,,1785687841915971,纪嘉澍,2023-12-19 14:40,纪嘉澍,2023-12-19 14:40
北京师范大学珠海分校(中外合作办学),北京师范大学珠海分校(中外合作办学),3274,,1785687841923091,纪嘉澍,2023-12-19 14:40,纪嘉澍,2023-12-19 14:40
广州商学院(中外合作办学),广州商学院(中外合作办学),3275,,1785687841916979,纪嘉澍,2023-12-19 14:40,纪嘉澍,2023-12-19 14:40
北京理工大学珠海学院(院校特定要求),北京理工大学珠海学院(院校特定要求),3276,,1785687841925171,纪嘉澍,2023-12-19 14:40,纪嘉澍,2023-12-19 14:40
北京师范大学香港浸会大学联合国际学院(中外合作办学),北京师范大学香港浸会大学联合国际学院(中外合作办学),3277,,1785687841928195,纪嘉澍,2023-12-19 14:40,纪嘉澍,2023-12-19 14:40
北京师范大学-香港浸会大学联合国际学院(内地与港澳台地区合作办学),北京师范大学-香港浸会大学联合国际学院(内地与港澳台地区合作办学),3278,,1785687841916947,纪嘉澍,2023-12-19 14:40,纪嘉澍,2023-12-19 14:40
香港中文大学(深圳)(内地与港澳台地区合作办学),香港中文大学(深圳)(内地与港澳台地区合作办学),3279,,1785687841929219,纪嘉澍,2023-12-19 14:40,纪嘉澍,2023-12-19 14:40
潮汕职业技术学院广东,潮汕职业技术学院广东,3280,,1785687841917971,纪嘉澍,2023-12-19 14:40,纪嘉澍,2023-12-19 14:40
宁夏大学(中外合作办学),宁夏大学(中外合作办学),3281,,1785687841921043,纪嘉澍,2023-12-19 14:40,纪嘉澍,2023-12-19 14:40
北方民族大学(少数民族预科班),北方民族大学(少数民族预科班),3282,,1785687841918003,纪嘉澍,2023-12-19 14:40,纪嘉澍,2023-12-19 14:40
北方民族大学(汉族),北方民族大学(汉族),3283,,1785687841927187,纪嘉澍,2023-12-19 14:40,纪嘉澍,2023-12-19 14:40
北方民族大学(非汉族),北方民族大学(非汉族),3284,,1785687841924115,纪嘉澍,2023-12-19 14:40,纪嘉澍,2023-12-19 14:40
宁夏理工学院(专业志愿),宁夏理工学院(专业志愿),3285,,1785687841927171,纪嘉澍,2023-12-19 14:40,纪嘉澍,2023-12-19 14:40
四川大学(中外合作办学),四川大学(中外合作办学),3286,,1785687841921075,纪嘉澍,2023-12-19 14:40,纪嘉澍,2023-12-19 14:40
四川大学龙泉校区,四川大学龙泉校区,3287,,1785687841920003,纪嘉澍,2023-12-19 14:40,纪嘉澍,2023-12-19 14:40
西南交通大学(中外合作办学),西南交通大学(中外合作办学),3288,,1785687841928211,纪嘉澍,2023-12-19 14:40,纪嘉澍,2023-12-19 14:40
西南交通大学峨眉校区,西南交通大学峨眉校区,3289,,1785687841926179,纪嘉澍,2023-12-19 14:40,纪嘉澍,2023-12-19 14:40
电子科技大学桂林(国防生),电子科技大学桂林(国防生),3290,,1785687841915987,纪嘉澍,2023-12-19 14:40,纪嘉澍,2023-12-19 14:40
电子科技大学(国防生),电子科技大学(国防生),3291,,1785687841922099,纪嘉澍,2023-12-19 14:40,纪嘉澍,2023-12-19 14:40
电子科技大学(沙河校区)(中外合作办学),电子科技大学(沙河校区)(中外合作办学),3292,,1785687841924131,纪嘉澍,2023-12-19 14:40,纪嘉澍,2023-12-19 14:40
电子科技大学(沙河校区)(中外合作),电子科技大学(沙河校区)(中外合作),3293,,1785687841922067,纪嘉澍,2023-12-19 14:40,纪嘉澍,2023-12-19 14:40
电子科技大学西安高等职业技术学院,电子科技大学西安高等职业技术学院,3294,,1785687841928227,纪嘉澍,2023-12-19 14:40,纪嘉澍,2023-12-19 14:40
电子科技大学桂林(边防子女预科班),电子科技大学桂林(边防子女预科班),3295,,1785687841916003,纪嘉澍,2023-12-19 14:40,纪嘉澍,2023-12-19 14:40
西华大学(边防军人子女预科班),西华大学(边防军人子女预科班),3296,,1785687841917987,纪嘉澍,2023-12-19 14:40,纪嘉澍,2023-12-19 14:40
西华大学(边防女子预科班),西华大学(边防女子预科班),3297,,1785687841928243,纪嘉澍,2023-12-19 14:40,纪嘉澍,2023-12-19 14:40
西华大学(边防子女预科班),西华大学(边防子女预科班),3298,,1785687841926163,纪嘉澍,2023-12-19 14:40,纪嘉澍,2023-12-19 14:40
西华大学(预科),西华大学(预科),3299,,1785687841922083,纪嘉澍,2023-12-19 14:40,纪嘉澍,2023-12-19 14:40
四川师范大学经济职业学院,四川师范大学经济职业学院,3300,,1785687841923075,纪嘉澍,2023-12-19 14:40,纪嘉澍,2023-12-19 14:40
四川师范大学绵阳初等教育学院,四川师范大学绵阳初等教育学院,3301,,1785687841917955,纪嘉澍,2023-12-19 14:40,纪嘉澍,2023-12-19 14:40
西南财经大学(中外合作办学),西南财经大学(中外合作办学),3302,,1785687842093177,纪嘉澍,2023-12-19 14:40,纪嘉澍,2023-12-19 14:40
西南民族大学(汉族),西南民族大学(汉族),3303,,1785687842098233,纪嘉澍,2023-12-19 14:40,纪嘉澍,2023-12-19 14:40
西南民族大学(院校特定要求),西南民族大学(院校特定要求),3304,,1785687842100281,纪嘉澍,2023-12-19 14:40,纪嘉澍,2023-12-19 14:40
成都航空职业技术学院(面试要求),成都航空职业技术学院(面试要求),3305,,1785687848938515,纪嘉澍,2023-12-19 14:40,纪嘉澍,2023-12-19 14:40
成都文理学院(面试要求),成都文理学院(面试要求),3306,,1785687842098185,纪嘉澍,2023-12-19 14:40,纪嘉澍,2023-12-19 14:40
四川传媒学院(面试要求),四川传媒学院(面试要求),3307,,1785687842094153,纪嘉澍,2023-12-19 14:40,纪嘉澍,2023-12-19 14:40
四川电影电视学院(面试要求),四川电影电视学院(面试要求),3308,,1785687842095193,纪嘉澍,2023-12-19 14:40,纪嘉澍,2023-12-19 14:40
四川西南航空职业学院(面试要求),四川西南航空职业学院(面试要求),3309,,1785687842101289,纪嘉澍,2023-12-19 14:40,纪嘉澍,2023-12-19 14:40
成都信息工程大学(国防生),成都信息工程大学(国防生),3310,,1785687842100249,纪嘉澍,2023-12-19 14:40,纪嘉澍,2023-12-19 14:40
南开大学深圳金融工程学院,南开大学深圳金融工程学院,3311,,1785687842098201,纪嘉澍,2023-12-19 14:40,纪嘉澍,2023-12-19 14:40
天津科技大学(中外合作办学),天津科技大学(中外合作办学),3312,,1785687842091049,纪嘉澍,2023-12-19 14:40,纪嘉澍,2023-12-19 14:40
天津工业大学(专业志愿),天津工业大学(专业志愿),3313,,1785687842097193,纪嘉澍,2023-12-19 14:40,纪嘉澍,2023-12-19 14:40
天津工业大学(中外合作办学),天津工业大学(中外合作办学),3314,,1785687842091033,纪嘉澍,2023-12-19 14:40,纪嘉澍,2023-12-19 14:40
中国民航大学(面试要求),中国民航大学(面试要求),3315,,1785687848937507,纪嘉澍,2023-12-19 14:40,纪嘉澍,2023-12-19 14:40
天津理工大学(中外合作办学),天津理工大学(中外合作办学),3316,,1785687842095225,纪嘉澍,2023-12-19 14:40,纪嘉澍,2023-12-19 14:40
天津农学院(中外合作办学),天津农学院(中外合作办学),3317,,1785687848938531,纪嘉澍,2023-12-19 14:40,纪嘉澍,2023-12-19 14:40
天津中医药大学(中外合作办学),天津中医药大学(中外合作办学),3318,,1785687842101305,纪嘉澍,2023-12-19 14:40,纪嘉澍,2023-12-19 14:40
天津师范大学(专业志愿),天津师范大学(专业志愿),3319,,1785687842090041,纪嘉澍,2023-12-19 14:40,纪嘉澍,2023-12-19 14:40
天津师范大学(中外),天津师范大学(中外),3320,,1785687842097177,纪嘉澍,2023-12-19 14:40,纪嘉澍,2023-12-19 14:40
天津职业技术师范大学(软件),天津职业技术师范大学(软件),3321,,1785687842094169,纪嘉澍,2023-12-19 14:40,纪嘉澍,2023-12-19 14:40
天津商业大学(中外合作办学),天津商业大学(中外合作办学),3322,,1785687842097209,纪嘉澍,2023-12-19 14:40,纪嘉澍,2023-12-19 14:40
天津财经大学(中外合作办学),天津财经大学(中外合作办学),3323,,1785687842101273,纪嘉澍,2023-12-19 14:40,纪嘉澍,2023-12-19 14:40
河北工业大学(中外合作办学),河北工业大学(中外合作办学),3324,,1785687842096137,纪嘉澍,2023-12-19 14:40,纪嘉澍,2023-12-19 14:40
河北工业大学廊坊分院,河北工业大学廊坊分院,3325,,1785687842093193,纪嘉澍,2023-12-19 14:40,纪嘉澍,2023-12-19 14:40
天津城建大学(中外),天津城建大学(中外),3326,,1785687842094185,纪嘉澍,2023-12-19 14:40,纪嘉澍,2023-12-19 14:40
天津职业大学(面试要求),天津职业大学(面试要求),3327,,1785687842096185,纪嘉澍,2023-12-19 14:40,纪嘉澍,2023-12-19 14:40
天津中德应用技术大学(中外合作办学),天津中德应用技术大学(中外合作办学),3328,,1785687842098217,纪嘉澍,2023-12-19 14:40,纪嘉澍,2023-12-19 14:40
天津中德应用技术大学(面试要求),天津中德应用技术大学(面试要求),3329,,1785687842091065,纪嘉澍,2023-12-19 14:40,纪嘉澍,2023-12-19 14:40
天津商务职业学院(中外合作办学),天津商务职业学院(中外合作办学),3330,,1785687848937491,纪嘉澍,2023-12-19 14:40,纪嘉澍,2023-12-19 14:40
天津交通职业学院(面试要求),天津交通职业学院(面试要求),3331,,1785687842094201,纪嘉澍,2023-12-19 14:40,纪嘉澍,2023-12-19 14:40
新疆农业大学(中外合作办学),新疆农业大学(中外合作办学),3332,,1785687842101257,纪嘉澍,2023-12-19 14:40,纪嘉澍,2023-12-19 14:40
云南大学(中外合作办学),云南大学(中外合作办学),3333,,1785687842091017,纪嘉澍,2023-12-19 14:40,纪嘉澍,2023-12-19 14:40
昆明理工大学(中外合作办学),昆明理工大学(中外合作办学),3334,,1785687842093209,纪嘉澍,2023-12-19 14:40,纪嘉澍,2023-12-19 14:40
云南农业大学(中外合作办学),云南农业大学(中外合作办学),3335,,1785687842097161,纪嘉澍,2023-12-19 14:40,纪嘉澍,2023-12-19 14:40
西南林业大学(中外合作办学),西南林业大学(中外合作办学),3336,,1785687842092041,纪嘉澍,2023-12-19 14:40,纪嘉澍,2023-12-19 14:40
云南师范大学(专业志愿),云南师范大学(专业志愿),3337,,1785687848938547,纪嘉澍,2023-12-19 14:40,纪嘉澍,2023-12-19 14:40
云南民族大学文化学院,云南民族大学文化学院,3338,,1785687842100265,纪嘉澍,2023-12-19 14:40,纪嘉澍,2023-12-19 14:40
文山学院(文山州),文山学院(文山州),3339,,1785687848937523,纪嘉澍,2023-12-19 14:40,纪嘉澍,2023-12-19 14:40
德宏职业学院(医学类),德宏职业学院(医学类),3340,,1785687842100233,纪嘉澍,2023-12-19 14:40,纪嘉澍,2023-12-19 14:40
山东大学(威海分校)(走读),山东大学(威海分校)(走读),3341,,1785687842093161,纪嘉澍,2023-12-19 14:40,纪嘉澍,2023-12-19 14:40
山东大学(威海校区)(中外合作办学),山东大学(威海校区)(中外合作办学),3342,,1785687842092089,纪嘉澍,2023-12-19 14:40,纪嘉澍,2023-12-19 14:40
山东大学(非西藏生源定藏就业),山东大学(非西藏生源定藏就业),3343,,1785687848937475,纪嘉澍,2023-12-19 14:40,纪嘉澍,2023-12-19 14:40
中国海洋大学(中外合作办学),中国海洋大学(中外合作办学),3344,,1785687842096153,纪嘉澍,2023-12-19 14:40,纪嘉澍,2023-12-19 14:40
中国海洋大学(民族预科),中国海洋大学(民族预科),3345,,1785687842096169,纪嘉澍,2023-12-19 14:40,纪嘉澍,2023-12-19 14:40
山东科技大学(中外合作办学),山东科技大学(中外合作办学),3346,,1785687848938499,纪嘉澍,2023-12-19 14:40,纪嘉澍,2023-12-19 14:40
山东科技大学(地方专项),山东科技大学(地方专项),3347,,1785687842092057,纪嘉澍,2023-12-19 14:40,纪嘉澍,2023-12-19 14:40
山东科技大学(地方专项科),山东科技大学(地方专项科),3348,,1785687842095177,纪嘉澍,2023-12-19 14:40,纪嘉澍,2023-12-19 14:40
山东科技大学(校企合作软件外包专业),山东科技大学(校企合作软件外包专业),3349,,1785687842092073,纪嘉澍,2023-12-19 14:40,纪嘉澍,2023-12-19 14:40
青岛科技大学(中外合作办学),青岛科技大学(中外合作办学),3350,,1785687848939523,纪嘉澍,2023-12-19 14:40,纪嘉澍,2023-12-19 14:40
青岛科技大学(地方专项),青岛科技大学(地方专项),3351,,1785687842095209,纪嘉澍,2023-12-19 14:40,纪嘉澍,2023-12-19 14:40
青岛科技大学(校企合作软件外包专业),青岛科技大学(校企合作软件外包专业),3352,,1785687849094217,纪嘉澍,2023-12-19 14:40,纪嘉澍,2023-12-19 14:40
济南大学(中外合作办学),济南大学(中外合作办学),3353,,1785687849085049,纪嘉澍,2023-12-19 14:40,纪嘉澍,2023-12-19 14:40
济南大学(地方专项),济南大学(地方专项),3354,,1785687849081961,纪嘉澍,2023-12-19 14:40,纪嘉澍,2023-12-19 14:40
济南大学(校企合作软件外包专业),济南大学(校企合作软件外包专业),3355,,1785687849086089,纪嘉澍,2023-12-19 14:40,纪嘉澍,2023-12-19 14:40
济南大学(走读),济南大学(走读),3356,,1785687849093177,纪嘉澍,2023-12-19 14:40,纪嘉澍,2023-12-19 14:40
青岛理工大学(中外合作办学),青岛理工大学(中外合作办学),3357,,1785687849091097,纪嘉澍,2023-12-19 14:40,纪嘉澍,2023-12-19 14:40
青岛理工大学(临沂),青岛理工大学(临沂),3358,,1785687849083001,纪嘉澍,2023-12-19 14:40,纪嘉澍,2023-12-19 14:40
青岛理工大学(地方专项),青岛理工大学(地方专项),3359,,1785687849094233,纪嘉澍,2023-12-19 14:40,纪嘉澍,2023-12-19 14:40
青岛理工大学(校企合作软件外包专业),青岛理工大学(校企合作软件外包专业),3360,,1785687849083913,纪嘉澍,2023-12-19 14:40,纪嘉澍,2023-12-19 14:40
山东建筑大学(中外合作办学),山东建筑大学(中外合作办学),3361,,1785687849091113,纪嘉澍,2023-12-19 14:40,纪嘉澍,2023-12-19 14:40
山东建筑大学(地方专项),山东建筑大学(地方专项),3362,,1785687849082969,纪嘉澍,2023-12-19 14:40,纪嘉澍,2023-12-19 14:40
山东建筑大学(校企合作软件外包专业),山东建筑大学(校企合作软件外包专业),3363,,1785687849089225,纪嘉澍,2023-12-19 14:40,纪嘉澍,2023-12-19 14:40
山东建筑大学(走读),山东建筑大学(走读),3364,,1785687849089241,纪嘉澍,2023-12-19 14:40,纪嘉澍,2023-12-19 14:40
齐鲁工业大学(中外合作办学),齐鲁工业大学(中外合作办学),3365,,1785687849093129,纪嘉澍,2023-12-19 14:40,纪嘉澍,2023-12-19 14:40
齐鲁工业大学(校企合作软件外包专业),齐鲁工业大学(校企合作软件外包专业),3366,,1785687849087193,纪嘉澍,2023-12-19 14:40,纪嘉澍,2023-12-19 14:40
山东理工大学(中外合作办学),山东理工大学(中外合作办学),3367,,1785687849092217,纪嘉澍,2023-12-19 14:40,纪嘉澍,2023-12-19 14:40
山东理工大学(地方专项),山东理工大学(地方专项),3368,,1785687849089257,纪嘉澍,2023-12-19 14:40,纪嘉澍,2023-12-19 14:40
山东理工大学(校企合作软件外包专业),山东理工大学(校企合作软件外包专业),3369,,1785687849085017,纪嘉澍,2023-12-19 14:40,纪嘉澍,2023-12-19 14:40
山东农业大学(中外合作办学),山东农业大学(中外合作办学),3370,,1785687849083945,纪嘉澍,2023-12-19 14:40,纪嘉澍,2023-12-19 14:40
山东农业大学(地方专项),山东农业大学(地方专项),3371,,1785687849086105,纪嘉澍,2023-12-19 14:40,纪嘉澍,2023-12-19 14:40
山东农业大学(校企合作软件外包专业),山东农业大学(校企合作软件外包专业),3372,,1785687849085065,纪嘉澍,2023-12-19 14:40,纪嘉澍,2023-12-19 14:40
青岛农业大学(中外合作办学),青岛农业大学(中外合作办学),3373,,1785687849092169,纪嘉澍,2023-12-19 14:40,纪嘉澍,2023-12-19 14:40
青岛农业大学(校企合作软件外包专业),青岛农业大学(校企合作软件外包专业),3374,,1785687849092185,纪嘉澍,2023-12-19 14:40,纪嘉澍,2023-12-19 14:40
滨州医学院(校企合作软件外包专业),滨州医学院(校企合作软件外包专业),3375,,1785687849086121,纪嘉澍,2023-12-19 14:40,纪嘉澍,2023-12-19 14:40
山东中医药大学(地方专项),山东中医药大学(地方专项),3376,,1785687849088233,纪嘉澍,2023-12-19 14:40,纪嘉澍,2023-12-19 14:40
山东中医药大学(校企合作软件外包专业),山东中医药大学(校企合作软件外包专业),3377,,1785687849095353,纪嘉澍,2023-12-19 14:40,纪嘉澍,2023-12-19 14:40
济宁医学院(中外合作办学),济宁医学院(中外合作办学),3378,,1785687849085033,纪嘉澍,2023-12-19 14:40,纪嘉澍,2023-12-19 14:40
济宁医学院(校企合作软件外包专业),济宁医学院(校企合作软件外包专业),3379,,1785687849089273,纪嘉澍,2023-12-19 14:40,纪嘉澍,2023-12-19 14:40
山东师范大学(中外合作办学),山东师范大学(中外合作办学),3380,,1785687849091129,纪嘉澍,2023-12-19 14:40,纪嘉澍,2023-12-19 14:40
山东师范大学(地方专项),山东师范大学(地方专项),3381,,1785687849095321,纪嘉澍,2023-12-19 14:40,纪嘉澍,2023-12-19 14:40
山东师范大学(非西藏生源定藏就业),山东师范大学(非西藏生源定藏就业),3382,,1785687849094265,纪嘉澍,2023-12-19 14:40,纪嘉澍,2023-12-19 14:40
曲阜师范大学(地方专项),曲阜师范大学(地方专项),3383,,1785687849082985,纪嘉澍,2023-12-19 14:40,纪嘉澍,2023-12-19 14:40
曲阜师范大学杏坛学院,曲阜师范大学杏坛学院,3384,,1785687849092201,纪嘉澍,2023-12-19 14:40,纪嘉澍,2023-12-19 14:40
曲阜师范大学(校企合作软件外包专业),曲阜师范大学(校企合作软件外包专业),3385,,1785687849087225,纪嘉澍,2023-12-19 14:40,纪嘉澍,2023-12-19 14:40
聊城大学(少数民族预科班),聊城大学(少数民族预科班),3386,,1785687849083961,纪嘉澍,2023-12-19 14:40,纪嘉澍,2023-12-19 14:40
聊城大学(校企合作软件外包专业),聊城大学(校企合作软件外包专业),3387,,1785687849087209,纪嘉澍,2023-12-19 14:40,纪嘉澍,2023-12-19 14:40
德州学院(中外合作办学),德州学院(中外合作办学),3388,,1785687849095305,纪嘉澍,2023-12-19 14:40,纪嘉澍,2023-12-19 14:40
德州学院(校企合作软件外包专业),德州学院(校企合作软件外包专业),3389,,1785687849083929,纪嘉澍,2023-12-19 14:40,纪嘉澍,2023-12-19 14:40
鲁东大学(中外合作办学),鲁东大学(中外合作办学),3390,,1785687849093145,纪嘉澍,2023-12-19 14:40,纪嘉澍,2023-12-19 14:40
鲁东大学(校企合作软件外包专业),鲁东大学(校企合作软件外包专业),3391,,1785687849094249,纪嘉澍,2023-12-19 14:40,纪嘉澍,2023-12-19 14:40
临沂大学(中外合作办学),临沂大学(中外合作办学),3392,,1785687849081977,纪嘉澍,2023-12-19 14:40,纪嘉澍,2023-12-19 14:40
临沂大学(校企合作软件外包专业),临沂大学(校企合作软件外包专业),3393,,1785687849095337,纪嘉澍,2023-12-19 14:40,纪嘉澍,2023-12-19 14:40
临沂大学(非西藏生源定藏就业),临沂大学(非西藏生源定藏就业),3394,,1785687849086137,纪嘉澍,2023-12-19 14:40,纪嘉澍,2023-12-19 14:40
临沂大学(面试要求),临沂大学(面试要求),3395,,1785687849087241,纪嘉澍,2023-12-19 14:40,纪嘉澍,2023-12-19 14:40
泰山学院(中外合作办学),泰山学院(中外合作办学),3396,,1785687849088201,纪嘉澍,2023-12-19 14:40,纪嘉澍,2023-12-19 14:40
泰山学院(校企合作软件外包专业),泰山学院(校企合作软件外包专业),3397,,1785687849091081,纪嘉澍,2023-12-19 14:40,纪嘉澍,2023-12-19 14:40
菏泽学院(校企合作软件外包专业),菏泽学院(校企合作软件外包专业),3398,,1785687849093161,纪嘉澍,2023-12-19 14:40,纪嘉澍,2023-12-19 14:40
山东财经大学(中外合作办学),山东财经大学(中外合作办学),3399,,1785687849088217,纪嘉澍,2023-12-19 14:40,纪嘉澍,2023-12-19 14:40
山东财经大学(地方专项),山东财经大学(地方专项),3400,,1785687849088249,纪嘉澍,2023-12-19 14:40,纪嘉澍,2023-12-19 14:40
山东财经大学(校企合作软件外包专业),山东财经大学(校企合作软件外包专业),3401,,1785687849082953,纪嘉澍,2023-12-19 14:40,纪嘉澍,2023-12-19 14:40
山东财经大学(走读),山东财经大学(走读),3402,,1785687855740987,纪嘉澍,2023-12-19 14:40,纪嘉澍,2023-12-19 14:40
山东商业职业技术学院(中外合作办学),山东商业职业技术学院(中外合作办学),3403,,1785687855557659,纪嘉澍,2023-12-19 14:40,纪嘉澍,2023-12-19 14:40
山东商业职业技术学院(校企合作软件外包专业),山东商业职业技术学院(校企合作软件外包专业),3404,,1785687855552571,纪嘉澍,2023-12-19 14:40,纪嘉澍,2023-12-19 14:40
山东商业职业技术学院(面试要求),山东商业职业技术学院(面试要求),3405,,1785687855550475,纪嘉澍,2023-12-19 14:40,纪嘉澍,2023-12-19 14:40
山东商业职业技术学院(高职本科贯通培养),山东商业职业技术学院(高职本科贯通培养),3406,,1785687855557691,纪嘉澍,2023-12-19 14:40,纪嘉澍,2023-12-19 14:40
枣庄学院(校企合作软件外包专业),枣庄学院(校企合作软件外包专业),3407,,1785687855558699,纪嘉澍,2023-12-19 14:40,纪嘉澍,2023-12-19 14:40
烟台大学(中外合作办学),烟台大学(中外合作办学),3408,,1785687855556619,纪嘉澍,2023-12-19 14:40,纪嘉澍,2023-12-19 14:40
烟台大学(校企合作软件外包专业),烟台大学(校企合作软件外包专业),3409,,1785687855553547,纪嘉澍,2023-12-19 14:40,纪嘉澍,2023-12-19 14:40
烟台大学(边防军人子女预科班),烟台大学(边防军人子女预科班),3410,,1785687855557675,纪嘉澍,2023-12-19 14:40,纪嘉澍,2023-12-19 14:40
烟台大学(边防子女预科班),烟台大学(边防子女预科班),3411,,1785687855741003,纪嘉澍,2023-12-19 14:40,纪嘉澍,2023-12-19 14:40
潍坊学院(中外合作办学),潍坊学院(中外合作办学),3412,,1785687855558683,纪嘉澍,2023-12-19 14:40,纪嘉澍,2023-12-19 14:40
潍坊学院(校企合作软件外包专业),潍坊学院(校企合作软件外包专业),3413,,1785687855740955,纪嘉澍,2023-12-19 14:40,纪嘉澍,2023-12-19 14:40
山东交通学院(中外合作办学),山东交通学院(中外合作办学),3414,,1785687855740971,纪嘉澍,2023-12-19 14:40,纪嘉澍,2023-12-19 14:40
山东交通学院(校企合作软件外包专业),山东交通学院(校企合作软件外包专业),3415,,1785687855551547,纪嘉澍,2023-12-19 14:40,纪嘉澍,2023-12-19 14:40
山东交通学院海运学院,山东交通学院海运学院,3416,,1785687855552523,纪嘉澍,2023-12-19 14:40,纪嘉澍,2023-12-19 14:40
山东交通学院(面试要求),山东交通学院(面试要求),3417,,1785687855555595,纪嘉澍,2023-12-19 14:40,纪嘉澍,2023-12-19 14:40
山东工商学院(中外合作办学),山东工商学院(中外合作办学),3418,,1785687855554603,纪嘉澍,2023-12-19 14:40,纪嘉澍,2023-12-19 14:40
山东工商学院(校企合作软件外包专业),山东工商学院(校企合作软件外包专业),3419,,1785687855743003,纪嘉澍,2023-12-19 14:40,纪嘉澍,2023-12-19 14:40
滨州学院(中外合作办学),滨州学院(中外合作办学),3420,,1785687855551515,纪嘉澍,2023-12-19 14:40,纪嘉澍,2023-12-19 14:40
滨州学院(校企合作软件外包专业),滨州学院(校企合作软件外包专业),3421,,1785687855550507,纪嘉澍,2023-12-19 14:40,纪嘉澍,2023-12-19 14:40
滨州学院(面试要求),滨州学院(面试要求),3422,,1785687855553563,纪嘉澍,2023-12-19 14:40,纪嘉澍,2023-12-19 14:40
青岛大学(中外合作办学),青岛大学(中外合作办学),3423,,1785687855741995,纪嘉澍,2023-12-19 14:40,纪嘉澍,2023-12-19 14:40
青岛大学(地方专项),青岛大学(地方专项),3424,,1785687855558715,纪嘉澍,2023-12-19 14:40,纪嘉澍,2023-12-19 14:40
青岛大学(校企合作软件外包专业),青岛大学(校企合作软件外包专业),3425,,1785687855550491,纪嘉澍,2023-12-19 14:40,纪嘉澍,2023-12-19 14:40
日照职业技术学院(中外合作办学),日照职业技术学院(中外合作办学),3426,,1785687855550523,纪嘉澍,2023-12-19 14:40,纪嘉澍,2023-12-19 14:40
日照职业技术学院(校企合作软件外包专业),日照职业技术学院(校企合作软件外包专业),3427,,1785687855743035,纪嘉澍,2023-12-19 14:40,纪嘉澍,2023-12-19 14:40
日照职业技术学院(高职本科贯通培养),日照职业技术学院(高职本科贯通培养),3428,,1785687855741963,纪嘉澍,2023-12-19 14:40,纪嘉澍,2023-12-19 14:40
青岛职业技术学院(中外合作办学),青岛职业技术学院(中外合作办学),3429,,1785687855553595,纪嘉澍,2023-12-19 14:40,纪嘉澍,2023-12-19 14:40
青岛职业技术学院(高职本科贯通培养),青岛职业技术学院(高职本科贯通培养),3430,,1785687855555627,纪嘉澍,2023-12-19 14:40,纪嘉澍,2023-12-19 14:40
山东职业学院(校企合作软件外包专业),山东职业学院(校企合作软件外包专业),3431,,1785687855556667,纪嘉澍,2023-12-19 14:40,纪嘉澍,2023-12-19 14:40
山东职业学院(高职技师),山东职业学院(高职技师),3432,,1785687855554619,纪嘉澍,2023-12-19 14:40,纪嘉澍,2023-12-19 14:40
山东职业学院(高职本科贯通培养),山东职业学院(高职本科贯通培养),3433,,1785687855554587,纪嘉澍,2023-12-19 14:40,纪嘉澍,2023-12-19 14:40
山东女子学院(中外合作办学),山东女子学院(中外合作办学),3434,,1785687855549499,纪嘉澍,2023-12-19 14:40,纪嘉澍,2023-12-19 14:40
山东女子学院(校企合作软件外包专业),山东女子学院(校企合作软件外包专业),3435,,1785687855552539,纪嘉澍,2023-12-19 14:40,纪嘉澍,2023-12-19 14:40
山东女子学院(面试要求),山东女子学院(面试要求),3436,,1785687855743019,纪嘉澍,2023-12-19 14:40,纪嘉澍,2023-12-19 14:40
烟台南山学院(校企合作软件外包专业),烟台南山学院(校企合作软件外包专业),3437,,1785687855551531,纪嘉澍,2023-12-19 14:40,纪嘉澍,2023-12-19 14:40
烟台南山学院(面试要求),烟台南山学院(面试要求),3438,,1785687855556635,纪嘉澍,2023-12-19 14:40,纪嘉澍,2023-12-19 14:40
东营职业学院(校企合作软件外包专业),东营职业学院(校企合作软件外包专业),3439,,1785687855551499,纪嘉澍,2023-12-19 14:40,纪嘉澍,2023-12-19 14:40
东营职业学院(面试要求),东营职业学院(面试要求),3440,,1785687855553579,纪嘉澍,2023-12-19 14:40,纪嘉澍,2023-12-19 14:40
东营职业学院(高职本科贯通培养),东营职业学院(高职本科贯通培养),3441,,1785687855556651,纪嘉澍,2023-12-19 14:40,纪嘉澍,2023-12-19 14:40
山东服装职业学院(校企合作软件外包专业),山东服装职业学院(校企合作软件外包专业),3442,,1785687855742987,纪嘉澍,2023-12-19 14:40,纪嘉澍,2023-12-19 14:40
山东服装职业学院(高职本科贯通培养),山东服装职业学院(高职本科贯通培养),3443,,1785687855744011,纪嘉澍,2023-12-19 14:40,纪嘉澍,2023-12-19 14:40
山东力明科技职业学院(中外合作办学),山东力明科技职业学院(中外合作办学),3444,,1785687855558731,纪嘉澍,2023-12-19 14:40,纪嘉澍,2023-12-19 14:40
山东畜牧兽医职业学院(中外合作办学),山东畜牧兽医职业学院(中外合作办学),3445,,1785687855742011,纪嘉澍,2023-12-19 14:40,纪嘉澍,2023-12-19 14:40
山东畜牧兽医职业学院(校企合作软件外包专业),山东畜牧兽医职业学院(校企合作软件外包专业),3446,,1785687855557643,纪嘉澍,2023-12-19 14:40,纪嘉澍,2023-12-19 14:40
山东畜牧兽医职业学院(高职本科贯通培养),山东畜牧兽医职业学院(高职本科贯通培养),3447,,1785687855741979,纪嘉澍,2023-12-19 14:40,纪嘉澍,2023-12-19 14:40
山东英才学院(中外合作办学),山东英才学院(中外合作办学),3448,,1785687855554571,纪嘉澍,2023-12-19 14:40,纪嘉澍,2023-12-19 14:40
山东英才学院(校企合作软件外包专业),山东英才学院(校企合作软件外包专业),3449,,1785687855555643,纪嘉澍,2023-12-19 14:40,纪嘉澍,2023-12-19 14:40
山东交通职业学院(校企合作软件外包专业),山东交通职业学院(校企合作软件外包专业),3450,,1785687855555611,纪嘉澍,2023-12-19 14:40,纪嘉澍,2023-12-19 14:40
山东交通职业学院(面试要求),山东交通职业学院(面试要求),3451,,1785687855552555,纪嘉澍,2023-12-19 14:40,纪嘉澍,2023-12-19 14:40
山东交通职业学院(高职本科贯通培养),山东交通职业学院(高职本科贯通培养),3452,,1785687860421657,纪嘉澍,2023-12-19 14:40,纪嘉澍,2023-12-19 14:40
山东外贸职业学院(校企合作软件外包专业),山东外贸职业学院(校企合作软件外包专业),3453,,1785687860423689,纪嘉澍,2023-12-19 14:40,纪嘉澍,2023-12-19 14:40
山东外贸职业学院(面试要求),山东外贸职业学院(面试要求),3454,,1785687860430953,纪嘉澍,2023-12-19 14:40,纪嘉澍,2023-12-19 14:40
山东外贸职业学院(高职本科贯通培养),山东外贸职业学院(高职本科贯通培养),3455,,1785687860423737,纪嘉澍,2023-12-19 14:40,纪嘉澍,2023-12-19 14:40
青岛酒店管理职业技术学院(校企合作软件外包专业),青岛酒店管理职业技术学院(校企合作软件外包专业),3456,,1785687860427801,纪嘉澍,2023-12-19 14:40,纪嘉澍,2023-12-19 14:40
青岛酒店管理职业技术学院(高职本科贯通培养),青岛酒店管理职业技术学院(高职本科贯通培养),3457,,1785687860424729,纪嘉澍,2023-12-19 14:40,纪嘉澍,2023-12-19 14:40
山东信息职业技术学院(校企合作软件外包专业),山东信息职业技术学院(校企合作软件外包专业),3458,,1785687860429833,纪嘉澍,2023-12-19 14:40,纪嘉澍,2023-12-19 14:40
山东信息职业技术学院(高职本科贯通培养),山东信息职业技术学院(高职本科贯通培养),3459,,1785687860424713,纪嘉澍,2023-12-19 14:40,纪嘉澍,2023-12-19 14:40
青岛港湾职业技术学院(高职本科贯通培养),青岛港湾职业技术学院(高职本科贯通培养),3460,,1785687860428841,纪嘉澍,2023-12-19 14:40,纪嘉澍,2023-12-19 14:40
青岛黄海学院(校企合作软件外包专业),青岛黄海学院(校企合作软件外包专业),3461,,1785687860427833,纪嘉澍,2023-12-19 14:40,纪嘉澍,2023-12-19 14:40
山东协和学院(校企合作软件外包专业),山东协和学院(校企合作软件外包专业),3462,,1785687860420633,纪嘉澍,2023-12-19 14:40,纪嘉澍,2023-12-19 14:40
青岛理工大学琴岛学院(中外合作办学),青岛理工大学琴岛学院(中外合作办学),3463,,1785687860426841,纪嘉澍,2023-12-19 14:40,纪嘉澍,2023-12-19 14:40
山东中医药高等专科学校(高职本科贯通培养),山东中医药高等专科学校(高职本科贯通培养),3464,,1785687860424761,纪嘉澍,2023-12-19 14:40,纪嘉澍,2023-12-19 14:40
泰山职业技术学院(中外合作办学),泰山职业技术学院(中外合作办学),3465,,1785687860428809,纪嘉澍,2023-12-19 14:40,纪嘉澍,2023-12-19 14:40
泰山职业技术学院(校企合作软件外包专业),泰山职业技术学院(校企合作软件外包专业),3466,,1785687860431993,纪嘉澍,2023-12-19 14:40,纪嘉澍,2023-12-19 14:40
泰山职业技术学院(高职本科贯通培养),泰山职业技术学院(高职本科贯通培养),3467,,1785687860422697,纪嘉澍,2023-12-19 14:40,纪嘉澍,2023-12-19 14:40
山东外事职业大学(面试要求),山东外事职业大学(面试要求),3468,,1785687860425785,纪嘉澍,2023-12-19 14:40,纪嘉澍,2023-12-19 14:40
山东外事职业大学(高职本科贯通培养),山东外事职业大学(高职本科贯通培养),3469,,1785687860431961,纪嘉澍,2023-12-19 14:40,纪嘉澍,2023-12-19 14:40
齐鲁理工学院(中外合作办学),齐鲁理工学院(中外合作办学),3470,,1785687860429865,纪嘉澍,2023-12-19 14:40,纪嘉澍,2023-12-19 14:40
齐鲁理工学院(校企合作软件外包专业),齐鲁理工学院(校企合作软件外包专业),3471,,1785687860426825,纪嘉澍,2023-12-19 14:40,纪嘉澍,2023-12-19 14:40
齐鲁理工学院(面试要求),齐鲁理工学院(面试要求),3472,,1785687860433065,纪嘉澍,2023-12-19 14:40,纪嘉澍,2023-12-19 14:40
济南大学泉城学院(校企合作软件外包专业),济南大学泉城学院(校企合作软件外包专业),3473,,1785687860428825,纪嘉澍,2023-12-19 14:40,纪嘉澍,2023-12-19 14:40
山东传媒职业学院(校企合作软件外包专业),山东传媒职业学院(校企合作软件外包专业),3474,,1785687860421673,纪嘉澍,2023-12-19 14:40,纪嘉澍,2023-12-19 14:40
枣庄职业学院(校企合作软件外包专业),枣庄职业学院(校企合作软件外包专业),3475,,1785687860424745,纪嘉澍,2023-12-19 14:40,纪嘉澍,2023-12-19 14:40
枣庄职业学院(面试要求),枣庄职业学院(面试要求),3476,,1785687860433033,纪嘉澍,2023-12-19 14:40,纪嘉澍,2023-12-19 14:40
枣庄职业学院(高职本科贯通培养),枣庄职业学院(高职本科贯通培养),3477,,1785687860431945,纪嘉澍,2023-12-19 14:40,纪嘉澍,2023-12-19 14:40
青岛远洋船员职业学院(校企合作软件外包专业),青岛远洋船员职业学院(校企合作软件外包专业),3478,,1785687860429881,纪嘉澍,2023-12-19 14:40,纪嘉澍,2023-12-19 14:40
青岛远洋船员职业学院(高职本科贯通培养),青岛远洋船员职业学院(高职本科贯通培养),3479,,1785687860421689,纪嘉澍,2023-12-19 14:40,纪嘉澍,2023-12-19 14:40
济宁学院(校企合作软件外包专业),济宁学院(校企合作软件外包专业),3480,,1785687860426873,纪嘉澍,2023-12-19 14:40,纪嘉澍,2023-12-19 14:40
齐鲁师范学院(校企合作软件外包专业),齐鲁师范学院(校企合作软件外包专业),3481,,1785687860422665,纪嘉澍,2023-12-19 14:40,纪嘉澍,2023-12-19 14:40
青岛滨海学院(青岛),青岛滨海学院(青岛),3482,,1785687860430937,纪嘉澍,2023-12-19 14:40,纪嘉澍,2023-12-19 14:40
青岛恒星科技学院(面试要求),青岛恒星科技学院(面试要求),3483,,1785687860420665,纪嘉澍,2023-12-19 14:40,纪嘉澍,2023-12-19 14:40
山东财经大学东方学院(校企合作软件外包专业),山东财经大学东方学院(校企合作软件外包专业),3484,,1785687860422713,纪嘉澍,2023-12-19 14:40,纪嘉澍,2023-12-19 14:40
山东管理学院(中外合作办学),山东管理学院(中外合作办学),3485,,1785687860428857,纪嘉澍,2023-12-19 14:40,纪嘉澍,2023-12-19 14:40
山东管理学院(校企合作软件外包专业),山东管理学院(校企合作软件外包专业),3486,,1785687860420649,纪嘉澍,2023-12-19 14:40,纪嘉澍,2023-12-19 14:40
山东华宇工学院(校企合作软件外包专业),山东华宇工学院(校企合作软件外包专业),3487,,1785687860430921,纪嘉澍,2023-12-19 14:40,纪嘉澍,2023-12-19 14:40
山东农业工程学院(中外合作办学),山东农业工程学院(中外合作办学),3488,,1785687860421641,纪嘉澍,2023-12-19 14:40,纪嘉澍,2023-12-19 14:40
山东农业工程学院(校企合作软件外包专业),山东农业工程学院(校企合作软件外包专业),3489,,1785687860423705,纪嘉澍,2023-12-19 14:40,纪嘉澍,2023-12-19 14:40
山东青年政治学院(中外合作办学),山东青年政治学院(中外合作办学),3490,,1785687860427817,纪嘉澍,2023-12-19 14:40,纪嘉澍,2023-12-19 14:40
山东青年政治学院(校企合作软件外包专业),山东青年政治学院(校企合作软件外包专业),3491,,1785687860426857,纪嘉澍,2023-12-19 14:40,纪嘉澍,2023-12-19 14:40
山东师范大学历山学院(校企合作软件外包专业),山东师范大学历山学院(校企合作软件外包专业),3492,,1785687860422681,纪嘉澍,2023-12-19 14:40,纪嘉澍,2023-12-19 14:40
山东师范大学历山学院(面试要求),山东师范大学历山学院(面试要求),3493,,1785687860429849,纪嘉澍,2023-12-19 14:40,纪嘉澍,2023-12-19 14:40
山东政法学院(校企合作软件外包专业),山东政法学院(校企合作软件外包专业),3494,,1785687860423721,纪嘉澍,2023-12-19 14:40,纪嘉澍,2023-12-19 14:40
潍坊科技学院(中外合作办学),潍坊科技学院(中外合作办学),3495,,1785687860431977,纪嘉澍,2023-12-19 14:40,纪嘉澍,2023-12-19 14:40
潍坊科技学院(校企合作软件外包专业),潍坊科技学院(校企合作软件外包专业),3496,,1785687860425753,纪嘉澍,2023-12-19 14:40,纪嘉澍,2023-12-19 14:40
潍坊科技学院(面试要求),潍坊科技学院(面试要求),3497,,1785687860425769,纪嘉澍,2023-12-19 14:40,纪嘉澍,2023-12-19 14:40
烟台大学文经学院(中外合作办学),烟台大学文经学院(中外合作办学),3498,,1785687860433049,纪嘉澍,2023-12-19 14:40,纪嘉澍,2023-12-19 14:40
莱芜职业技术学院(校企合作软件外包专业),莱芜职业技术学院(校企合作软件外包专业),3499,,1785687860427785,纪嘉澍,2023-12-19 14:40,纪嘉澍,2023-12-19 14:40
莱芜职业技术学院(高职本科贯通培养),莱芜职业技术学院(高职本科贯通培养),3500,,1785687860430969,纪嘉澍,2023-12-19 14:40,纪嘉澍,2023-12-19 14:40
聊城职业技术学院(校企合作软件外包专业),聊城职业技术学院(校企合作软件外包专业),3501,,1785687860425737,纪嘉澍,2023-12-19 14:40,纪嘉澍,2023-12-19 14:40
聊城职业技术学院(高职本科贯通培养),聊城职业技术学院(高职本科贯通培养),3502,,1785687864468553,纪嘉澍,2023-12-19 14:40,纪嘉澍,2023-12-19 14:40
临沂职业学院(校企合作软件外包专业),临沂职业学院(校企合作软件外包专业),3503,,1785687861322820,纪嘉澍,2023-12-19 14:40,纪嘉澍,2023-12-19 14:40
临沂职业学院(高职本科贯通培养),临沂职业学院(高职本科贯通培养),3504,,1785687864467529,纪嘉澍,2023-12-19 14:40,纪嘉澍,2023-12-19 14:40
菏泽职业学院(校企合作软件外包专业),菏泽职业学院(校企合作软件外包专业),3505,,1785687861319700,纪嘉澍,2023-12-19 14:40,纪嘉澍,2023-12-19 14:40
山东医学高等专科学校(高职本科贯通培养),山东医学高等专科学校(高职本科贯通培养),3506,,1785687861317636,纪嘉澍,2023-12-19 14:40,纪嘉澍,2023-12-19 14:40
济南幼儿师范高等专科学校(校企合作软件外包专业),济南幼儿师范高等专科学校(校企合作软件外包专业),3507,,1785687861314596,纪嘉澍,2023-12-19 14:40,纪嘉澍,2023-12-19 14:40
山东水利职业学院(校企合作软件外包专业),山东水利职业学院(校企合作软件外包专业),3508,,1785687861315604,纪嘉澍,2023-12-19 14:40,纪嘉澍,2023-12-19 14:40
山东水利职业学院(高职技师),山东水利职业学院(高职技师),3509,,1785687864469577,纪嘉澍,2023-12-19 14:40,纪嘉澍,2023-12-19 14:40
山东水利职业学院(高职本科贯通培养),山东水利职业学院(高职本科贯通培养),3510,,1785687861320756,纪嘉澍,2023-12-19 14:40,纪嘉澍,2023-12-19 14:40
山东药品食品职业学院(校企合作软件外包专业),山东药品食品职业学院(校企合作软件外包专业),3511,,1785687861316724,纪嘉澍,2023-12-19 14:40,纪嘉澍,2023-12-19 14:40
山东药品食品职业学院(高职本科贯通培养),山东药品食品职业学院(高职本科贯通培养),3512,,1785687861317684,纪嘉澍,2023-12-19 14:40,纪嘉澍,2023-12-19 14:40
威海职业学院(校企合作软件外包专业),威海职业学院(校企合作软件外包专业),3513,,1785687861321780,纪嘉澍,2023-12-19 14:40,纪嘉澍,2023-12-19 14:40
威海职业学院(高职技师),威海职业学院(高职技师),3514,,1785687861318660,纪嘉澍,2023-12-19 14:40,纪嘉澍,2023-12-19 14:40
威海职业学院(高职本科贯通培养),威海职业学院(高职本科贯通培养),3515,,1785687861319716,纪嘉澍,2023-12-19 14:40,纪嘉澍,2023-12-19 14:40
山东经贸职业学院(校企合作软件外包专业),山东经贸职业学院(校企合作软件外包专业),3516,,1785687864467545,纪嘉澍,2023-12-19 14:40,纪嘉澍,2023-12-19 14:40
山东经贸职业学院(高职本科贯通培养),山东经贸职业学院(高职本科贯通培养),3517,,1785687861319684,纪嘉澍,2023-12-19 14:40,纪嘉澍,2023-12-19 14:40
山东科技职业学院(中外合作办学),山东科技职业学院(中外合作办学),3518,,1785687861315588,纪嘉澍,2023-12-19 14:40,纪嘉澍,2023-12-19 14:40
山东科技职业学院(校企合作软件外包专业),山东科技职业学院(校企合作软件外包专业),3519,,1785687861314612,纪嘉澍,2023-12-19 14:40,纪嘉澍,2023-12-19 14:40
山东科技职业学院(高职本科贯通培养),山东科技职业学院(高职本科贯通培养),3520,,1785687861315636,纪嘉澍,2023-12-19 14:40,纪嘉澍,2023-12-19 14:40
潍坊工程职业学院(校企合作软件外包专业),潍坊工程职业学院(校企合作软件外包专业),3521,,1785687864468601,纪嘉澍,2023-12-19 14:40,纪嘉澍,2023-12-19 14:40
潍坊工程职业学院(高职本科贯通培养),潍坊工程职业学院(高职本科贯通培养),3522,,1785687861320708,纪嘉澍,2023-12-19 14:40,纪嘉澍,2023-12-19 14:40
潍坊护理职业学院(校企合作软件外包专业),潍坊护理职业学院(校企合作软件外包专业),3523,,1785687861316692,纪嘉澍,2023-12-19 14:40,纪嘉澍,2023-12-19 14:40
潍坊护理职业学院(高职本科贯通培养),潍坊护理职业学院(高职本科贯通培养),3524,,1785687861318692,纪嘉澍,2023-12-19 14:40,纪嘉澍,2023-12-19 14:40
潍坊职业学院(中外合作办学),潍坊职业学院(中外合作办学),3525,,1785687861321764,纪嘉澍,2023-12-19 14:40,纪嘉澍,2023-12-19 14:40
潍坊职业学院(高职技师),潍坊职业学院(高职技师),3526,,1785687861318708,纪嘉澍,2023-12-19 14:40,纪嘉澍,2023-12-19 14:40
潍坊职业学院(高职本科贯通培养),潍坊职业学院(高职本科贯通培养),3527,,1785687864468569,纪嘉澍,2023-12-19 14:40,纪嘉澍,2023-12-19 14:40
山东商务职业学院(中外合作办学),山东商务职业学院(中外合作办学),3528,,1785687864466537,纪嘉澍,2023-12-19 14:40,纪嘉澍,2023-12-19 14:40
山东商务职业学院(校企合作软件外包专业),山东商务职业学院(校企合作软件外包专业),3529,,1785687864467577,纪嘉澍,2023-12-19 14:40,纪嘉澍,2023-12-19 14:40
山东商务职业学院(高职本科贯通培养),山东商务职业学院(高职本科贯通培养),3530,,1785687861322852,纪嘉澍,2023-12-19 14:40,纪嘉澍,2023-12-19 14:40
烟台工程职业技术学院(校企合作软件外包专业),烟台工程职业技术学院(校企合作软件外包专业),3531,,1785687861320724,纪嘉澍,2023-12-19 14:40,纪嘉澍,2023-12-19 14:40
烟台工程职业技术学院(高职本科贯通培养),烟台工程职业技术学院(高职本科贯通培养),3532,,1785687864466505,纪嘉澍,2023-12-19 14:40,纪嘉澍,2023-12-19 14:40
烟台汽车工程职业学院(校企合作软件外包专业),烟台汽车工程职业学院(校企合作软件外包专业),3533,,1785687861320740,纪嘉澍,2023-12-19 14:40,纪嘉澍,2023-12-19 14:40
烟台汽车工程职业学院(高职本科贯通培养),烟台汽车工程职业学院(高职本科贯通培养),3534,,1785687861317652,纪嘉澍,2023-12-19 14:40,纪嘉澍,2023-12-19 14:40
烟台职业学院(校企合作软件外包专业),烟台职业学院(校企合作软件外包专业),3535,,1785687861316676,纪嘉澍,2023-12-19 14:40,纪嘉澍,2023-12-19 14:40
烟台职业学院(高职技师),烟台职业学院(高职技师),3536,,1785687861322868,纪嘉澍,2023-12-19 14:40,纪嘉澍,2023-12-19 14:40
烟台职业学院(高职本科贯通培养),烟台职业学院(高职本科贯通培养),3537,,1785687861318676,纪嘉澍,2023-12-19 14:40,纪嘉澍,2023-12-19 14:40
枣庄科技职业学院(校企合作软件外包专业),枣庄科技职业学院(校企合作软件外包专业),3538,,1785687864467561,纪嘉澍,2023-12-19 14:40,纪嘉澍,2023-12-19 14:40
枣庄科技职业学院(高职本科贯通培养),枣庄科技职业学院(高职本科贯通培养),3539,,1785687861316708,纪嘉澍,2023-12-19 14:40,纪嘉澍,2023-12-19 14:40
山东工业职业学院(校企合作软件外包专业),山东工业职业学院(校企合作软件外包专业),3540,,1785687864466553,纪嘉澍,2023-12-19 14:40,纪嘉澍,2023-12-19 14:40
山东工业职业学院(高职本科贯通培养),山东工业职业学院(高职本科贯通培养),3541,,1785687861313588,纪嘉澍,2023-12-19 14:40,纪嘉澍,2023-12-19 14:40
山东铝业职业学院(校企合作软件外包专业),山东铝业职业学院(校企合作软件外包专业),3542,,1785687861321748,纪嘉澍,2023-12-19 14:40,纪嘉澍,2023-12-19 14:40
山东轻工职业学院(校企合作软件外包专业),山东轻工职业学院(校企合作软件外包专业),3543,,1785687861314564,纪嘉澍,2023-12-19 14:40,纪嘉澍,2023-12-19 14:40
淄博师范高等专科学校(中外合作办学),淄博师范高等专科学校(中外合作办学),3544,,1785687861322836,纪嘉澍,2023-12-19 14:40,纪嘉澍,2023-12-19 14:40
威海海洋职业学院(校企合作软件外包专业),威海海洋职业学院(校企合作软件外包专业),3545,,1785687861317668,纪嘉澍,2023-12-19 14:40,纪嘉澍,2023-12-19 14:40
淄博职业学院(中外合作办学),淄博职业学院(中外合作办学),3546,,1785687861321732,纪嘉澍,2023-12-19 14:40,纪嘉澍,2023-12-19 14:40
淄博职业学院(校企合作软件外包专业),淄博职业学院(校企合作软件外包专业),3547,,1785687864468585,纪嘉澍,2023-12-19 14:40,纪嘉澍,2023-12-19 14:40
淄博职业学院(高职技师),淄博职业学院(高职技师),3548,,1785687861319732,纪嘉澍,2023-12-19 14:40,纪嘉澍,2023-12-19 14:40
淄博职业学院(高职本科贯通培养),淄博职业学院(高职本科贯通培养),3549,,1785687861314580,纪嘉澍,2023-12-19 14:40,纪嘉澍,2023-12-19 14:40
山东凯文科技职业学院(校企合作软件外包专业),山东凯文科技职业学院(校企合作软件外包专业),3550,,1785687864466521,纪嘉澍,2023-12-19 14:40,纪嘉澍,2023-12-19 14:40
山东凯文科技职业学院(高职本科贯通培养),山东凯文科技职业学院(高职本科贯通培养),3551,,1785687861315620,纪嘉澍,2023-12-19 14:40,纪嘉澍,2023-12-19 14:40
山东外国语职业学院(高职本科贯通培养),山东外国语职业学院(高职本科贯通培养),3552,,1785687864632378,纪嘉澍,2023-12-19 14:40,纪嘉澍,2023-12-19 14:40
菏泽家政职业学院(高职本科贯通培养),菏泽家政职业学院(高职本科贯通培养),3553,,1785687864633450,纪嘉澍,2023-12-19 14:40,纪嘉澍,2023-12-19 14:40
济南工程职业技术学院(中外合作办学),济南工程职业技术学院(中外合作办学),3554,,1785687864630314,纪嘉澍,2023-12-19 14:40,纪嘉澍,2023-12-19 14:40
济南工程职业技术学院(高职本科贯通培养),济南工程职业技术学院(高职本科贯通培养),3555,,1785687864631306,纪嘉澍,2023-12-19 14:40,纪嘉澍,2023-12-19 14:40
济南护理职业学院(高职本科贯通培养),济南护理职业学院(高职本科贯通培养),3556,,1785687864632362,纪嘉澍,2023-12-19 14:40,纪嘉澍,2023-12-19 14:40
济南职业学院(中外合作办学),济南职业学院(中外合作办学),3557,,1785687864627210,纪嘉澍,2023-12-19 14:40,纪嘉澍,2023-12-19 14:40
济南职业学院(校企合作软件外包专业),济南职业学院(校企合作软件外包专业),3558,,1785687864634394,纪嘉澍,2023-12-19 14:40,纪嘉澍,2023-12-19 14:40
济南职业学院(高职技师),济南职业学院(高职技师),3559,,1785687864632346,纪嘉澍,2023-12-19 14:40,纪嘉澍,2023-12-19 14:40
济南职业学院(高职本科贯通培养),济南职业学院(高职本科贯通培养),3560,,1785687864628234,纪嘉澍,2023-12-19 14:40,纪嘉澍,2023-12-19 14:40
山东城市建设职业学院(校企合作软件外包专业),山东城市建设职业学院(校企合作软件外包专业),3561,,1785687864635434,纪嘉澍,2023-12-19 14:40,纪嘉澍,2023-12-19 14:40
山东城市建设职业学院(高职本科贯通培养),山东城市建设职业学院(高职本科贯通培养),3562,,1785687864634410,纪嘉澍,2023-12-19 14:40,纪嘉澍,2023-12-19 14:40
山东电子职业技术学院(校企合作软件外包专业),山东电子职业技术学院(校企合作软件外包专业),3563,,1785687864634426,纪嘉澍,2023-12-19 14:40,纪嘉澍,2023-12-19 14:40
山东电子职业技术学院(高职本科贯通培养),山东电子职业技术学院(高职本科贯通培养),3564,,1785687864625178,纪嘉澍,2023-12-19 14:40,纪嘉澍,2023-12-19 14:40
山东劳动职业技术学院(校企合作软件外包专业),山东劳动职业技术学院(校企合作软件外包专业),3565,,1785687864636426,纪嘉澍,2023-12-19 14:40,纪嘉澍,2023-12-19 14:40
山东劳动职业技术学院(高职本科贯通培养),山东劳动职业技术学院(高职本科贯通培养),3566,,1785687864630330,纪嘉澍,2023-12-19 14:40,纪嘉澍,2023-12-19 14:40
山东旅游职业学院(面试要求),山东旅游职业学院(面试要求),3567,,1785687864629274,纪嘉澍,2023-12-19 14:40,纪嘉澍,2023-12-19 14:40
山东旅游职业学院(高职本科贯通培养),山东旅游职业学院(高职本科贯通培养),3568,,1785687864635402,纪嘉澍,2023-12-19 14:40,纪嘉澍,2023-12-19 14:40
山东司法警官职业学院(校企合作软件外包专业),山东司法警官职业学院(校企合作软件外包专业),3569,,1785687864632330,纪嘉澍,2023-12-19 14:40,纪嘉澍,2023-12-19 14:40
山东司法警官职业学院(高职本科贯通培养),山东司法警官职业学院(高职本科贯通培养),3570,,1785687864630346,纪嘉澍,2023-12-19 14:40,纪嘉澍,2023-12-19 14:40
滨州职业学院(校企合作软件外包专业),滨州职业学院(校企合作软件外包专业),3571,,1785687864626250,纪嘉澍,2023-12-19 14:40,纪嘉澍,2023-12-19 14:40
滨州职业学院(高职本科贯通培养),滨州职业学院(高职本科贯通培养),3572,,1785687864628282,纪嘉澍,2023-12-19 14:40,纪嘉澍,2023-12-19 14:40
济宁职业技术学院(中外合作办学),济宁职业技术学院(中外合作办学),3573,,1785687864633434,纪嘉澍,2023-12-19 14:40,纪嘉澍,2023-12-19 14:40
济宁职业技术学院(校企合作软件外包专业),济宁职业技术学院(校企合作软件外包专业),3574,,1785687864628266,纪嘉澍,2023-12-19 14:40,纪嘉澍,2023-12-19 14:40
济宁职业技术学院(高职技师),济宁职业技术学院(高职技师),3575,,1785687864625162,纪嘉澍,2023-12-19 14:40,纪嘉澍,2023-12-19 14:40
济宁职业技术学院(高职本科贯通培养),济宁职业技术学院(高职本科贯通培养),3576,,1785687864628250,纪嘉澍,2023-12-19 14:40,纪嘉澍,2023-12-19 14:40
山东理工职业学院(中外合作办学),山东理工职业学院(中外合作办学),3577,,1785687864635418,纪嘉澍,2023-12-19 14:40,纪嘉澍,2023-12-19 14:40
山东理工职业学院(校企合作软件外包专业),山东理工职业学院(校企合作软件外包专业),3578,,1785687864631338,纪嘉澍,2023-12-19 14:40,纪嘉澍,2023-12-19 14:40
山东理工职业学院(高职技师),山东理工职业学院(高职技师),3579,,1785687864631322,纪嘉澍,2023-12-19 14:40,纪嘉澍,2023-12-19 14:40
山东理工职业学院(高职本科贯通培养),山东理工职业学院(高职本科贯通培养),3580,,1785687864636458,纪嘉澍,2023-12-19 14:40,纪嘉澍,2023-12-19 14:40
曲阜远东职业技术学院(校企合作软件外包专业),曲阜远东职业技术学院(校企合作软件外包专业),3581,,1785687864635450,纪嘉澍,2023-12-19 14:40,纪嘉澍,2023-12-19 14:40
德州职业技术学院(校企合作软件外包专业),德州职业技术学院(校企合作软件外包专业),3582,,1785687864627226,纪嘉澍,2023-12-19 14:40,纪嘉澍,2023-12-19 14:40
德州职业技术学院(高职技师),德州职业技术学院(高职技师),3583,,1785687864625194,纪嘉澍,2023-12-19 14:40,纪嘉澍,2023-12-19 14:40
德州职业技术学院(高职本科贯通培养),德州职业技术学院(高职本科贯通培养),3584,,1785687864633466,纪嘉澍,2023-12-19 14:40,纪嘉澍,2023-12-19 14:40
德州科技职业学院(校企合作软件外包专业),德州科技职业学院(校企合作软件外包专业),3585,,1785687864634378,纪嘉澍,2023-12-19 14:40,纪嘉澍,2023-12-19 14:40
浙江大学(国防生),浙江大学(国防生),3586,,1785687864629306,纪嘉澍,2023-12-19 14:40,纪嘉澍,2023-12-19 14:40
浙江理工大学成教学院北景园分院,浙江理工大学成教学院北景园分院,3587,,1785687864636474,纪嘉澍,2023-12-19 14:40,纪嘉澍,2023-12-19 14:40
浙江海洋大学(师范类),浙江海洋大学(师范类),3588,,1785687864629290,纪嘉澍,2023-12-19 14:40,纪嘉澍,2023-12-19 14:40
浙江海洋大学(航海类),浙江海洋大学(航海类),3589,,1785687864627242,纪嘉澍,2023-12-19 14:40,纪嘉澍,2023-12-19 14:40
浙江农林大学天目学院,浙江农林大学天目学院,3590,,1785687864624170,纪嘉澍,2023-12-19 14:40,纪嘉澍,2023-12-19 14:40
丽水学院(少数民族预科班),丽水学院(少数民族预科班),3591,,1785687864624186,纪嘉澍,2023-12-19 14:40,纪嘉澍,2023-12-19 14:40
丽水学院(民族预科),丽水学院(民族预科),3592,,1785687864631354,纪嘉澍,2023-12-19 14:40,纪嘉澍,2023-12-19 14:40
中国美术学院艺术设计职业技术学院,中国美术学院艺术设计职业技术学院,3593,,1785687864625210,纪嘉澍,2023-12-19 14:40,纪嘉澍,2023-12-19 14:40
浙江科技学院(中外合作办学),浙江科技学院(中外合作办学),3594,,1785687864636442,纪嘉澍,2023-12-19 14:40,纪嘉澍,2023-12-19 14:40
宁波工程学院(中外合作办学),宁波工程学院(中外合作办学),3595,,1785687864630298,纪嘉澍,2023-12-19 14:40,纪嘉澍,2023-12-19 14:40
温州大学城市学院,温州大学城市学院,3596,,1785687864627258,纪嘉澍,2023-12-19 14:40,纪嘉澍,2023-12-19 14:40
浙江财经大学(中外合作办学),浙江财经大学(中外合作办学),3597,,1785687864626234,纪嘉澍,2023-12-19 14:40,纪嘉澍,2023-12-19 14:40
宁波大学(中外合作办学),宁波大学(中外合作办学),3598,,1785687864626218,纪嘉澍,2023-12-19 14:40,纪嘉澍,2023-12-19 14:40
宁波大学(国防生),宁波大学(国防生),3599,,1785687864633418,纪嘉澍,2023-12-19 14:40,纪嘉澍,2023-12-19 14:40
宁波大学(师范类),宁波大学(师范类),3600,,1785687864629258,纪嘉澍,2023-12-19 14:40,纪嘉澍,2023-12-19 14:40
宁波大学(航海类),宁波大学(航海类),3601,,1785687864626202,纪嘉澍,2023-12-19 14:40,纪嘉澍,2023-12-19 14:40
金华职业技术学院浙江科贸职业技术学院,金华职业技术学院浙江科贸职业技术学院,3602,,1785687864823868,纪嘉澍,2023-12-19 14:40,纪嘉澍,2023-12-19 14:40
金华职业技术学院金华教育学院教学点,金华职业技术学院金华教育学院教学点,3603,,1785687864823852,纪嘉澍,2023-12-19 14:40,纪嘉澍,2023-12-19 14:40
浙江建设职业技术学院(中外合作办学),浙江建设职业技术学院(中外合作办学),3604,,1785687864819756,纪嘉澍,2023-12-19 14:40,纪嘉澍,2023-12-19 14:40
浙江经济职业技术学院(中外合作),浙江经济职业技术学院(中外合作),3605,,1785687864818732,纪嘉澍,2023-12-19 14:40,纪嘉澍,2023-12-19 14:40
湖州职业技术学院安吉教学点,湖州职业技术学院安吉教学点,3606,,1785687864820748,纪嘉澍,2023-12-19 14:40,纪嘉澍,2023-12-19 14:40
浙江外国语学院(中外合作办学),浙江外国语学院(中外合作办学),3607,,1785687864824908,纪嘉澍,2023-12-19 14:40,纪嘉澍,2023-12-19 14:40
宁波诺丁汉大学(中外合作办学),宁波诺丁汉大学(中外合作办学),3608,,1785687864817676,纪嘉澍,2023-12-19 14:40,纪嘉澍,2023-12-19 14:40
温州肯恩大学(中外合作办学),温州肯恩大学(中外合作办学),3609,,1785687864823836,纪嘉澍,2023-12-19 14:40,纪嘉澍,2023-12-19 14:40
浙江警察学院浙江安防职业技术学院,浙江警察学院浙江安防职业技术学院,3610,,1785687864824924,纪嘉澍,2023-12-19 14:40,纪嘉澍,2023-12-19 14:40
辽宁大学(中外合作办学),辽宁大学(中外合作办学),3611,,1785687864822796,纪嘉澍,2023-12-19 14:40,纪嘉澍,2023-12-19 14:40
大连理工大学(中外合作办学),大连理工大学(中外合作办学),3612,,1785687864821788,纪嘉澍,2023-12-19 14:40,纪嘉澍,2023-12-19 14:40
大连理工大学(盘锦校区)(中外合作),大连理工大学(盘锦校区)(中外合作),3613,,1785687864823820,纪嘉澍,2023-12-19 14:40,纪嘉澍,2023-12-19 14:40
大连理工大学(盘锦校区)(克拉玛依校区),大连理工大学(盘锦校区)(克拉玛依校区),3614,,1785687864815676,纪嘉澍,2023-12-19 14:40,纪嘉澍,2023-12-19 14:40
大连理工大学(院校特定要求),大连理工大学(院校特定要求),3615,,1785687864820764,纪嘉澍,2023-12-19 14:40,纪嘉澍,2023-12-19 14:40
沈阳航空航天大学(中外合作办学),沈阳航空航天大学(中外合作办学),3616,,1785687864818748,纪嘉澍,2023-12-19 14:40,纪嘉澍,2023-12-19 14:40
东北大学(专业志愿),东北大学(专业志愿),3617,,1785687864822812,纪嘉澍,2023-12-19 14:40,纪嘉澍,2023-12-19 14:40
东北大学(中外合作办学),东北大学(中外合作办学),3618,,1785687864818764,纪嘉澍,2023-12-19 14:40,纪嘉澍,2023-12-19 14:40
东北大学秦皇岛校区,东北大学秦皇岛校区,3619,,1785687864644682,纪嘉澍,2023-12-19 14:40,纪嘉澍,2023-12-19 14:40
辽宁科技大学(专业志愿),辽宁科技大学(专业志愿),3620,,1785687864817724,纪嘉澍,2023-12-19 14:40,纪嘉澍,2023-12-19 14:40
辽宁科技大学信息技术学院,辽宁科技大学信息技术学院,3621,,1785687864644730,纪嘉澍,2023-12-19 14:40,纪嘉澍,2023-12-19 14:40
辽宁石油化工大学(中外合作办学),辽宁石油化工大学(中外合作办学),3622,,1785687864645706,纪嘉澍,2023-12-19 14:40,纪嘉澍,2023-12-19 14:40
辽宁石油化工大学(民族预科),辽宁石油化工大学(民族预科),3623,,1785687864815660,纪嘉澍,2023-12-19 14:40,纪嘉澍,2023-12-19 14:40
大连交通大学(专业志愿),大连交通大学(专业志愿),3624,,1785687864822828,纪嘉澍,2023-12-19 14:40,纪嘉澍,2023-12-19 14:40
大连交通大学(中外合作办学),大连交通大学(中外合作办学),3625,,1785687864819740,纪嘉澍,2023-12-19 14:40,纪嘉澍,2023-12-19 14:40
大连交通大学(高费),大连交通大学(高费),3626,,1785687864643674,纪嘉澍,2023-12-19 14:40,纪嘉澍,2023-12-19 14:40
大连海洋大学(中外合作办学),大连海洋大学(中外合作办学),3627,,1785687864818716,纪嘉澍,2023-12-19 14:40,纪嘉澍,2023-12-19 14:40
中国医科大学(中外合作办学),中国医科大学(中外合作办学),3628,,1785687864644714,纪嘉澍,2023-12-19 14:40,纪嘉澍,2023-12-19 14:40
辽宁师范大学(中外合作办学),辽宁师范大学(中外合作办学),3629,,1785687864643690,纪嘉澍,2023-12-19 14:40,纪嘉澍,2023-12-19 14:40
沈阳师范大学(中外),沈阳师范大学(中外),3630,,1785687864822844,纪嘉澍,2023-12-19 14:40,纪嘉澍,2023-12-19 14:40
东北财经大学(中外合作办学),东北财经大学(中外合作办学),3631,,1785687864820796,纪嘉澍,2023-12-19 14:40,纪嘉澍,2023-12-19 14:40
中国刑事警察学院(本二专业),中国刑事警察学院(本二专业),3632,,1785687864816684,纪嘉澍,2023-12-19 14:40,纪嘉澍,2023-12-19 14:40
沈阳大学(中外合作办学),沈阳大学(中外合作办学),3633,,1785687864815628,纪嘉澍,2023-12-19 14:40,纪嘉澍,2023-12-19 14:40
沈阳大学师范学院,沈阳大学师范学院,3634,,1785687864817692,纪嘉澍,2023-12-19 14:40,纪嘉澍,2023-12-19 14:40
沈阳工程学院(中外合作办学),沈阳工程学院(中外合作办学),3635,,1785687864821804,纪嘉澍,2023-12-19 14:40,纪嘉澍,2023-12-19 14:40
大连民族大学(少数民族预科班),大连民族大学(少数民族预科班),3636,,1785687864819724,纪嘉澍,2023-12-19 14:40,纪嘉澍,2023-12-19 14:40
大连民族大学(汉族),大连民族大学(汉族),3637,,1785687864645722,纪嘉澍,2023-12-19 14:40,纪嘉澍,2023-12-19 14:40
大连民族大学(非汉族),大连民族大学(非汉族),3638,,1785687864645738,纪嘉澍,2023-12-19 14:40,纪嘉澍,2023-12-19 14:40
沈阳职业技术学院计算机学院,沈阳职业技术学院计算机学院,3639,,1785687864815644,纪嘉澍,2023-12-19 14:40,纪嘉澍,2023-12-19 14:40
辽宁轻工职业学院(面试要求),辽宁轻工职业学院(面试要求),3640,,1785687864821772,纪嘉澍,2023-12-19 14:40,纪嘉澍,2023-12-19 14:40
兰州大学(中外合作),兰州大学(中外合作),3641,,1785687864819772,纪嘉澍,2023-12-19 14:40,纪嘉澍,2023-12-19 14:40
兰州大学(护理专业),兰州大学(护理专业),3642,,1785687864643706,纪嘉澍,2023-12-19 14:40,纪嘉澍,2023-12-19 14:40
西北民族大学(中外合作办学),西北民族大学(中外合作办学),3643,,1785687864821820,纪嘉澍,2023-12-19 14:40,纪嘉澍,2023-12-19 14:40
西北民族大学(少数民族预科班),西北民族大学(少数民族预科班),3644,,1785687864820780,纪嘉澍,2023-12-19 14:40,纪嘉澍,2023-12-19 14:40
西北民族大学(汉族),西北民族大学(汉族),3645,,1785687864816668,纪嘉澍,2023-12-19 14:40,纪嘉澍,2023-12-19 14:40
西北民族大学(非汉族),西北民族大学(非汉族),3646,,1785687864816652,纪嘉澍,2023-12-19 14:40,纪嘉澍,2023-12-19 14:40
国防科技大学(女生),国防科技大学(女生),3647,,1785687864816700,纪嘉澍,2023-12-19 14:40,纪嘉澍,2023-12-19 14:40
国防科技大学(男生),国防科技大学(男生),3648,,1785687864645754,纪嘉澍,2023-12-19 14:40,纪嘉澍,2023-12-19 14:40
湘潭大学(中外合作办学),湘潭大学(中外合作办学),3649,,1785687864644698,纪嘉澍,2023-12-19 14:40,纪嘉澍,2023-12-19 14:40
湘潭大学(地方专项),湘潭大学(地方专项),3650,,1785687864824940,纪嘉澍,2023-12-19 14:40,纪嘉澍,2023-12-19 14:40
吉首大学(地方专项),吉首大学(地方专项),3651,,1785687864817708,纪嘉澍,2023-12-19 14:40,纪嘉澍,2023-12-19 14:40
吉首大学(预科),吉首大学(预科),3652,,1785687866863673,纪嘉澍,2023-12-19 14:40,纪嘉澍,2023-12-19 14:40
湖南大学(国防生),湖南大学(国防生),3653,,1785687866875913,纪嘉澍,2023-12-19 14:40,纪嘉澍,2023-12-19 14:40
湖南科技大学(中外合作办学),湖南科技大学(中外合作办学),3654,,1785687866866745,纪嘉澍,2023-12-19 14:40,纪嘉澍,2023-12-19 14:40
湖南科技大学(地方专项),湖南科技大学(地方专项),3655,,1785687866867753,纪嘉澍,2023-12-19 14:40,纪嘉澍,2023-12-19 14:40
长沙理工大学(中外合作办学),长沙理工大学(中外合作办学),3656,,1785687866870793,纪嘉澍,2023-12-19 14:40,纪嘉澍,2023-12-19 14:40
长沙理工大学(地方专项),长沙理工大学(地方专项),3657,,1785687866872873,纪嘉澍,2023-12-19 14:40,纪嘉澍,2023-12-19 14:40
湖南农业大学(中外合作办学),湖南农业大学(中外合作办学),3658,,1785687866867769,纪嘉澍,2023-12-19 14:40,纪嘉澍,2023-12-19 14:40
湖南农业大学国际学院,湖南农业大学国际学院,3659,,1785687866865705,纪嘉澍,2023-12-19 14:40,纪嘉澍,2023-12-19 14:40
湖南农业大学(地方专项),湖南农业大学(地方专项),3660,,1785687866868761,纪嘉澍,2023-12-19 14:40,纪嘉澍,2023-12-19 14:40
中南林业科技大学(地方专项),中南林业科技大学(地方专项),3661,,1785687866870841,纪嘉澍,2023-12-19 14:40,纪嘉澍,2023-12-19 14:40
中南林业科技大学(班戈学院)(中外合作办学),中南林业科技大学(班戈学院)(中外合作办学),3662,,1785687866875929,纪嘉澍,2023-12-19 14:40,纪嘉澍,2023-12-19 14:40
湖南中医药大学(地方专项),湖南中医药大学(地方专项),3663,,1785687866868745,纪嘉澍,2023-12-19 14:40,纪嘉澍,2023-12-19 14:40
湖南师范大学(中外合作办学),湖南师范大学(中外合作办学),3664,,1785687866874905,纪嘉澍,2023-12-19 14:40,纪嘉澍,2023-12-19 14:40
湖南师范大学(国防生),湖南师范大学(国防生),3665,,1785687866871817,纪嘉澍,2023-12-19 14:40,纪嘉澍,2023-12-19 14:40
湖南师范大学(地方专项),湖南师范大学(地方专项),3666,,1785687866874921,纪嘉澍,2023-12-19 14:40,纪嘉澍,2023-12-19 14:40
湖南师范大学法学院,湖南师范大学法学院,3667,,1785687866866697,纪嘉澍,2023-12-19 14:40,纪嘉澍,2023-12-19 14:40
湖南理工学院(地方专项),湖南理工学院(地方专项),3668,,1785687866873865,纪嘉澍,2023-12-19 14:40,纪嘉澍,2023-12-19 14:40
邵阳学院(中外合作办学),邵阳学院(中外合作办学),3669,,1785687866863657,纪嘉澍,2023-12-19 14:40,纪嘉澍,2023-12-19 14:40
湖南文理学院(中外合作办学),湖南文理学院(中外合作办学),3670,,1785687866866713,纪嘉澍,2023-12-19 14:40,纪嘉澍,2023-12-19 14:40
湖南商学院(中外合作办学),湖南商学院(中外合作办学),3671,,1785687866869785,纪嘉澍,2023-12-19 14:40,纪嘉澍,2023-12-19 14:40
湖南商学院(地方专项),湖南商学院(地方专项),3672,,1785687866869833,纪嘉澍,2023-12-19 14:40,纪嘉澍,2023-12-19 14:40
南华大学(地方专项),南华大学(地方专项),3673,,1785687866867721,纪嘉澍,2023-12-19 14:40,纪嘉澍,2023-12-19 14:40
湖南工程学院(中外合作办学),湖南工程学院(中外合作办学),3674,,1785687866873897,纪嘉澍,2023-12-19 14:40,纪嘉澍,2023-12-19 14:40
湖南工学院(中外合作办学),湖南工学院(中外合作办学),3675,,1785687866869817,纪嘉澍,2023-12-19 14:40,纪嘉澍,2023-12-19 14:40
湖南财政经济学院(中外合作办学),湖南财政经济学院(中外合作办学),3676,,1785687866863641,纪嘉澍,2023-12-19 14:40,纪嘉澍,2023-12-19 14:40
湖南工业大学(地方专项),湖南工业大学(地方专项),3677,,1785687866872889,纪嘉澍,2023-12-19 14:40,纪嘉澍,2023-12-19 14:40
湖南女子学院(面试要求),湖南女子学院(面试要求),3678,,1785687866870809,纪嘉澍,2023-12-19 14:40,纪嘉澍,2023-12-19 14:40
长沙航空职业技术学院(面试要求),长沙航空职业技术学院(面试要求),3679,,1785687866865689,纪嘉澍,2023-12-19 14:40,纪嘉澍,2023-12-19 14:40
湖南涉外经济学院(中外合作办学),湖南涉外经济学院(中外合作办学),3680,,1785687866873881,纪嘉澍,2023-12-19 14:40,纪嘉澍,2023-12-19 14:40
湖南科技职业学院(软件学院),湖南科技职业学院(软件学院),3681,,1785687866875945,纪嘉澍,2023-12-19 14:40,纪嘉澍,2023-12-19 14:40
湖南人文科技学院(中外合作办学),湖南人文科技学院(中外合作办学),3682,,1785687866871849,纪嘉澍,2023-12-19 14:40,纪嘉澍,2023-12-19 14:40
安徽大学(中外合作办学),安徽大学(中外合作办学),3683,,1785687866868777,纪嘉澍,2023-12-19 14:40,纪嘉澍,2023-12-19 14:40
合肥工业大学(中外合作办学),合肥工业大学(中外合作办学),3684,,1785687866862681,纪嘉澍,2023-12-19 14:40,纪嘉澍,2023-12-19 14:40
合肥工业大学(国防生),合肥工业大学(国防生),3685,,1785687866865721,纪嘉澍,2023-12-19 14:40,纪嘉澍,2023-12-19 14:40
安徽工业大学(中外合作办学),安徽工业大学(中外合作办学),3686,,1785687866871865,纪嘉澍,2023-12-19 14:40,纪嘉澍,2023-12-19 14:40
安徽理工大学(中外合作办学),安徽理工大学(中外合作办学),3687,,1785687866866729,纪嘉澍,2023-12-19 14:40,纪嘉澍,2023-12-19 14:40
安徽工程大学机电学院,安徽工程大学机电学院,3688,,1785687866865673,纪嘉澍,2023-12-19 14:40,纪嘉澍,2023-12-19 14:40
安徽医科大学(中外合作办学),安徽医科大学(中外合作办学),3689,,1785687866874889,纪嘉澍,2023-12-19 14:40,纪嘉澍,2023-12-19 14:40
安徽师范大学(中外合作办学),安徽师范大学(中外合作办学),3690,,1785687866868793,纪嘉澍,2023-12-19 14:40,纪嘉澍,2023-12-19 14:40
安徽财经大学(中外合作办学),安徽财经大学(中外合作办学),3691,,1785687866863625,纪嘉澍,2023-12-19 14:40,纪嘉澍,2023-12-19 14:40
合肥学院(中外合作办学),合肥学院(中外合作办学),3692,,1785687866870825,纪嘉澍,2023-12-19 14:40,纪嘉澍,2023-12-19 14:40
黄山学院(中外合作办学),黄山学院(中外合作办学),3693,,1785687866862697,纪嘉澍,2023-12-19 14:40,纪嘉澍,2023-12-19 14:40
厦门大学(中外合作办学),厦门大学(中外合作办学),3694,,1785687866869801,纪嘉澍,2023-12-19 14:40,纪嘉澍,2023-12-19 14:40
厦门大学(医学类),厦门大学(医学类),3695,,1785687866873913,纪嘉澍,2023-12-19 14:40,纪嘉澍,2023-12-19 14:40
厦门大学(国防生),厦门大学(国防生),3696,,1785687866872841,纪嘉澍,2023-12-19 14:40,纪嘉澍,2023-12-19 14:40
厦门大学国际学院,厦门大学国际学院,3697,,1785687866867737,纪嘉澍,2023-12-19 14:40,纪嘉澍,2023-12-19 14:40
厦门大学(护理学),厦门大学(护理学),3698,,1785687866872857,纪嘉澍,2023-12-19 14:40,纪嘉澍,2023-12-19 14:40
厦门大学(院校特定要求),厦门大学(院校特定要求),3699,,1785687866874937,纪嘉澍,2023-12-19 14:40,纪嘉澍,2023-12-19 14:40
厦门大学(面向厦门),厦门大学(面向厦门),3700,,1785687866871833,纪嘉澍,2023-12-19 14:40,纪嘉澍,2023-12-19 14:40
厦门大学(面向漳州),厦门大学(面向漳州),3701,,1785687866862713,纪嘉澍,2023-12-19 14:40,纪嘉澍,2023-12-19 14:40
厦门大学(马来西亚分校),厦门大学(马来西亚分校),3702,,1785687866877977,纪嘉澍,2023-12-19 14:40,纪嘉澍,2023-12-19 14:40
华侨大学(专业志愿),华侨大学(专业志愿),3703,,1785687866877993,纪嘉澍,2023-12-19 14:40,纪嘉澍,2023-12-19 14:40
华侨大学(临床医学),华侨大学(临床医学),3704,,1785687867037748,纪嘉澍,2023-12-19 14:40,纪嘉澍,2023-12-19 14:40
华侨大学(面向厦门),华侨大学(面向厦门),3705,,1785687866877961,纪嘉澍,2023-12-19 14:40,纪嘉澍,2023-12-19 14:40
华侨大学(面向泉州),华侨大学(面向泉州),3706,,1785687867038756,纪嘉澍,2023-12-19 14:40,纪嘉澍,2023-12-19 14:40
福州大学(专业志愿),福州大学(专业志愿),3707,,1785687867035652,纪嘉澍,2023-12-19 14:40,纪嘉澍,2023-12-19 14:40
福州大学(中外合作),福州大学(中外合作),3708,,1785687867039764,纪嘉澍,2023-12-19 14:40,纪嘉澍,2023-12-19 14:40
福州大学(地矿专业),福州大学(地矿专业),3709,,1785687867037732,纪嘉澍,2023-12-19 14:40,纪嘉澍,2023-12-19 14:40
福州大学(闽台合作),福州大学(闽台合作),3710,,1785687867038772,纪嘉澍,2023-12-19 14:40,纪嘉澍,2023-12-19 14:40
福州大学阳光学院,福州大学阳光学院,3711,,1785687867039748,纪嘉澍,2023-12-19 14:40,纪嘉澍,2023-12-19 14:40
福州大学(面向泉州),福州大学(面向泉州),3712,,1785687867038724,纪嘉澍,2023-12-19 14:40,纪嘉澍,2023-12-19 14:40
福建工程学院(少数民族预科班),福建工程学院(少数民族预科班),3713,,1785687866876937,纪嘉澍,2023-12-19 14:40,纪嘉澍,2023-12-19 14:40
福建工程学院(闽台合作),福建工程学院(闽台合作),3714,,1785687866879033,纪嘉澍,2023-12-19 14:40,纪嘉澍,2023-12-19 14:40
福建农林大学(中外合作),福建农林大学(中外合作),3715,,1785687866875961,纪嘉澍,2023-12-19 14:40,纪嘉澍,2023-12-19 14:40
福建农林大学(基地班),福建农林大学(基地班),3716,,1785687866882105,纪嘉澍,2023-12-19 14:40,纪嘉澍,2023-12-19 14:40
福建农林大学(定向专业),福建农林大学(定向专业),3717,,1785687866876985,纪嘉澍,2023-12-19 14:40,纪嘉澍,2023-12-19 14:40
福建农林大学(定向专业)(华安),福建农林大学(定向专业)(华安),3718,,1785687867039796,纪嘉澍,2023-12-19 14:40,纪嘉澍,2023-12-19 14:40
福建农林大学(定向专业)(宁化),福建农林大学(定向专业)(宁化),3719,,1785687866879017,纪嘉澍,2023-12-19 14:40,纪嘉澍,2023-12-19 14:40
福建农林大学(定向专业)(寿宁),福建农林大学(定向专业)(寿宁),3720,,1785687867038740,纪嘉澍,2023-12-19 14:40,纪嘉澍,2023-12-19 14:40
福建农林大学(定向专业)(将乐),福建农林大学(定向专业)(将乐),3721,,1785687867036676,纪嘉澍,2023-12-19 14:40,纪嘉澍,2023-12-19 14:40
福建农林大学(定向专业)(平潭),福建农林大学(定向专业)(平潭),3722,,1785687866881049,纪嘉澍,2023-12-19 14:40,纪嘉澍,2023-12-19 14:40
福建农林大学(定向专业)(建宁),福建农林大学(定向专业)(建宁),3723,,1785687867037700,纪嘉澍,2023-12-19 14:40,纪嘉澍,2023-12-19 14:40
福建农林大学(定向专业)(德化),福建农林大学(定向专业)(德化),3724,,1785687866880057,纪嘉澍,2023-12-19 14:40,纪嘉澍,2023-12-19 14:40
福建农林大学(定向专业)(永泰),福建农林大学(定向专业)(永泰),3725,,1785687866876953,纪嘉澍,2023-12-19 14:40,纪嘉澍,2023-12-19 14:40
福建农林大学(定向专业)(泰宁),福建农林大学(定向专业)(泰宁),3726,,1785687866882057,纪嘉澍,2023-12-19 14:40,纪嘉澍,2023-12-19 14:40
福建农林大学(定向专业)(浦城),福建农林大学(定向专业)(浦城),3727,,1785687866879001,纪嘉澍,2023-12-19 14:40,纪嘉澍,2023-12-19 14:40
福建农林大学(定向专业)(漳平),福建农林大学(定向专业)(漳平),3728,,1785687867036692,纪嘉澍,2023-12-19 14:40,纪嘉澍,2023-12-19 14:40
福建农林大学(定向专业)(福清),福建农林大学(定向专业)(福清),3729,,1785687867035684,纪嘉澍,2023-12-19 14:40,纪嘉澍,2023-12-19 14:40
福建农林大学(定向专业)(蕉城),福建农林大学(定向专业)(蕉城),3730,,1785687867035668,纪嘉澍,2023-12-19 14:40,纪嘉澍,2023-12-19 14:40
福建农林大学(定向专业)(诏安),福建农林大学(定向专业)(诏安),3731,,1785687867039780,纪嘉澍,2023-12-19 14:40,纪嘉澍,2023-12-19 14:40
福建农林大学(定向专业)(长乐),福建农林大学(定向专业)(长乐),3732,,1785687866878009,纪嘉澍,2023-12-19 14:40,纪嘉澍,2023-12-19 14:40
福建农林大学(定向专业)(长汀),福建农林大学(定向专业)(长汀),3733,,1785687866880025,纪嘉澍,2023-12-19 14:40,纪嘉澍,2023-12-19 14:40
福建农林大学(定向专业)(闽清),福建农林大学(定向专业)(闽清),3734,,1785687866882089,纪嘉澍,2023-12-19 14:40,纪嘉澍,2023-12-19 14:40
福建农林大学(少数民族预科班),福建农林大学(少数民族预科班),3735,,1785687867040772,纪嘉澍,2023-12-19 14:40,纪嘉澍,2023-12-19 14:40
福建农林大学(民族班),福建农林大学(民族班),3736,,1785687867036708,纪嘉澍,2023-12-19 14:40,纪嘉澍,2023-12-19 14:40
福建农林大学(闽台合作),福建农林大学(闽台合作),3737,,1785687866878985,纪嘉澍,2023-12-19 14:40,纪嘉澍,2023-12-19 14:40
福建医科大学(临床医学5+3一体化),福建医科大学(临床医学5+3一体化),3738,,1785687866881033,纪嘉澍,2023-12-19 14:40,纪嘉澍,2023-12-19 14:40
福建医科大学(定向专业),福建医科大学(定向专业),3739,,1785687866883129,纪嘉澍,2023-12-19 14:40,纪嘉澍,2023-12-19 14:40
福建中医药大学(定向专业),福建中医药大学(定向专业),3740,,1785687867035700,纪嘉澍,2023-12-19 14:40,纪嘉澍,2023-12-19 14:40
福建中医药大学(闽台合作),福建中医药大学(闽台合作),3741,,1785687866883081,纪嘉澍,2023-12-19 14:40,纪嘉澍,2023-12-19 14:40
福建师范大学(中外合作),福建师范大学(中外合作),3742,,1785687866880041,纪嘉澍,2023-12-19 14:40,纪嘉澍,2023-12-19 14:40
福建师范大学(免费师范),福建师范大学(免费师范),3743,,1785687866881081,纪嘉澍,2023-12-19 14:40,纪嘉澍,2023-12-19 14:40
福建师范大学(公费师范),福建师范大学(公费师范),3744,,1785687866883097,纪嘉澍,2023-12-19 14:40,纪嘉澍,2023-12-19 14:40
福建师范大学(福清校区),福建师范大学(福清校区),3745,,1785687866881065,纪嘉澍,2023-12-19 14:40,纪嘉澍,2023-12-19 14:40
福建师范大学(闽台合作),福建师范大学(闽台合作),3746,,1785687866882073,纪嘉澍,2023-12-19 14:40,纪嘉澍,2023-12-19 14:40
武夷学院(中外合作办学),武夷学院(中外合作办学),3747,,1785687866876969,纪嘉澍,2023-12-19 14:40,纪嘉澍,2023-12-19 14:40
武夷学院(公费师范),武夷学院(公费师范),3748,,1785687866883113,纪嘉澍,2023-12-19 14:40,纪嘉澍,2023-12-19 14:40
武夷学院(闽台合作),武夷学院(闽台合作),3749,,1785687867037716,纪嘉澍,2023-12-19 14:40,纪嘉澍,2023-12-19 14:40
武夷学院(面向南平),武夷学院(面向南平),3750,,1785687866880009,纪嘉澍,2023-12-19 14:40,纪嘉澍,2023-12-19 14:40
宁德师范学院(少数民族预科班),宁德师范学院(少数民族预科班),3751,,1785687867036724,纪嘉澍,2023-12-19 14:40,纪嘉澍,2023-12-19 14:40
宁德师范学院(民族班),宁德师范学院(民族班),3752,,1785687896423449,纪嘉澍,2023-12-19 14:40,纪嘉澍,2023-12-19 14:40
宁德师范学院(闽台合作),宁德师范学院(闽台合作),3753,,1785687896431705,纪嘉澍,2023-12-19 14:40,纪嘉澍,2023-12-19 14:40
宁德师范学院(面向宁徳),宁德师范学院(面向宁徳),3754,,1785687896431737,纪嘉澍,2023-12-19 14:40,纪嘉澍,2023-12-19 14:40
宁德师范学院(面向宁德),宁德师范学院(面向宁德),3755,,1785687896424505,纪嘉澍,2023-12-19 14:40,纪嘉澍,2023-12-19 14:40
泉州师范学院(师范类),泉州师范学院(师范类),3756,,1785687896425529,纪嘉澍,2023-12-19 14:40,纪嘉澍,2023-12-19 14:40
泉州师范学院(师范类)(面下泉州),泉州师范学院(师范类)(面下泉州),3757,,1785687896423481,纪嘉澍,2023-12-19 14:40,纪嘉澍,2023-12-19 14:40
泉州师范学院(师范类)(面向泉州),泉州师范学院(师范类)(面向泉州),3758,,1785687896421417,纪嘉澍,2023-12-19 14:40,纪嘉澍,2023-12-19 14:40
泉州师范学院(幼儿类),泉州师范学院(幼儿类),3759,,1785687896431689,纪嘉澍,2023-12-19 14:40,纪嘉澍,2023-12-19 14:40
泉州师范学院(航海类),泉州师范学院(航海类),3760,,1785687896432681,纪嘉澍,2023-12-19 14:40,纪嘉澍,2023-12-19 14:40
泉州师范学院(软件学院),泉州师范学院(软件学院),3761,,1785687896425497,纪嘉澍,2023-12-19 14:40,纪嘉澍,2023-12-19 14:40
泉州师范学院(闽台合作),泉州师范学院(闽台合作),3762,,1785687896429577,纪嘉澍,2023-12-19 14:40,纪嘉澍,2023-12-19 14:40
泉州师范学院(面向泉州),泉州师范学院(面向泉州),3763,,1785687896425513,纪嘉澍,2023-12-19 14:40,纪嘉澍,2023-12-19 14:40
闽南师范大学(免费师范),闽南师范大学(免费师范),3764,,1785687896428569,纪嘉澍,2023-12-19 14:40,纪嘉澍,2023-12-19 14:40
闽南师范大学(免费师范生),闽南师范大学(免费师范生),3765,,1785687896419353,纪嘉澍,2023-12-19 14:40,纪嘉澍,2023-12-19 14:40
闽南师范大学(公费师范),闽南师范大学(公费师范),3766,,1785687896422425,纪嘉澍,2023-12-19 14:40,纪嘉澍,2023-12-19 14:40
闽南师范大学(闽台合作),闽南师范大学(闽台合作),3767,,1785687896424473,纪嘉澍,2023-12-19 14:40,纪嘉澍,2023-12-19 14:40
福建船政交通职业学院(中外合作),福建船政交通职业学院(中外合作),3768,,1785687896431721,纪嘉澍,2023-12-19 14:40,纪嘉澍,2023-12-19 14:40
福建船政交通职业学院(艰苦紧缺专业),福建船政交通职业学院(艰苦紧缺专业),3769,,1785687896428553,纪嘉澍,2023-12-19 14:40,纪嘉澍,2023-12-19 14:40
福建船政交通职业学院(闽台合作),福建船政交通职业学院(闽台合作),3770,,1785687896423433,纪嘉澍,2023-12-19 14:40,纪嘉澍,2023-12-19 14:40
厦门理工学院(中外合作),厦门理工学院(中外合作),3771,,1785687896422409,纪嘉澍,2023-12-19 14:40,纪嘉澍,2023-12-19 14:40
厦门理工学院(国际课程项目),厦门理工学院(国际课程项目),3772,,1785687896420361,纪嘉澍,2023-12-19 14:40,纪嘉澍,2023-12-19 14:40
厦门理工学院(闽台合作),厦门理工学院(闽台合作),3773,,1785687896427577,纪嘉澍,2023-12-19 14:40,纪嘉澍,2023-12-19 14:40
厦门理工学院(闽台合作面向厦门),厦门理工学院(闽台合作面向厦门),3774,,1785687896421433,纪嘉澍,2023-12-19 14:40,纪嘉澍,2023-12-19 14:40
厦门理工学院(闽台合作，面向厦门),厦门理工学院(闽台合作，面向厦门),3775,,1785687896427545,纪嘉澍,2023-12-19 14:40,纪嘉澍,2023-12-19 14:40
厦门理工学院(面向厦门),厦门理工学院(面向厦门),3776,,1785687896432649,纪嘉澍,2023-12-19 14:40,纪嘉澍,2023-12-19 14:40
三明学院(中外合作),三明学院(中外合作),3777,,1785687896421401,纪嘉澍,2023-12-19 14:40,纪嘉澍,2023-12-19 14:40
三明学院(公费师范),三明学院(公费师范),3778,,1785687896419385,纪嘉澍,2023-12-19 14:40,纪嘉澍,2023-12-19 14:40
三明学院(国际教育课程项目),三明学院(国际教育课程项目),3779,,1785687896419369,纪嘉澍,2023-12-19 14:40,纪嘉澍,2023-12-19 14:40
三明学院(国际课程项目),三明学院(国际课程项目),3780,,1785687896430649,纪嘉澍,2023-12-19 14:40,纪嘉澍,2023-12-19 14:40
三明学院(闽台合作),三明学院(闽台合作),3781,,1785687896422441,纪嘉澍,2023-12-19 14:40,纪嘉澍,2023-12-19 14:40
三明学院(闽台合作面向三明),三明学院(闽台合作面向三明),3782,,1785687896424489,纪嘉澍,2023-12-19 14:40,纪嘉澍,2023-12-19 14:40
三明学院(闽台合作，面向三明),三明学院(闽台合作，面向三明),3783,,1785687896420377,纪嘉澍,2023-12-19 14:40,纪嘉澍,2023-12-19 14:40
三明学院(面向三明),三明学院(面向三明),3784,,1785687896429593,纪嘉澍,2023-12-19 14:40,纪嘉澍,2023-12-19 14:40
龙岩学院(闽台合作),龙岩学院(闽台合作),3785,,1785687896420393,纪嘉澍,2023-12-19 14:40,纪嘉澍,2023-12-19 14:40
龙岩学院(院校特定要求),龙岩学院(院校特定要求),3786,,1785687896430601,纪嘉澍,2023-12-19 14:40,纪嘉澍,2023-12-19 14:40
龙岩学院(面向龙岩),龙岩学院(面向龙岩),3787,,1785687896430633,纪嘉澍,2023-12-19 14:40,纪嘉澍,2023-12-19 14:40
福建商学院(中外合作),福建商学院(中外合作),3788,,1785687896429609,纪嘉澍,2023-12-19 14:40,纪嘉澍,2023-12-19 14:40
福建商学院(闽台合作),福建商学院(闽台合作),3789,,1785687896423465,纪嘉澍,2023-12-19 14:40,纪嘉澍,2023-12-19 14:40
漳州职业技术学院(艰苦紧缺专业),漳州职业技术学院(艰苦紧缺专业),3790,,1785687896428601,纪嘉澍,2023-12-19 14:40,纪嘉澍,2023-12-19 14:40
漳州职业技术学院(面向漳州),漳州职业技术学院(面向漳州),3791,,1785687896425481,纪嘉澍,2023-12-19 14:40,纪嘉澍,2023-12-19 14:40
漳州职业技术学院(面向漳州，艰苦紧缺专业),漳州职业技术学院(面向漳州，艰苦紧缺专业),3792,,1785687896428585,纪嘉澍,2023-12-19 14:40,纪嘉澍,2023-12-19 14:40
闽西职业技术学院(艰苦紧缺专业),闽西职业技术学院(艰苦紧缺专业),3793,,1785687896427561,纪嘉澍,2023-12-19 14:40,纪嘉澍,2023-12-19 14:40
黎明职业大学(中外合作),黎明职业大学(中外合作),3794,,1785687896422457,纪嘉澍,2023-12-19 14:40,纪嘉澍,2023-12-19 14:40
黎明职业大学(中外合作面向泉州),黎明职业大学(中外合作面向泉州),3795,,1785687896421385,纪嘉澍,2023-12-19 14:40,纪嘉澍,2023-12-19 14:40
黎明职业大学(中外合作，面向泉州),黎明职业大学(中外合作，面向泉州),3796,,1785687896424457,纪嘉澍,2023-12-19 14:40,纪嘉澍,2023-12-19 14:40
黎明职业大学(艰苦紧缺专业),黎明职业大学(艰苦紧缺专业),3797,,1785687896429625,纪嘉澍,2023-12-19 14:40,纪嘉澍,2023-12-19 14:40
黎明职业大学(闽台合作),黎明职业大学(闽台合作),3798,,1785687896427529,纪嘉澍,2023-12-19 14:40,纪嘉澍,2023-12-19 14:40
黎明职业大学(闽台合作，面向泉州),黎明职业大学(闽台合作，面向泉州),3799,,1785687896430617,纪嘉澍,2023-12-19 14:40,纪嘉澍,2023-12-19 14:40
黎明职业大学(面向泉州),黎明职业大学(面向泉州),3800,,1785687896432665,纪嘉澍,2023-12-19 14:40,纪嘉澍,2023-12-19 14:40
莆田学院(中外合作),莆田学院(中外合作),3802,,1785687896420409,纪嘉澍,2023-12-19 14:40,纪嘉澍,2023-12-19 14:40
莆田学院(免费师范),莆田学院(免费师范),3803,,1785687872992404,纪嘉澍,2023-12-19 14:40,纪嘉澍,2023-12-19 14:40
莆田学院(公费师范),莆田学院(公费师范),3804,,1785687872998452,纪嘉澍,2023-12-19 14:40,纪嘉澍,2023-12-19 14:40
莆田学院(定向专业),莆田学院(定向专业),3805,,1785687872997396,纪嘉澍,2023-12-19 14:40,纪嘉澍,2023-12-19 14:40
莆田学院(师范类),莆田学院(师范类),3806,,1785687872998420,纪嘉澍,2023-12-19 14:40,纪嘉澍,2023-12-19 14:40
莆田学院(闽台合作),莆田学院(闽台合作),3807,,1785687872905273,纪嘉澍,2023-12-19 14:40,纪嘉澍,2023-12-19 14:40
莆田学院(面向莆田),莆田学院(面向莆田),3808,,1785687872999476,纪嘉澍,2023-12-19 14:40,纪嘉澍,2023-12-19 14:40
福建华南女子职业学院(艰苦紧缺专业),福建华南女子职业学院(艰苦紧缺专业),3809,,1785687873001492,纪嘉澍,2023-12-19 14:40,纪嘉澍,2023-12-19 14:40
福州职业技术学院(中外合作),福州职业技术学院(中外合作),3810,,1785687872906249,纪嘉澍,2023-12-19 14:40,纪嘉澍,2023-12-19 14:40
福州职业技术学院(艰苦紧缺专业),福州职业技术学院(艰苦紧缺专业),3811,,1785687872997380,纪嘉澍,2023-12-19 14:40,纪嘉澍,2023-12-19 14:40
福州职业技术学院(闽台合作),福州职业技术学院(闽台合作),3812,,1785687872993364,纪嘉澍,2023-12-19 14:40,纪嘉澍,2023-12-19 14:40
集美大学(少数民族预科班),集美大学(少数民族预科班),3813,,1785687872999444,纪嘉澍,2023-12-19 14:40,纪嘉澍,2023-12-19 14:40
集美大学(师范类),集美大学(师范类),3814,,1785687872902329,纪嘉澍,2023-12-19 14:40,纪嘉澍,2023-12-19 14:40
集美大学(师范类)(面向厦门),集美大学(师范类)(面向厦门),3815,,1785687872993380,纪嘉澍,2023-12-19 14:40,纪嘉澍,2023-12-19 14:40
集美大学(航海类),集美大学(航海类),3816,,1785687872999460,纪嘉澍,2023-12-19 14:40,纪嘉澍,2023-12-19 14:40
集美大学(闽台合作),集美大学(闽台合作),3817,,1785687872904233,纪嘉澍,2023-12-19 14:40,纪嘉澍,2023-12-19 14:40
集美大学(面向厦门),集美大学(面向厦门),3818,,1785687872905225,纪嘉澍,2023-12-19 14:40,纪嘉澍,2023-12-19 14:40
福建林业职业技术学院(定向专业),福建林业职业技术学院(定向专业),3819,,1785687872995444,纪嘉澍,2023-12-19 14:40,纪嘉澍,2023-12-19 14:40
福建林业职业技术学院(定向专业)(艰苦紧缺专业),福建林业职业技术学院(定向专业)(艰苦紧缺专业),3820,,1785687872998404,纪嘉澍,2023-12-19 14:40,纪嘉澍,2023-12-19 14:40
福建林业职业技术学院(艰苦紧缺专业),福建林业职业技术学院(艰苦紧缺专业),3821,,1785687872993396,纪嘉澍,2023-12-19 14:40,纪嘉澍,2023-12-19 14:40
福建林业职业技术学院(闽台合作),福建林业职业技术学院(闽台合作),3822,,1785687872904201,纪嘉澍,2023-12-19 14:40,纪嘉澍,2023-12-19 14:40
福建林业职业技术学院(闽台合作)(艰苦紧缺专业),福建林业职业技术学院(闽台合作)(艰苦紧缺专业),3823,,1785687872902313,纪嘉澍,2023-12-19 14:40,纪嘉澍,2023-12-19 14:40
福建信息职业技术学院(闽台合作),福建信息职业技术学院(闽台合作),3824,,1785687873001524,纪嘉澍,2023-12-19 14:40,纪嘉澍,2023-12-19 14:40
福建水利电力职业技术学院(艰苦紧缺专业),福建水利电力职业技术学院(艰苦紧缺专业),3825,,1785687872991380,纪嘉澍,2023-12-19 14:40,纪嘉澍,2023-12-19 14:40
福建水利电力职业技术学院(闽台合作),福建水利电力职业技术学院(闽台合作),3826,,1785687873000500,纪嘉澍,2023-12-19 14:40,纪嘉澍,2023-12-19 14:40
福建电力职业技术学院(中外合作),福建电力职业技术学院(中外合作),3827,,1785687872995396,纪嘉澍,2023-12-19 14:40,纪嘉澍,2023-12-19 14:40
福建电力职业技术学院(艰苦紧缺专业),福建电力职业技术学院(艰苦紧缺专业),3828,,1785687872992420,纪嘉澍,2023-12-19 14:40,纪嘉澍,2023-12-19 14:40
厦门海洋职业技术学院(艰苦紧缺专业),厦门海洋职业技术学院(艰苦紧缺专业),3829,,1785687872994420,纪嘉澍,2023-12-19 14:40,纪嘉澍,2023-12-19 14:40
福建农业职业技术学院(定向专业),福建农业职业技术学院(定向专业),3830,,1785687872991412,纪嘉澍,2023-12-19 14:40,纪嘉澍,2023-12-19 14:40
福建农业职业技术学院(定向专业)(艰苦紧缺专业),福建农业职业技术学院(定向专业)(艰苦紧缺专业),3831,,1785687872906297,纪嘉澍,2023-12-19 14:40,纪嘉澍,2023-12-19 14:40
福建农业职业技术学院(艰苦紧缺专业),福建农业职业技术学院(艰苦紧缺专业),3832,,1785687872995412,纪嘉澍,2023-12-19 14:40,纪嘉澍,2023-12-19 14:40
福建农业职业技术学院(闽台合作),福建农业职业技术学院(闽台合作),3833,,1785687872994388,纪嘉澍,2023-12-19 14:40,纪嘉澍,2023-12-19 14:40
厦门医学院(定向专业),厦门医学院(定向专业),3834,,1785687872999428,纪嘉澍,2023-12-19 14:40,纪嘉澍,2023-12-19 14:40
福建卫生职业技术学院(中外合作),福建卫生职业技术学院(中外合作),3835,,1785687872991396,纪嘉澍,2023-12-19 14:40,纪嘉澍,2023-12-19 14:40
福建卫生职业技术学院(定向专业),福建卫生职业技术学院(定向专业),3836,,1785687872993348,纪嘉澍,2023-12-19 14:40,纪嘉澍,2023-12-19 14:40
福建卫生职业技术学院(民族班),福建卫生职业技术学院(民族班),3837,,1785687872994404,纪嘉澍,2023-12-19 14:40,纪嘉澍,2023-12-19 14:40
福建卫生职业技术学院(闽台合作),福建卫生职业技术学院(闽台合作),3838,,1785687872997412,纪嘉澍,2023-12-19 14:40,纪嘉澍,2023-12-19 14:40
泉州医学高等专科学校(定向专业),泉州医学高等专科学校(定向专业),3839,,1785687873000452,纪嘉澍,2023-12-19 14:40,纪嘉澍,2023-12-19 14:40
泉州医学高等专科学校(闽台合作),泉州医学高等专科学校(闽台合作),3840,,1785687872901305,纪嘉澍,2023-12-19 14:40,纪嘉澍,2023-12-19 14:40
泉州纺织服装职业学院(艰苦紧缺专业),泉州纺织服装职业学院(艰苦紧缺专业),3841,,1785687873001476,纪嘉澍,2023-12-19 14:40,纪嘉澍,2023-12-19 14:40
泉州华光职业学院(艰苦紧缺专业),泉州华光职业学院(艰苦紧缺专业),3842,,1785687872905241,纪嘉澍,2023-12-19 14:40,纪嘉澍,2023-12-19 14:40
泉州理工学院(艰苦紧缺专业),泉州理工学院(艰苦紧缺专业),3843,,1785687872904249,纪嘉澍,2023-12-19 14:40,纪嘉澍,2023-12-19 14:40
泉州职业技术大学(艰苦紧缺专业),泉州职业技术大学(艰苦紧缺专业),3844,,1785687872905257,纪嘉澍,2023-12-19 14:40,纪嘉澍,2023-12-19 14:40
集美大学诚毅学院(师范类),集美大学诚毅学院(师范类),3845,,1785687872902297,纪嘉澍,2023-12-19 14:40,纪嘉澍,2023-12-19 14:40
集美大学诚毅学院(航海类),集美大学诚毅学院(航海类),3846,,1785687872997428,纪嘉澍,2023-12-19 14:40,纪嘉澍,2023-12-19 14:40
福建师范大学协和学院(中外合作办学),福建师范大学协和学院(中外合作办学),3847,,1785687872992436,纪嘉澍,2023-12-19 14:40,纪嘉澍,2023-12-19 14:40
福建师范大学协和学院(国际课程实验班),福建师范大学协和学院(国际课程实验班),3848,,1785687872998436,纪嘉澍,2023-12-19 14:40,纪嘉澍,2023-12-19 14:40
福建师范大学协和学院(国际课程项目),福建师范大学协和学院(国际课程项目),3849,,1785687872906281,纪嘉澍,2023-12-19 14:40,纪嘉澍,2023-12-19 14:40
福建师范大学协和学院(实验班),福建师范大学协和学院(实验班),3850,,1785687873000468,纪嘉澍,2023-12-19 14:40,纪嘉澍,2023-12-19 14:40
福建江夏学院(国际教育课程项目),福建江夏学院(国际教育课程项目),3851,,1785687872992452,纪嘉澍,2023-12-19 14:40,纪嘉澍,2023-12-19 14:40
福建江夏学院(国际课程项目),福建江夏学院(国际课程项目),3852,,1785687873000484,纪嘉澍,2023-12-19 14:40,纪嘉澍,2023-12-19 14:40
福建江夏学院(闽台合作),福建江夏学院(闽台合作),3853,,1785687880920090,纪嘉澍,2023-12-19 14:40,纪嘉澍,2023-12-19 14:40
福建江夏学院(院校特定要求),福建江夏学院(院校特定要求),3854,,1785687880921146,纪嘉澍,2023-12-19 14:40,纪嘉澍,2023-12-19 14:40
福州黎明职业技术学院(艰苦紧缺专业),福州黎明职业技术学院(艰苦紧缺专业),3855,,1785687881345033,纪嘉澍,2023-12-19 14:40,纪嘉澍,2023-12-19 14:40
泉州信息工程学院(闽台合作),泉州信息工程学院(闽台合作),3856,,1785687881344041,纪嘉澍,2023-12-19 14:40,纪嘉澍,2023-12-19 14:40
厦门华天涉外职业技术学院(闽台合作),厦门华天涉外职业技术学院(闽台合作),3857,,1785687880922122,纪嘉澍,2023-12-19 14:40,纪嘉澍,2023-12-19 14:40
泉州经贸职业技术学院(艰苦紧缺专业),泉州经贸职业技术学院(艰苦紧缺专业),3858,,1785687881346105,纪嘉澍,2023-12-19 14:40,纪嘉澍,2023-12-19 14:40
福建对外经济贸易职业技术学院(中外合作),福建对外经济贸易职业技术学院(中外合作),3859,,1785687881346089,纪嘉澍,2023-12-19 14:40,纪嘉澍,2023-12-19 14:40
福建对外经济贸易职业技术学院(闽台合作),福建对外经济贸易职业技术学院(闽台合作),3860,,1785687880923194,纪嘉澍,2023-12-19 14:40,纪嘉澍,2023-12-19 14:40
湄洲湾职业技术学院(艰苦紧缺专业),湄洲湾职业技术学院(艰苦紧缺专业),3861,,1785687880925290,纪嘉澍,2023-12-19 14:40,纪嘉澍,2023-12-19 14:40
福建生物工程职业技术学院(艰苦紧缺专业),福建生物工程职业技术学院(艰苦紧缺专业),3862,,1785687880921114,纪嘉澍,2023-12-19 14:40,纪嘉澍,2023-12-19 14:40
福建幼儿师范高等专科学校(中外合作),福建幼儿师范高等专科学校(中外合作),3863,,1785687881345049,纪嘉澍,2023-12-19 14:40,纪嘉澍,2023-12-19 14:40
福建幼儿师范高等专科学校(免费师范),福建幼儿师范高等专科学校(免费师范),3864,,1785687881347097,纪嘉澍,2023-12-19 14:40,纪嘉澍,2023-12-19 14:40
福建幼儿师范高等专科学校(免费师范生),福建幼儿师范高等专科学校(免费师范生),3865,,1785687880920074,纪嘉澍,2023-12-19 14:40,纪嘉澍,2023-12-19 14:40
福建幼儿师范高等专科学校(公费师范),福建幼儿师范高等专科学校(公费师范),3866,,1785687880924170,纪嘉澍,2023-12-19 14:40,纪嘉澍,2023-12-19 14:40
厦门城市职业学院(闽台合作),厦门城市职业学院(闽台合作),3867,,1785687880926250,纪嘉澍,2023-12-19 14:40,纪嘉澍,2023-12-19 14:40
厦门城市职业学院(面试要求),厦门城市职业学院(面试要求),3868,,1785687880920106,纪嘉澍,2023-12-19 14:40,纪嘉澍,2023-12-19 14:40
宁德职业技术学院(艰苦紧缺专业),宁德职业技术学院(艰苦紧缺专业),3869,,1785687880924218,纪嘉澍,2023-12-19 14:40,纪嘉澍,2023-12-19 14:40
厦门兴才职业技术学院(闽台合作),厦门兴才职业技术学院(闽台合作),3870,,1785687880922138,纪嘉澍,2023-12-19 14:40,纪嘉澍,2023-12-19 14:40
福建农林大学金山学院(中外合作),福建农林大学金山学院(中外合作),3871,,1785687881347113,纪嘉澍,2023-12-19 14:40,纪嘉澍,2023-12-19 14:40
厦门南洋职业学院(闽台合作),厦门南洋职业学院(闽台合作),3872,,1785687881342985,纪嘉澍,2023-12-19 14:40,纪嘉澍,2023-12-19 14:40
厦门东海职业技术学院(艰苦紧缺专业),厦门东海职业技术学院(艰苦紧缺专业),3873,,1785687880921098,纪嘉澍,2023-12-19 14:40,纪嘉澍,2023-12-19 14:40
厦门东海职业技术学院(闽台合作),厦门东海职业技术学院(闽台合作),3874,,1785687881343033,纪嘉澍,2023-12-19 14:40,纪嘉澍,2023-12-19 14:40
漳州科技职业学院(艰苦紧缺专业),漳州科技职业学院(艰苦紧缺专业),3875,,1785687880921130,纪嘉澍,2023-12-19 14:40,纪嘉澍,2023-12-19 14:40
漳州理工职业学院(艰苦紧缺专业),漳州理工职业学院(艰苦紧缺专业),3876,,1785687880919098,纪嘉澍,2023-12-19 14:40,纪嘉澍,2023-12-19 14:40
武夷山职业学院(艰苦紧缺专业),武夷山职业学院(艰苦紧缺专业),3877,,1785687881344057,纪嘉澍,2023-12-19 14:40,纪嘉澍,2023-12-19 14:40
漳州卫生职业学院(定向专业),漳州卫生职业学院(定向专业),3878,,1785687881344009,纪嘉澍,2023-12-19 14:40,纪嘉澍,2023-12-19 14:40
泉州海洋职业学院(艰苦紧缺专业),泉州海洋职业学院(艰苦紧缺专业),3879,,1785687880923162,纪嘉澍,2023-12-19 14:40,纪嘉澍,2023-12-19 14:40
泉州幼儿师范高等专科学校(免费师范),泉州幼儿师范高等专科学校(免费师范),3880,,1785687880924186,纪嘉澍,2023-12-19 14:40,纪嘉澍,2023-12-19 14:40
泉州幼儿师范高等专科学校(免费师范生),泉州幼儿师范高等专科学校(免费师范生),3881,,1785687880923178,纪嘉澍,2023-12-19 14:40,纪嘉澍,2023-12-19 14:40
泉州幼儿师范高等专科学校(公费师范),泉州幼儿师范高等专科学校(公费师范),3882,,1785687881346057,纪嘉澍,2023-12-19 14:40,纪嘉澍,2023-12-19 14:40
泉州幼儿师范高等专科学校(面向泉州),泉州幼儿师范高等专科学校(面向泉州),3883,,1785687880923146,纪嘉澍,2023-12-19 14:40,纪嘉澍,2023-12-19 14:40
闽江师范高等专科学校(免费师范),闽江师范高等专科学校(免费师范),3884,,1785687880925306,纪嘉澍,2023-12-19 14:40,纪嘉澍,2023-12-19 14:40
闽江师范高等专科学校(免费师范生),闽江师范高等专科学校(免费师范生),3885,,1785687881345081,纪嘉澍,2023-12-19 14:40,纪嘉澍,2023-12-19 14:40
闽江师范高等专科学校(公费师范),闽江师范高等专科学校(公费师范),3886,,1785687881343017,纪嘉澍,2023-12-19 14:40,纪嘉澍,2023-12-19 14:40
闽江学院(中外合作),闽江学院(中外合作),3887,,1785687880922154,纪嘉澍,2023-12-19 14:40,纪嘉澍,2023-12-19 14:40
闽江学院(国际课程教育项目),闽江学院(国际课程教育项目),3888,,1785687880924202,纪嘉澍,2023-12-19 14:40,纪嘉澍,2023-12-19 14:40
闽江学院(少数民族预科班),闽江学院(少数民族预科班),3889,,1785687880926218,纪嘉澍,2023-12-19 14:40,纪嘉澍,2023-12-19 14:40
闽江学院(闽台合作),闽江学院(闽台合作),3890,,1785687881347129,纪嘉澍,2023-12-19 14:40,纪嘉澍,2023-12-19 14:40
闽江学院(面向晋江),闽江学院(面向晋江),3891,,1785687880926234,纪嘉澍,2023-12-19 14:40,纪嘉澍,2023-12-19 14:40
闽江学院(面向福州),闽江学院(面向福州),3892,,1785687880920122,纪嘉澍,2023-12-19 14:40,纪嘉澍,2023-12-19 14:40
复旦大学太平洋金融学院,复旦大学太平洋金融学院,3893,,1785687880925258,纪嘉澍,2023-12-19 14:40,纪嘉澍,2023-12-19 14:40
同济大学同科学院,同济大学同科学院,3894,,1785687880922170,纪嘉澍,2023-12-19 14:40,纪嘉澍,2023-12-19 14:40
华东理工大学(中外合作),华东理工大学(中外合作),3895,,1785687881345065,纪嘉澍,2023-12-19 14:40,纪嘉澍,2023-12-19 14:40
华东理工大学(国防生),华东理工大学(国防生),3896,,1785687881348105,纪嘉澍,2023-12-19 14:40,纪嘉澍,2023-12-19 14:40
华东理工大学网络教育学院,华东理工大学网络教育学院,3897,,1785687881347081,纪嘉澍,2023-12-19 14:40,纪嘉澍,2023-12-19 14:40
上海理工大学(中外合作办学),上海理工大学(中外合作办学),3898,,1785687880926266,纪嘉澍,2023-12-19 14:40,纪嘉澍,2023-12-19 14:40
上海海事大学(中外合作办学),上海海事大学(中外合作办学),3899,,1785687881344025,纪嘉澍,2023-12-19 14:40,纪嘉澍,2023-12-19 14:40
东华大学(中外合作办学),东华大学(中外合作办学),3900,,1785687881346073,纪嘉澍,2023-12-19 14:40,纪嘉澍,2023-12-19 14:40
东华大学国立,东华大学国立,3901,,1785687881343001,纪嘉澍,2023-12-19 14:40,纪嘉澍,2023-12-19 14:40
上海电力学院(中外合作办学),上海电力学院(中外合作办学),3902,,1785687880925274,纪嘉澍,2023-12-19 14:40,纪嘉澍,2023-12-19 14:40
上海电力学院(少数民族预科班),上海电力学院(少数民族预科班),3903,,1785687896903723,纪嘉澍,2023-12-19 14:40,纪嘉澍,2023-12-19 14:40
上海应用技术大学(中外合作办学),上海应用技术大学(中外合作办学),3904,,1785687896902715,纪嘉澍,2023-12-19 14:40,纪嘉澍,2023-12-19 14:40
上海海洋大学(中外合作办学),上海海洋大学(中外合作办学),3905,,1785687896908811,纪嘉澍,2023-12-19 14:40,纪嘉澍,2023-12-19 14:40
上海中医药大学(中外合作办学),上海中医药大学(中外合作办学),3906,,1785687896900619,纪嘉澍,2023-12-19 14:40,纪嘉澍,2023-12-19 14:40
上海师范大学(中外合作办学),上海师范大学(中外合作办学),3907,,1785687896898587,纪嘉澍,2023-12-19 14:40,纪嘉澍,2023-12-19 14:40
上海对外经贸大学(中外合作),上海对外经贸大学(中外合作),3908,,1785687896901691,纪嘉澍,2023-12-19 14:40,纪嘉澍,2023-12-19 14:40
上海旅游高等专科学校(中外合作办学),上海旅游高等专科学校(中外合作办学),3909,,1785687896901659,纪嘉澍,2023-12-19 14:40,纪嘉澍,2023-12-19 14:40
上海体育学院运动技术学院,上海体育学院运动技术学院,3910,,1785687896910971,纪嘉澍,2023-12-19 14:40,纪嘉澍,2023-12-19 14:40
上海东海职业技术学院(面试要求),上海东海职业技术学院(面试要求),3911,,1785687896908843,纪嘉澍,2023-12-19 14:40,纪嘉澍,2023-12-19 14:40
上海工程技术大学(中外合作办学),上海工程技术大学(中外合作办学),3912,,1785687896910939,纪嘉澍,2023-12-19 14:40,纪嘉澍,2023-12-19 14:40
上海电机学院(中外合作办学),上海电机学院(中外合作办学),3913,,1785687896907787,纪嘉澍,2023-12-19 14:40,纪嘉澍,2023-12-19 14:40
上海杉达学院(中外合作办学),上海杉达学院(中外合作办学),3914,,1785687896905739,纪嘉澍,2023-12-19 14:40,纪嘉澍,2023-12-19 14:40
上海杉达学院嘉善光彪学院,上海杉达学院嘉善光彪学院,3915,,1785687896909931,纪嘉澍,2023-12-19 14:40,纪嘉澍,2023-12-19 14:40
上海政法学院(少数民族预科班),上海政法学院(少数民族预科班),3916,,1785687896906779,纪嘉澍,2023-12-19 14:40,纪嘉澍,2023-12-19 14:40
上海大学(中外合作办学),上海大学(中外合作办学),3917,,1785687896908859,纪嘉澍,2023-12-19 14:40,纪嘉澍,2023-12-19 14:40
上海大学巴士汽车学院,上海大学巴士汽车学院,3918,,1785687896900635,纪嘉澍,2023-12-19 14:40,纪嘉澍,2023-12-19 14:40
上海大学艺术研究院,上海大学艺术研究院,3919,,1785687896901643,纪嘉澍,2023-12-19 14:40,纪嘉澍,2023-12-19 14:40
上海行健职业学院(中外合作办学),上海行健职业学院(中外合作办学),3920,,1785687896906795,纪嘉澍,2023-12-19 14:40,纪嘉澍,2023-12-19 14:40
上海震旦职业学院(中外合作办学),上海震旦职业学院(中外合作办学),3921,,1785687896905787,纪嘉澍,2023-12-19 14:40,纪嘉澍,2023-12-19 14:40
上海工商外国语职业学院(中外合作办学),上海工商外国语职业学院(中外合作办学),3922,,1785687896900667,纪嘉澍,2023-12-19 14:40,纪嘉澍,2023-12-19 14:40
上海民航职业技术学院(面试要求),上海民航职业技术学院(面试要求),3923,,1785687896903707,纪嘉澍,2023-12-19 14:40,纪嘉澍,2023-12-19 14:40
上海工商职业技术学院(中外合作办学),上海工商职业技术学院(中外合作办学),3924,,1785687896901675,纪嘉澍,2023-12-19 14:40,纪嘉澍,2023-12-19 14:40
上海纽约大学(中外合作办学),上海纽约大学(中外合作办学),3925,,1785687896907803,纪嘉澍,2023-12-19 14:40,纪嘉澍,2023-12-19 14:40
苏州大学(中外合作办学),苏州大学(中外合作办学),3926,,1785687896898571,纪嘉澍,2023-12-19 14:40,纪嘉澍,2023-12-19 14:40
南京航空航天大学(中外合作办学),南京航空航天大学(中外合作办学),3927,,1785687896909947,纪嘉澍,2023-12-19 14:40,纪嘉澍,2023-12-19 14:40
南京航空航天大学(国防生),南京航空航天大学(国防生),3928,,1785687896904747,纪嘉澍,2023-12-19 14:40,纪嘉澍,2023-12-19 14:40
南京理工大学(中外合作办学),南京理工大学(中外合作办学),3929,,1785687896912027,纪嘉澍,2023-12-19 14:40,纪嘉澍,2023-12-19 14:40
江苏科技大学(中外合作办学),江苏科技大学(中外合作办学),3930,,1785687896908827,纪嘉澍,2023-12-19 14:40,纪嘉澍,2023-12-19 14:40
江苏科技大学张家港校区,江苏科技大学张家港校区,3931,,1785687896906763,纪嘉澍,2023-12-19 14:40,纪嘉澍,2023-12-19 14:40
中国矿业大学(中外合作办学),中国矿业大学(中外合作办学),3932,,1785687896902699,纪嘉澍,2023-12-19 14:40,纪嘉澍,2023-12-19 14:40
中国矿业大学(北京)(专业志愿),中国矿业大学(北京)(专业志愿),3933,,1785687896899595,纪嘉澍,2023-12-19 14:40,纪嘉澍,2023-12-19 14:40
中国矿业大学【徐州】,中国矿业大学【徐州】,3934,,1785687896898619,纪嘉澍,2023-12-19 14:40,纪嘉澍,2023-12-19 14:40
南京工业大学(中外合作办学),南京工业大学(中外合作办学),3935,,1785687896897595,纪嘉澍,2023-12-19 14:40,纪嘉澍,2023-12-19 14:40
常州大学(中外合作办学),常州大学(中外合作办学),3936,,1785687896904731,纪嘉澍,2023-12-19 14:40,纪嘉澍,2023-12-19 14:40
南京邮电大学(国防生),南京邮电大学(国防生),3937,,1785687896905771,纪嘉澍,2023-12-19 14:40,纪嘉澍,2023-12-19 14:40
河海大学(中外合作办学),河海大学(中外合作办学),3938,,1785687896898603,纪嘉澍,2023-12-19 14:40,纪嘉澍,2023-12-19 14:40
河海大学(国防生),河海大学(国防生),3939,,1785687896912011,纪嘉澍,2023-12-19 14:40,纪嘉澍,2023-12-19 14:40
河海大学常州校区,河海大学常州校区,3940,,1785687896909899,纪嘉澍,2023-12-19 14:40,纪嘉澍,2023-12-19 14:40
南京林业大学(中外合作办学),南京林业大学(中外合作办学),3941,,1785687896903739,纪嘉澍,2023-12-19 14:40,纪嘉澍,2023-12-19 14:40
南京信息工程大学(中外合作办学),南京信息工程大学(中外合作办学),3942,,1785687896904763,纪嘉澍,2023-12-19 14:40,纪嘉澍,2023-12-19 14:40
徐州医科大学华方学院,徐州医科大学华方学院,3943,,1785687896902667,纪嘉澍,2023-12-19 14:40,纪嘉澍,2023-12-19 14:40
中国药科大学(中外合作办学),中国药科大学(中外合作办学),3944,,1785687896899627,纪嘉澍,2023-12-19 14:40,纪嘉澍,2023-12-19 14:40
南京师范大学紫金校区,南京师范大学紫金校区,3945,,1785687896906811,纪嘉澍,2023-12-19 14:40,纪嘉澍,2023-12-19 14:40
江苏师范大学(中外合作办学),江苏师范大学(中外合作办学),3946,,1785687896910955,纪嘉澍,2023-12-19 14:40,纪嘉澍,2023-12-19 14:40
苏州科技大学(中外合作办学),苏州科技大学(中外合作办学),3947,,1785687896909915,纪嘉澍,2023-12-19 14:40,纪嘉澍,2023-12-19 14:40
徐州工程学院(中外合作办学),徐州工程学院(中外合作办学),3948,,1785687896912971,纪嘉澍,2023-12-19 14:40,纪嘉澍,2023-12-19 14:40
江南大学(中外合作办学),江南大学(中外合作办学),3949,,1785687896912043,纪嘉澍,2023-12-19 14:40,纪嘉澍,2023-12-19 14:40
南京工程学院(中外合作办学),南京工程学院(中外合作办学),3950,,1785687896899643,纪嘉澍,2023-12-19 14:40,纪嘉澍,2023-12-19 14:40
南京医科大学康达学院(定向),南京医科大学康达学院(定向),3951,,1785687896903691,纪嘉澍,2023-12-19 14:40,纪嘉澍,2023-12-19 14:40
南通大学杏林学院(定向),南通大学杏林学院(定向),3952,,1785687896907819,纪嘉澍,2023-12-19 14:40,纪嘉澍,2023-12-19 14:40
苏州高博软件技术职业学院(中外合作办学),苏州高博软件技术职业学院(中外合作办学),3953,,1785687920909312,纪嘉澍,2023-12-19 14:40,纪嘉澍,2023-12-19 14:40
西交利物浦大学(中外合作办学),西交利物浦大学(中外合作办学),3954,,1785687920909344,纪嘉澍,2023-12-19 14:40,纪嘉澍,2023-12-19 14:40
九州职业技术学院(校企合作软件外包专业),九州职业技术学院(校企合作软件外包专业),3955,,1785687920906256,纪嘉澍,2023-12-19 14:40,纪嘉澍,2023-12-19 14:40
连云港师范高等专科学校(中外合作办学),连云港师范高等专科学校(中外合作办学),3956,,1785687920914464,纪嘉澍,2023-12-19 14:40,纪嘉澍,2023-12-19 14:40
无锡科技职业学院(中外合作办学),无锡科技职业学院(中外合作办学),3957,,1785687920906288,纪嘉澍,2023-12-19 14:40,纪嘉澍,2023-12-19 14:40
无锡职业技术学院(面试要求),无锡职业技术学院(面试要求),3958,,1785687920907312,纪嘉澍,2023-12-19 14:40,纪嘉澍,2023-12-19 14:40
金肯职业技术学院(校企合作软件外包专业),金肯职业技术学院(校企合作软件外包专业),3959,,1785687920916496,纪嘉澍,2023-12-19 14:40,纪嘉澍,2023-12-19 14:40
江南影视艺术职业学院(面试要求),江南影视艺术职业学院(面试要求),3960,,1785687920912432,纪嘉澍,2023-12-19 14:40,纪嘉澍,2023-12-19 14:40
钟山职业技术学院(校企合作软件外包专业),钟山职业技术学院(校企合作软件外包专业),3961,,1785687920917504,纪嘉澍,2023-12-19 14:40,纪嘉澍,2023-12-19 14:40
无锡南洋职业技术学院(中外合作办学),无锡南洋职业技术学院(中外合作办学),3962,,1785687920905264,纪嘉澍,2023-12-19 14:40,纪嘉澍,2023-12-19 14:40
无锡南洋职业技术学院(校企合作软件外包专业),无锡南洋职业技术学院(校企合作软件外包专业),3963,,1785687920910336,纪嘉澍,2023-12-19 14:40,纪嘉澍,2023-12-19 14:40
硅湖职业技术学院(中外合作办学),硅湖职业技术学院(中外合作办学),3964,,1785687920913440,纪嘉澍,2023-12-19 14:40,纪嘉澍,2023-12-19 14:40
江海职业技术学院(校企合作软件外包专业),江海职业技术学院(校企合作软件外包专业),3965,,1785687920913408,纪嘉澍,2023-12-19 14:40,纪嘉澍,2023-12-19 14:40
广西大学(专业志愿),广西大学(专业志愿),3966,,1785687920916512,纪嘉澍,2023-12-19 14:40,纪嘉澍,2023-12-19 14:40
广西大学(中外合作办学),广西大学(中外合作办学),3967,,1785687920917536,纪嘉澍,2023-12-19 14:40,纪嘉澍,2023-12-19 14:40
广西科技大学(中外合作办学),广西科技大学(中外合作办学),3968,,1785687920915488,纪嘉澍,2023-12-19 14:40,纪嘉澍,2023-12-19 14:40
桂林电子科技大学(国防生),桂林电子科技大学(国防生),3969,,1785687920908304,纪嘉澍,2023-12-19 14:40,纪嘉澍,2023-12-19 14:40
桂林电子科技大学(边防军人子女预科班),桂林电子科技大学(边防军人子女预科班),3970,,1785687920910384,纪嘉澍,2023-12-19 14:40,纪嘉澍,2023-12-19 14:40
桂林电子科技大学(边防女子预科班),桂林电子科技大学(边防女子预科班),3971,,1785687920907264,纪嘉澍,2023-12-19 14:40,纪嘉澍,2023-12-19 14:40
桂林电子科技大学(边防子女预科班),桂林电子科技大学(边防子女预科班),3972,,1785687920915504,纪嘉澍,2023-12-19 14:40,纪嘉澍,2023-12-19 14:40
桂林理工大学(中外),桂林理工大学(中外),3973,,1785687920917552,纪嘉澍,2023-12-19 14:40,纪嘉澍,2023-12-19 14:40
广西中医药大学(中外合作办学),广西中医药大学(中外合作办学),3974,,1785687920912400,纪嘉澍,2023-12-19 14:40,纪嘉澍,2023-12-19 14:40
南宁师范大学(专业志愿),南宁师范大学(专业志愿),3975,,1785687920918576,纪嘉澍,2023-12-19 14:40,纪嘉澍,2023-12-19 14:40
南宁师范大学(中外合作办学),南宁师范大学(中外合作办学),3976,,1785687920913424,纪嘉澍,2023-12-19 14:40,纪嘉澍,2023-12-19 14:40
南宁师范大学(校企合作软件外包专业),南宁师范大学(校企合作软件外包专业),3977,,1785687920907296,纪嘉澍,2023-12-19 14:40,纪嘉澍,2023-12-19 14:40
北部湾大学(中外合作办学),北部湾大学(中外合作办学),3978,,1785687920916528,纪嘉澍,2023-12-19 14:40,纪嘉澍,2023-12-19 14:40
桂林航天工业学院(面试要求),桂林航天工业学院(面试要求),3979,,1785687920908320,纪嘉澍,2023-12-19 14:40,纪嘉澍,2023-12-19 14:40
桂林旅游学院(中外合作办学),桂林旅游学院(中外合作办学),3980,,1785687920918560,纪嘉澍,2023-12-19 14:40,纪嘉澍,2023-12-19 14:40
福建警察学院(司法专业),福建警察学院(司法专业),3981,,1785687920914480,纪嘉澍,2023-12-19 14:40,纪嘉澍,2023-12-19 14:40
南昌工程学院(地方专项计划),南昌工程学院(地方专项计划),3982,,1785687920908336,纪嘉澍,2023-12-19 14:40,纪嘉澍,2023-12-19 14:40
南昌工程学院(职教本科合作实验班),南昌工程学院(职教本科合作实验班),3983,,1785687920910352,纪嘉澍,2023-12-19 14:40,纪嘉澍,2023-12-19 14:40
南昌工程学院(苏区专项计划),南昌工程学院(苏区专项计划),3984,,1785687920918544,纪嘉澍,2023-12-19 14:40,纪嘉澍,2023-12-19 14:40
陆军工程大学(人防系统),陆军工程大学(人防系统),3986,,1785687920915456,纪嘉澍,2023-12-19 14:40,纪嘉澍,2023-12-19 14:40
陆军工程大学(女生),陆军工程大学(女生),3987,,1785687920917520,纪嘉澍,2023-12-19 14:40,纪嘉澍,2023-12-19 14:40
陆军工程大学(男生),陆军工程大学(男生),3988,,1785687920908288,纪嘉澍,2023-12-19 14:40,纪嘉澍,2023-12-19 14:40
空军预警学院(男生),空军预警学院(男生),3989,,1785687920910368,纪嘉澍,2023-12-19 14:40,纪嘉澍,2023-12-19 14:40
空军工程大学(女生),空军工程大学(女生),3990,,1785687920916480,纪嘉澍,2023-12-19 14:40,纪嘉澍,2023-12-19 14:40
空军工程大学(男生),空军工程大学(男生),3991,,1785687920915472,纪嘉澍,2023-12-19 14:40,纪嘉澍,2023-12-19 14:40
海军航空兵学院(招收飞行员),海军航空兵学院(招收飞行员),3992,,1785687920906272,纪嘉澍,2023-12-19 14:40,纪嘉澍,2023-12-19 14:40
海军大连舰艇学院(男生),海军大连舰艇学院(男生),3993,,1785687920918528,纪嘉澍,2023-12-19 14:40,纪嘉澍,2023-12-19 14:40
武警警官学院(男生),武警警官学院(男生),3994,,1785687920912384,纪嘉澍,2023-12-19 14:40,纪嘉澍,2023-12-19 14:40
武汉工程大学(中外合作办学),武汉工程大学(中外合作办学),3995,,1785687920907280,纪嘉澍,2023-12-19 14:40,纪嘉澍,2023-12-19 14:40
火箭军工程大学(男生),火箭军工程大学(男生),3996,,1785687920909360,纪嘉澍,2023-12-19 14:40,纪嘉澍,2023-12-19 14:40
武警工程大学(女生),武警工程大学(女生),3997,,1785687920913456,纪嘉澍,2023-12-19 14:40,纪嘉澍,2023-12-19 14:40
武警工程大学(武警指挥类),武警工程大学(武警指挥类),3998,,1785687920912416,纪嘉澍,2023-12-19 14:40,纪嘉澍,2023-12-19 14:40
武警工程大学(男生),武警工程大学(男生),3999,,1785687920919552,纪嘉澍,2023-12-19 14:40,纪嘉澍,2023-12-19 14:40
陆军勤务学院(男生),陆军勤务学院(男生),4000,,1785687920906240,纪嘉澍,2023-12-19 14:40,纪嘉澍,2023-12-19 14:40
武汉学院中南财经政法大学,武汉学院中南财经政法大学,4001,,1785687920914432,纪嘉澍,2023-12-19 14:40,纪嘉澍,2023-12-19 14:40
武汉大学(专业志愿),武汉大学(专业志愿),4002,,1785687920914448,纪嘉澍,2023-12-19 14:40,纪嘉澍,2023-12-19 14:40
武汉大学(基地班),武汉大学(基地班),4003,,1785687920909328,纪嘉澍,2023-12-19 14:40,纪嘉澍,2023-12-19 14:40
武汉大学珞珈学院,武汉大学珞珈学院,4004,,1785687932182619,纪嘉澍,2023-12-19 14:40,纪嘉澍,2023-12-19 14:40
华中科技大学武昌分校,华中科技大学武昌分校,4005,,1785687920919584,纪嘉澍,2023-12-19 14:40,纪嘉澍,2023-12-19 14:40
第四军医大学(空军军医大学),第四军医大学(空军军医大学),4006,,1785687932184699,纪嘉澍,2023-12-19 14:40,纪嘉澍,2023-12-19 14:40
空军军医大学(女生),空军军医大学(女生),4007,,1785687920920608,纪嘉澍,2023-12-19 14:40,纪嘉澍,2023-12-19 14:40
空军军医大学(男生),空军军医大学(男生),4008,,1785687920922640,纪嘉澍,2023-12-19 14:40,纪嘉澍,2023-12-19 14:40
武汉科技大学(国防生),武汉科技大学(国防生),4009,,1785687932185611,纪嘉澍,2023-12-19 14:40,纪嘉澍,2023-12-19 14:40
武汉科技大学(武汉市),武汉科技大学(武汉市),4010,,1785687920925712,纪嘉澍,2023-12-19 14:40,纪嘉澍,2023-12-19 14:40
长江大学(中外合作办学),长江大学(中外合作办学),4011,,1785687920922656,纪嘉澍,2023-12-19 14:40,纪嘉澍,2023-12-19 14:40
海军工程大学(男生),海军工程大学(男生),4012,,1785687920920592,纪嘉澍,2023-12-19 14:40,纪嘉澍,2023-12-19 14:40
复旦大学上海医学院(国防生),复旦大学上海医学院(国防生),4013,,1785687920919600,纪嘉澍,2023-12-19 14:40,纪嘉澍,2023-12-19 14:40
香港中文大学(深圳市)(内地与港澳台地区合作办学),香港中文大学(深圳市)(内地与港澳台地区合作办学),4014,,1785687932185627,纪嘉澍,2023-12-19 14:40,纪嘉澍,2023-12-19 14:40
香港中文大学(香港),香港中文大学(香港),4015,,1785687932184651,纪嘉澍,2023-12-19 14:40,纪嘉澍,2023-12-19 14:40
香港城市大学(香港),香港城市大学(香港),4016,,1785687920923696,纪嘉澍,2023-12-19 14:40,纪嘉澍,2023-12-19 14:40
兰州财经大学(中外合作办学),兰州财经大学(中外合作办学),4017,,1785687932186651,纪嘉澍,2023-12-19 14:40,纪嘉澍,2023-12-19 14:40
山东化工职业学院(校企合作软件外包专业),山东化工职业学院(校企合作软件外包专业),4018,,1785687920925696,纪嘉澍,2023-12-19 14:40,纪嘉澍,2023-12-19 14:40
三门峡职业技术学院(中外合作办学),三门峡职业技术学院(中外合作办学),4019,,1785687932183675,纪嘉澍,2023-12-19 14:40,纪嘉澍,2023-12-19 14:40
三门峡职业技术学院河南科技大学应用工程学院,三门峡职业技术学院河南科技大学应用工程学院,4020,,1785687932187675,纪嘉澍,2023-12-19 14:40,纪嘉澍,2023-12-19 14:40
三门峡职业技术学院(软件类),三门峡职业技术学院(软件类),4021,,1785687932182635,纪嘉澍,2023-12-19 14:40,纪嘉澍,2023-12-19 14:40
陆军装甲兵学院(男生),陆军装甲兵学院(男生),4022,,1785687920925728,纪嘉澍,2023-12-19 14:40,纪嘉澍,2023-12-19 14:40
信息工程大学(战略支援部队信息工程大学),信息工程大学(战略支援部队信息工程大学),4023,,1785687932185643,纪嘉澍,2023-12-19 14:40,纪嘉澍,2023-12-19 14:40
中国人民解放军战略支援部队信息工程大学(女生),中国人民解放军战略支援部队信息工程大学(女生),4024,,1785687920922672,纪嘉澍,2023-12-19 14:40,纪嘉澍,2023-12-19 14:40
中国人民解放军战略支援部队信息工程大学(男生),中国人民解放军战略支援部队信息工程大学(男生),4025,,1785687920920624,纪嘉澍,2023-12-19 14:40,纪嘉澍,2023-12-19 14:40
陆军军医大学(女生),陆军军医大学(女生),4026,,1785687932184683,纪嘉澍,2023-12-19 14:40,纪嘉澍,2023-12-19 14:40
陆军军医大学(男生),陆军军医大学(男生),4027,,1785687920924688,纪嘉澍,2023-12-19 14:40,纪嘉澍,2023-12-19 14:40
北京体育大学(体育),北京体育大学(体育),4028,,1785687920924720,纪嘉澍,2023-12-19 14:40,纪嘉澍,2023-12-19 14:40
首都体育学院(体育),首都体育学院(体育),4029,,1785687920923664,纪嘉澍,2023-12-19 14:40,纪嘉澍,2023-12-19 14:40
中央民族大学(体育),中央民族大学(体育),4030,,1785687932186635,纪嘉澍,2023-12-19 14:40,纪嘉澍,2023-12-19 14:40
北京化工大学(体育),北京化工大学(体育),4031,,1785687920921600,纪嘉澍,2023-12-19 14:40,纪嘉澍,2023-12-19 14:40
天津体育学院(体育),天津体育学院(体育),4032,,1785687932183627,纪嘉澍,2023-12-19 14:40,纪嘉澍,2023-12-19 14:40
华北科技学院(体育),华北科技学院(体育),4033,,1785687932183659,纪嘉澍,2023-12-19 14:40,纪嘉澍,2023-12-19 14:40
哈尔滨体育学院(体育),哈尔滨体育学院(体育),4034,,1785687932185659,纪嘉澍,2023-12-19 14:40,纪嘉澍,2023-12-19 14:40
江苏科技大学(体育),江苏科技大学(体育),4035,,1785687920924704,纪嘉澍,2023-12-19 14:40,纪嘉澍,2023-12-19 14:40
西安石油大学(体育),西安石油大学(体育),4036,,1785687920925744,纪嘉澍,2023-12-19 14:40,纪嘉澍,2023-12-19 14:40
湖南师范大学(中外合作办学)(体育),湖南师范大学(中外合作办学)(体育),4037,,1785687920921616,纪嘉澍,2023-12-19 14:40,纪嘉澍,2023-12-19 14:40
同济大学(中外合作办学),同济大学(中外合作办学),4038,,1785687932182651,纪嘉澍,2023-12-19 14:40,纪嘉澍,2023-12-19 14:40
中国地质大学(武汉)(中外合作办学),中国地质大学(武汉)(中外合作办学),4039,,1785687920923680,纪嘉澍,2023-12-19 14:40,纪嘉澍,2023-12-19 14:40
北京工业大学城市学院,北京工业大学城市学院,4040,,1785687932187691,纪嘉澍,2023-12-19 14:40,纪嘉澍,2023-12-19 14:40
北京联合大学(中外合作办学),北京联合大学(中外合作办学),4041,,1785687932186683,纪嘉澍,2023-12-19 14:40,纪嘉澍,2023-12-19 14:40
南昌医学院,南昌医学院,4042,,1785687932186667,纪嘉澍,2023-12-19 14:40,纪嘉澍,2023-12-19 14:40
意大利都灵音乐学院,意大利都灵音乐学院,4043,,1785687920921648,纪嘉澍,2023-12-19 14:40,纪嘉澍,2023-12-19 14:40
曼切斯特大学,曼切斯特大学,4044,,1785687920920576,纪嘉澍,2023-12-19 14:40,纪嘉澍,2023-12-19 14:40
伦敦大学学院,伦敦大学学院,4045,,1785687932184667,纪嘉澍,2023-12-19 14:40,纪嘉澍,2023-12-19 14:40
伦敦国王学院,伦敦国王学院,4046,,1785687920922624,纪嘉澍,2023-12-19 14:40,纪嘉澍,2023-12-19 14:40
伦敦艺术大学,伦敦艺术大学,4047,,1785687920921632,纪嘉澍,2023-12-19 14:40,纪嘉澍,2023-12-19 14:40
英国皇家音乐学院,英国皇家音乐学院,4048,,1785687920924736,纪嘉澍,2023-12-19 14:40,纪嘉澍,2023-12-19 14:40
华威商学院,华威商学院,4049,,1785687932187659,纪嘉澍,2023-12-19 14:40,纪嘉澍,2023-12-19 14:40
布里斯托大学,布里斯托大学,4050,,1785687932182603,纪嘉澍,2023-12-19 14:40,纪嘉澍,2023-12-19 14:40
爱丁堡大学,爱丁堡大学,4051,,1785687932183643,纪嘉澍,2023-12-19 14:40,纪嘉澍,2023-12-19 14:40
马德里卡洛斯三世大学（西班牙）,马德里卡洛斯三世大学（西班牙）,4052,,1785687920919568,纪嘉澍,2023-12-19 14:40,纪嘉澍,2023-12-19 14:40
佩奇大学,佩奇大学,4053,,1785687920923648,纪嘉澍,2023-12-19 14:40,纪嘉澍,2023-12-19 14:40
德布勒森大学,德布勒森大学,4054,,1785687944698937,纪嘉澍,2023-12-19 14:40,纪嘉澍,2023-12-19 14:40
新加坡国立大学,新加坡国立大学,4055,,1785687944728601,纪嘉澍,2023-12-19 14:40,纪嘉澍,2023-12-19 14:40
新加坡南洋理工大学,新加坡南洋理工大学,4056,,1785687944727625,纪嘉澍,2023-12-19 14:40,纪嘉澍,2023-12-19 14:40
华盛顿大学西雅图分校,华盛顿大学西雅图分校,4057,,1785687944697913,纪嘉澍,2023-12-19 14:40,纪嘉澍,2023-12-19 14:40
莱斯大学,莱斯大学,4058,,1785687944725513,纪嘉澍,2023-12-19 14:40,纪嘉澍,2023-12-19 14:40
布兰迪斯大学,布兰迪斯大学,4059,,1785687944697881,纪嘉澍,2023-12-19 14:40,纪嘉澍,2023-12-19 14:40
斯沃斯莫尔学院,斯沃斯莫尔学院,4060,,1785687944697929,纪嘉澍,2023-12-19 14:40,纪嘉澍,2023-12-19 14:40
美国加州大学圣克鲁兹分校,美国加州大学圣克鲁兹分校,4061,,1785687944725545,纪嘉澍,2023-12-19 14:40,纪嘉澍,2023-12-19 14:40
美国加州大学圣迭戈分校,美国加州大学圣迭戈分校,4062,,1785687944695817,纪嘉澍,2023-12-19 14:40,纪嘉澍,2023-12-19 14:40
卡耐基梅隆大学,卡耐基梅隆大学,4063,,1785687944731673,纪嘉澍,2023-12-19 14:40,纪嘉澍,2023-12-19 14:40
茱莉亚学院,茱莉亚学院,4064,,1785687944729641,纪嘉澍,2023-12-19 14:40,纪嘉澍,2023-12-19 14:40
纽约大学,纽约大学,4065,,1785687944724537,纪嘉澍,2023-12-19 14:40,纪嘉澍,2023-12-19 14:40
曼哈顿音乐学院,曼哈顿音乐学院,4066,,1785687944698905,纪嘉澍,2023-12-19 14:40,纪嘉澍,2023-12-19 14:40
威斯康星大学麦迪逊分校,威斯康星大学麦迪逊分校,4067,,1785687944725561,纪嘉澍,2023-12-19 14:40,纪嘉澍,2023-12-19 14:40
佩珀代因大学,佩珀代因大学,4068,,1785687944698889,纪嘉澍,2023-12-19 14:40,纪嘉澍,2023-12-19 14:40
里士满大学,里士满大学,4069,,1785687944724521,纪嘉澍,2023-12-19 14:40,纪嘉澍,2023-12-19 14:40
美国华盛顿大学,美国华盛顿大学,4070,,1785687944696857,纪嘉澍,2023-12-19 14:40,纪嘉澍,2023-12-19 14:40
达特茅斯学院,达特茅斯学院,4071,,1785687944693961,纪嘉澍,2023-12-19 14:40,纪嘉澍,2023-12-19 14:40
美国俄亥俄州立大学,美国俄亥俄州立大学,4072,,1785687944694969,纪嘉澍,2023-12-19 14:40,纪嘉澍,2023-12-19 14:40
丹尼森大学,丹尼森大学,4073,,1785687944731689,纪嘉澍,2023-12-19 14:40,纪嘉澍,2023-12-19 14:40
加州大学欧文分校,加州大学欧文分校,4074,,1785687944725529,纪嘉澍,2023-12-19 14:40,纪嘉澍,2023-12-19 14:40
加利福尼亚大学戴维斯分校,加利福尼亚大学戴维斯分校,4075,,1785687944726537,纪嘉澍,2023-12-19 14:40,纪嘉澍,2023-12-19 14:40
波士顿大学,波士顿大学,4076,,1785687944694921,纪嘉澍,2023-12-19 14:40,纪嘉澍,2023-12-19 14:40
美国东北大学,美国东北大学,4077,,1785687944696873,纪嘉澍,2023-12-19 14:40,纪嘉澍,2023-12-19 14:40
爱默生学院,爱默生学院,4078,,1785687944696889,纪嘉澍,2023-12-19 14:40,纪嘉澍,2023-12-19 14:40
美国加州大学伯克利分校,美国加州大学伯克利分校,4079,,1785687944727641,纪嘉澍,2023-12-19 14:40,纪嘉澍,2023-12-19 14:40
欧柏林音乐学院,欧柏林音乐学院,4080,,1785687944728633,纪嘉澍,2023-12-19 14:40,纪嘉澍,2023-12-19 14:40
加拿大西安大略大学,加拿大西安大略大学,4082,,1785687944695833,纪嘉澍,2023-12-19 14:40,纪嘉澍,2023-12-19 14:40
加拿大英属哥伦比亚大学,加拿大英属哥伦比亚大学,4083,,1785687944729609,纪嘉澍,2023-12-19 14:40,纪嘉澍,2023-12-19 14:40
滑铁卢大学,滑铁卢大学,4084,,1785687944694953,纪嘉澍,2023-12-19 14:40,纪嘉澍,2023-12-19 14:40
加拿大多伦多大学,加拿大多伦多大学,4085,,1785687944728585,纪嘉澍,2023-12-19 14:40,纪嘉澍,2023-12-19 14:40
特鲁瓦工程技术大学,特鲁瓦工程技术大学,4086,,1785687944697897,纪嘉澍,2023-12-19 14:40,纪嘉澍,2023-12-19 14:40
里昂商学院,里昂商学院,4087,,1785687944729657,纪嘉澍,2023-12-19 14:40,纪嘉澍,2023-12-19 14:40
法国贡比涅技术大学,法国贡比涅技术大学,4088,,1785687944726553,纪嘉澍,2023-12-19 14:40,纪嘉澍,2023-12-19 14:40
法国巴黎第十一大学,法国巴黎第十一大学,4089,,1785687944729625,纪嘉澍,2023-12-19 14:40,纪嘉澍,2023-12-19 14:40
俄罗斯远东国立艺术学院,俄罗斯远东国立艺术学院,4090,,1785687944696841,纪嘉澍,2023-12-19 14:40,纪嘉澍,2023-12-19 14:40
德国耶拿大学,德国耶拿大学,4091,,1785687944728617,纪嘉澍,2023-12-19 14:40,纪嘉澍,2023-12-19 14:40
慕尼黑大学,慕尼黑大学,4092,,1785687944726585,纪嘉澍,2023-12-19 14:40,纪嘉澍,2023-12-19 14:40
德国曼海姆大学,德国曼海姆大学,4093,,1785687944727657,纪嘉澍,2023-12-19 14:40,纪嘉澍,2023-12-19 14:40
德国科隆大学,德国科隆大学,4094,,1785687944731657,纪嘉澍,2023-12-19 14:40,纪嘉澍,2023-12-19 14:40
德国汉堡音乐学院,德国汉堡音乐学院,4095,,1785687944726569,纪嘉澍,2023-12-19 14:40,纪嘉澍,2023-12-19 14:40
保加利亚索非亚国立音乐学院,保加利亚索非亚国立音乐学院,4096,,1785687944693945,纪嘉澍,2023-12-19 14:40,纪嘉澍,2023-12-19 14:40
新南威尔士大学,新南威尔士大学,4097,,1785687944724489,纪嘉澍,2023-12-19 14:40,纪嘉澍,2023-12-19 14:40
悉尼大学,悉尼大学,4098,,1785687944694937,纪嘉澍,2023-12-19 14:40,纪嘉澍,2023-12-19 14:40
澳大利亚悉尼大学,澳大利亚悉尼大学,4099,,1785687944695849,纪嘉澍,2023-12-19 14:40,纪嘉澍,2023-12-19 14:40
澳大利亚墨尔本大学,澳大利亚墨尔本大学,4100,,1785687944693929,纪嘉澍,2023-12-19 14:40,纪嘉澍,2023-12-19 14:40
澳大利亚莫纳什大学,澳大利亚莫纳什大学,4101,,1785687944695865,纪嘉澍,2023-12-19 14:40,纪嘉澍,2023-12-19 14:40
澳大利亚新南威尔士大学,澳大利亚新南威尔士大学,4102,,1785687944727673,纪嘉澍,2023-12-19 14:40,纪嘉澍,2023-12-19 14:40
福建理工大学,福建理工大学,4103,,1785687944724505,纪嘉澍,2023-12-19 14:40,纪嘉澍,2023-12-19 14:40
香港科技大学(广州),香港科技大学(广州),4104,,1785687944698921,纪嘉澍,2023-12-19 14:40,纪嘉澍,2023-12-19 14:40
